timestamp, clocks.current.sm [MHz], temperature.gpu, power.draw [W], utilization.gpu [%], utilization.memory [%]
2026/07/19 10:12:16.327, 2055 MHz, 54, 11.85 W, 0 %, 0 %
2026/07/19 10:12:16.531, 2055 MHz, 54, 11.85 W, 0 %, 0 %
2026/07/19 10:12:16.741, 2055 MHz, 54, 11.85 W, 0 %, 0 %
2026/07/19 10:12:16.945, 2055 MHz, 55, 13.18 W, 30 %, 4 %
2026/07/19 10:12:17.153, 2055 MHz, 55, 13.18 W, 30 %, 4 %
2026/07/19 10:12:17.360, 2055 MHz, 55, 16.61 W, 33 %, 6 %
2026/07/19 10:12:17.571, 2055 MHz, 55, 16.61 W, 33 %, 6 %
2026/07/19 10:12:17.778, 2055 MHz, 55, 16.64 W, 28 %, 5 %
2026/07/19 10:12:17.989, 2055 MHz, 55, 16.64 W, 28 %, 5 %
2026/07/19 10:12:18.207, 2055 MHz, 55, 16.64 W, 28 %, 5 %
2026/07/19 10:12:18.408, 2055 MHz, 56, 18.05 W, 39 %, 9 %
2026/07/19 10:12:18.619, 2055 MHz, 56, 18.05 W, 39 %, 9 %
2026/07/19 10:12:18.823, 2115 MHz, 56, 18.53 W, 14 %, 4 %
2026/07/19 10:12:19.024, 2115 MHz, 56, 18.53 W, 14 %, 4 %
2026/07/19 10:12:19.228, 2115 MHz, 56, 18.53 W, 14 %, 4 %
2026/07/19 10:12:19.430, 2115 MHz, 56, 18.23 W, 26 %, 8 %
2026/07/19 10:12:19.645, 2115 MHz, 56, 18.23 W, 26 %, 8 %
2026/07/19 10:12:19.847, 2115 MHz, 57, 19.00 W, 40 %, 14 %
2026/07/19 10:12:20.060, 2115 MHz, 57, 19.00 W, 40 %, 14 %
2026/07/19 10:12:20.275, 2115 MHz, 57, 19.00 W, 40 %, 14 %
2026/07/19 10:12:20.479, 2115 MHz, 56, 14.14 W, 0 %, 0 %
2026/07/19 10:12:20.686, 2115 MHz, 56, 14.14 W, 0 %, 0 %
2026/07/19 10:12:20.888, 2055 MHz, 57, 18.60 W, 33 %, 5 %
2026/07/19 10:12:21.103, 2055 MHz, 57, 18.60 W, 33 %, 5 %
2026/07/19 10:12:21.313, 2055 MHz, 58, 20.12 W, 41 %, 8 %
2026/07/19 10:12:21.526, 2055 MHz, 58, 20.12 W, 41 %, 8 %
2026/07/19 10:12:21.738, 2055 MHz, 58, 20.12 W, 41 %, 8 %
2026/07/19 10:12:21.950, 2055 MHz, 57, 19.03 W, 40 %, 7 %
2026/07/19 10:12:22.155, 2055 MHz, 57, 19.03 W, 40 %, 7 %
2026/07/19 10:12:22.356, 2700 MHz, 60, 22.82 W, 68 %, 12 %
2026/07/19 10:12:22.558, 2700 MHz, 60, 22.82 W, 68 %, 12 %
2026/07/19 10:12:22.770, 2700 MHz, 60, 22.82 W, 68 %, 12 %
2026/07/19 10:12:22.985, 2700 MHz, 59, 28.35 W, 41 %, 3 %
2026/07/19 10:12:23.193, 2700 MHz, 59, 28.35 W, 41 %, 3 %
2026/07/19 10:12:23.396, 2700 MHz, 60, 31.17 W, 47 %, 6 %
2026/07/19 10:12:23.602, 2700 MHz, 60, 31.17 W, 47 %, 6 %
2026/07/19 10:12:23.814, 2700 MHz, 60, 30.63 W, 62 %, 11 %
2026/07/19 10:12:24.025, 2700 MHz, 60, 30.63 W, 62 %, 11 %
2026/07/19 10:12:24.227, 2700 MHz, 60, 30.63 W, 62 %, 11 %
2026/07/19 10:12:24.431, 2700 MHz, 59, 29.84 W, 75 %, 10 %
2026/07/19 10:12:24.644, 2700 MHz, 59, 29.84 W, 75 %, 10 %
2026/07/19 10:12:24.857, 2700 MHz, 60, 29.09 W, 58 %, 3 %
2026/07/19 10:12:25.071, 2700 MHz, 60, 29.09 W, 58 %, 3 %
2026/07/19 10:12:25.275, 2700 MHz, 60, 29.09 W, 58 %, 3 %
2026/07/19 10:12:25.479, 2700 MHz, 60, 31.46 W, 72 %, 5 %
2026/07/19 10:12:25.681, 2700 MHz, 60, 31.46 W, 72 %, 5 %
2026/07/19 10:12:25.890, 2700 MHz, 61, 31.65 W, 85 %, 8 %
2026/07/19 10:12:26.094, 2700 MHz, 61, 31.65 W, 85 %, 8 %
2026/07/19 10:12:26.295, 2700 MHz, 61, 31.29 W, 74 %, 10 %
2026/07/19 10:12:26.505, 2700 MHz, 61, 31.29 W, 74 %, 10 %
2026/07/19 10:12:26.706, 2700 MHz, 61, 31.29 W, 74 %, 10 %
2026/07/19 10:12:26.908, 2700 MHz, 60, 31.47 W, 86 %, 4 %
2026/07/19 10:12:27.109, 2700 MHz, 60, 31.47 W, 86 %, 4 %
2026/07/19 10:12:27.324, 2700 MHz, 61, 32.06 W, 98 %, 9 %
2026/07/19 10:12:27.526, 2700 MHz, 61, 32.06 W, 98 %, 9 %
2026/07/19 10:12:27.729, 2700 MHz, 61, 32.06 W, 98 %, 9 %
2026/07/19 10:12:27.931, 2700 MHz, 61, 32.18 W, 82 %, 8 %
2026/07/19 10:12:28.135, 2700 MHz, 61, 32.18 W, 82 %, 8 %
2026/07/19 10:12:28.337, 2700 MHz, 61, 32.12 W, 78 %, 3 %
2026/07/19 10:12:28.538, 2700 MHz, 61, 32.12 W, 78 %, 3 %
2026/07/19 10:12:28.741, 2700 MHz, 61, 32.12 W, 78 %, 3 %
2026/07/19 10:12:28.941, 2700 MHz, 61, 29.22 W, 84 %, 3 %
2026/07/19 10:12:29.157, 2700 MHz, 61, 29.22 W, 84 %, 3 %
2026/07/19 10:12:29.365, 2700 MHz, 61, 32.66 W, 98 %, 5 %
2026/07/19 10:12:29.569, 2700 MHz, 61, 32.66 W, 98 %, 5 %
2026/07/19 10:12:29.773, 2700 MHz, 61, 32.66 W, 98 %, 5 %
2026/07/19 10:12:29.980, 2700 MHz, 61, 32.52 W, 91 %, 9 %
2026/07/19 10:12:30.193, 2700 MHz, 61, 32.52 W, 91 %, 9 %
2026/07/19 10:12:30.394, 2700 MHz, 61, 31.30 W, 86 %, 7 %
2026/07/19 10:12:30.595, 2700 MHz, 61, 31.30 W, 86 %, 7 %
2026/07/19 10:12:30.799, 2700 MHz, 64, 31.21 W, 93 %, 5 %
2026/07/19 10:12:31.003, 2700 MHz, 64, 31.21 W, 93 %, 5 %
2026/07/19 10:12:31.204, 2700 MHz, 64, 31.21 W, 93 %, 5 %
2026/07/19 10:12:31.406, 2685 MHz, 66, 54.81 W, 97 %, 25 %
2026/07/19 10:12:31.607, 2685 MHz, 66, 54.81 W, 97 %, 25 %
2026/07/19 10:12:31.818, 2685 MHz, 64, 48.33 W, 96 %, 20 %
2026/07/19 10:12:32.018, 2685 MHz, 64, 48.33 W, 96 %, 20 %
2026/07/19 10:12:32.221, 2685 MHz, 64, 48.33 W, 96 %, 20 %
2026/07/19 10:12:32.422, 2685 MHz, 64, 43.60 W, 98 %, 15 %
2026/07/19 10:12:32.627, 2685 MHz, 64, 43.60 W, 98 %, 15 %
2026/07/19 10:12:32.829, 2685 MHz, 63, 38.99 W, 98 %, 10 %
2026/07/19 10:12:33.032, 2685 MHz, 63, 38.99 W, 98 %, 10 %
2026/07/19 10:12:33.236, 2685 MHz, 63, 38.99 W, 98 %, 10 %
2026/07/19 10:12:33.448, 2685 MHz, 64, 38.03 W, 98 %, 12 %
2026/07/19 10:12:33.649, 2685 MHz, 64, 38.03 W, 98 %, 12 %
2026/07/19 10:12:33.850, 2685 MHz, 64, 35.03 W, 98 %, 9 %
2026/07/19 10:12:34.052, 2685 MHz, 64, 35.03 W, 98 %, 9 %
2026/07/19 10:12:34.267, 2685 MHz, 64, 35.03 W, 98 %, 9 %
2026/07/19 10:12:34.468, 2685 MHz, 63, 30.51 W, 98 %, 10 %
2026/07/19 10:12:34.679, 2685 MHz, 63, 30.51 W, 98 %, 10 %
2026/07/19 10:12:34.881, 2685 MHz, 63, 34.25 W, 98 %, 8 %
2026/07/19 10:12:35.084, 2685 MHz, 63, 34.25 W, 98 %, 8 %
2026/07/19 10:12:35.288, 2685 MHz, 64, 34.49 W, 99 %, 5 %
2026/07/19 10:12:35.502, 2685 MHz, 64, 34.49 W, 99 %, 5 %
2026/07/19 10:12:35.704, 2685 MHz, 64, 34.49 W, 99 %, 5 %
2026/07/19 10:12:35.909, 2685 MHz, 64, 34.49 W, 98 %, 5 %
2026/07/19 10:12:36.110, 2685 MHz, 64, 34.49 W, 98 %, 5 %
2026/07/19 10:12:36.325, 2685 MHz, 63, 34.44 W, 98 %, 9 %
2026/07/19 10:12:36.537, 2685 MHz, 63, 34.44 W, 98 %, 9 %
2026/07/19 10:12:36.743, 2685 MHz, 63, 34.44 W, 98 %, 9 %
2026/07/19 10:12:36.948, 2685 MHz, 63, 35.19 W, 98 %, 9 %
2026/07/19 10:12:37.161, 2685 MHz, 63, 35.19 W, 98 %, 9 %
2026/07/19 10:12:37.375, 2685 MHz, 63, 34.48 W, 97 %, 9 %
2026/07/19 10:12:37.578, 2685 MHz, 63, 34.48 W, 97 %, 9 %
2026/07/19 10:12:37.783, 2685 MHz, 63, 34.07 W, 98 %, 9 %
2026/07/19 10:12:37.983, 2685 MHz, 63, 34.07 W, 98 %, 9 %
2026/07/19 10:12:38.186, 2685 MHz, 63, 34.07 W, 98 %, 9 %
2026/07/19 10:12:38.388, 2550 MHz, 68, 38.58 W, 94 %, 43 %
2026/07/19 10:12:38.592, 2550 MHz, 68, 38.58 W, 94 %, 43 %
2026/07/19 10:12:38.793, 2685 MHz, 67, 47.51 W, 97 %, 18 %
2026/07/19 10:12:38.994, 2685 MHz, 67, 47.51 W, 97 %, 18 %
2026/07/19 10:12:39.202, 2685 MHz, 67, 47.51 W, 97 %, 18 %
2026/07/19 10:12:39.404, 2685 MHz, 66, 43.85 W, 98 %, 15 %
2026/07/19 10:12:39.607, 2685 MHz, 66, 43.85 W, 98 %, 15 %
2026/07/19 10:12:39.808, 2685 MHz, 65, 38.18 W, 97 %, 11 %
2026/07/19 10:12:40.023, 2685 MHz, 65, 38.18 W, 97 %, 11 %
2026/07/19 10:12:40.236, 2685 MHz, 65, 38.18 W, 97 %, 11 %
2026/07/19 10:12:40.441, 2685 MHz, 65, 37.61 W, 98 %, 8 %
2026/07/19 10:12:40.643, 2685 MHz, 65, 37.61 W, 98 %, 8 %
2026/07/19 10:12:40.846, 2685 MHz, 64, 38.07 W, 98 %, 11 %
2026/07/19 10:12:41.047, 2685 MHz, 64, 38.07 W, 98 %, 11 %
2026/07/19 10:12:41.247, 2685 MHz, 64, 38.07 W, 98 %, 11 %
2026/07/19 10:12:41.449, 2685 MHz, 65, 33.29 W, 98 %, 6 %
2026/07/19 10:12:41.652, 2685 MHz, 65, 33.29 W, 98 %, 6 %
2026/07/19 10:12:41.854, 2685 MHz, 64, 35.79 W, 98 %, 8 %
2026/07/19 10:12:42.056, 2685 MHz, 64, 35.79 W, 98 %, 8 %
2026/07/19 10:12:42.259, 2685 MHz, 64, 35.79 W, 98 %, 8 %
2026/07/19 10:12:42.471, 2685 MHz, 65, 34.68 W, 98 %, 4 %
2026/07/19 10:12:42.676, 2685 MHz, 65, 34.68 W, 98 %, 4 %
2026/07/19 10:12:42.878, 2685 MHz, 64, 34.59 W, 98 %, 6 %
2026/07/19 10:12:43.089, 2685 MHz, 64, 34.59 W, 98 %, 6 %
2026/07/19 10:12:43.299, 2685 MHz, 64, 34.72 W, 98 %, 9 %
2026/07/19 10:12:43.503, 2685 MHz, 64, 34.72 W, 98 %, 9 %
2026/07/19 10:12:43.706, 2685 MHz, 64, 34.72 W, 98 %, 9 %
2026/07/19 10:12:43.909, 2685 MHz, 64, 34.68 W, 98 %, 9 %
2026/07/19 10:12:44.112, 2685 MHz, 64, 34.68 W, 98 %, 9 %
2026/07/19 10:12:44.316, 2685 MHz, 64, 34.65 W, 98 %, 9 %
2026/07/19 10:12:44.517, 2685 MHz, 64, 34.65 W, 98 %, 9 %
2026/07/19 10:12:44.724, 2685 MHz, 64, 34.65 W, 98 %, 9 %
2026/07/19 10:12:44.929, 2685 MHz, 64, 34.44 W, 97 %, 8 %
2026/07/19 10:12:45.134, 2685 MHz, 64, 34.44 W, 97 %, 8 %
2026/07/19 10:12:45.348, 2685 MHz, 64, 34.32 W, 98 %, 9 %
2026/07/19 10:12:45.551, 2685 MHz, 64, 34.32 W, 98 %, 9 %
2026/07/19 10:12:45.753, 2685 MHz, 64, 34.32 W, 98 %, 9 %
2026/07/19 10:12:45.966, 2535 MHz, 67, 43.48 W, 95 %, 39 %
2026/07/19 10:12:46.170, 2535 MHz, 67, 43.48 W, 95 %, 39 %
2026/07/19 10:12:46.374, 2685 MHz, 67, 48.44 W, 97 %, 14 %
2026/07/19 10:12:46.576, 2685 MHz, 67, 48.44 W, 97 %, 14 %
2026/07/19 10:12:46.779, 2685 MHz, 67, 48.44 W, 97 %, 14 %
2026/07/19 10:12:46.984, 2685 MHz, 66, 46.00 W, 98 %, 14 %
2026/07/19 10:12:47.186, 2685 MHz, 66, 46.00 W, 98 %, 14 %
2026/07/19 10:12:47.390, 2685 MHz, 66, 41.76 W, 97 %, 13 %
2026/07/19 10:12:47.591, 2685 MHz, 66, 41.76 W, 97 %, 13 %
2026/07/19 10:12:47.798, 2685 MHz, 65, 39.07 W, 97 %, 10 %
2026/07/19 10:12:48.012, 2685 MHz, 65, 39.07 W, 97 %, 10 %
2026/07/19 10:12:48.215, 2685 MHz, 65, 39.07 W, 97 %, 10 %
2026/07/19 10:12:48.430, 2685 MHz, 65, 37.76 W, 98 %, 9 %
2026/07/19 10:12:48.640, 2685 MHz, 65, 37.76 W, 98 %, 9 %
2026/07/19 10:12:48.843, 2685 MHz, 66, 37.04 W, 98 %, 10 %
2026/07/19 10:12:49.043, 2685 MHz, 66, 37.04 W, 98 %, 10 %
2026/07/19 10:12:49.249, 2685 MHz, 66, 37.04 W, 98 %, 10 %
2026/07/19 10:12:49.460, 2685 MHz, 65, 36.02 W, 98 %, 8 %
2026/07/19 10:12:49.675, 2685 MHz, 65, 36.02 W, 98 %, 8 %
2026/07/19 10:12:49.875, 2685 MHz, 66, 36.26 W, 98 %, 7 %
2026/07/19 10:12:50.078, 2685 MHz, 66, 36.26 W, 98 %, 7 %
2026/07/19 10:12:50.282, 2685 MHz, 66, 34.78 W, 98 %, 9 %
2026/07/19 10:12:50.495, 2685 MHz, 66, 34.78 W, 98 %, 9 %
2026/07/19 10:12:50.696, 2685 MHz, 66, 34.78 W, 98 %, 9 %
2026/07/19 10:12:50.898, 2685 MHz, 65, 35.68 W, 97 %, 10 %
2026/07/19 10:12:51.103, 2685 MHz, 65, 35.68 W, 97 %, 10 %
2026/07/19 10:12:51.304, 2685 MHz, 65, 34.64 W, 98 %, 9 %
2026/07/19 10:12:51.516, 2685 MHz, 65, 34.64 W, 98 %, 9 %
2026/07/19 10:12:51.720, 2685 MHz, 65, 34.64 W, 98 %, 9 %
2026/07/19 10:12:51.935, 2685 MHz, 66, 34.59 W, 98 %, 10 %
2026/07/19 10:12:52.135, 2685 MHz, 66, 34.59 W, 98 %, 10 %
2026/07/19 10:12:52.337, 2685 MHz, 65, 34.76 W, 98 %, 9 %
2026/07/19 10:12:52.542, 2685 MHz, 65, 34.76 W, 98 %, 9 %
2026/07/19 10:12:52.744, 2685 MHz, 65, 34.76 W, 98 %, 9 %
2026/07/19 10:12:52.945, 2685 MHz, 69, 42.98 W, 93 %, 18 %
2026/07/19 10:12:53.146, 2685 MHz, 69, 42.98 W, 93 %, 18 %
2026/07/19 10:12:53.349, 2685 MHz, 69, 51.22 W, 91 %, 23 %
2026/07/19 10:12:53.549, 2685 MHz, 69, 51.22 W, 91 %, 23 %
2026/07/19 10:12:53.751, 2685 MHz, 69, 51.22 W, 91 %, 23 %
2026/07/19 10:12:53.954, 2685 MHz, 67, 39.39 W, 94 %, 19 %
2026/07/19 10:12:54.156, 2685 MHz, 67, 39.39 W, 94 %, 19 %
2026/07/19 10:12:54.359, 2685 MHz, 68, 42.11 W, 96 %, 15 %
2026/07/19 10:12:54.564, 2685 MHz, 68, 42.11 W, 96 %, 15 %
2026/07/19 10:12:54.773, 2685 MHz, 68, 42.11 W, 96 %, 15 %
2026/07/19 10:12:54.982, 2685 MHz, 67, 38.16 W, 96 %, 10 %
2026/07/19 10:12:55.186, 2685 MHz, 67, 38.16 W, 96 %, 10 %
2026/07/19 10:12:55.400, 2685 MHz, 67, 37.47 W, 95 %, 12 %
2026/07/19 10:12:55.601, 2685 MHz, 67, 37.47 W, 95 %, 12 %
2026/07/19 10:12:55.803, 2685 MHz, 66, 37.54 W, 96 %, 9 %
2026/07/19 10:12:56.005, 2685 MHz, 66, 37.54 W, 96 %, 9 %
2026/07/19 10:12:56.209, 2685 MHz, 66, 37.54 W, 96 %, 9 %
2026/07/19 10:12:56.418, 2685 MHz, 67, 37.19 W, 96 %, 10 %
2026/07/19 10:12:56.619, 2685 MHz, 67, 37.19 W, 96 %, 10 %
2026/07/19 10:12:56.820, 2685 MHz, 66, 35.38 W, 96 %, 10 %
2026/07/19 10:12:57.030, 2685 MHz, 66, 35.38 W, 96 %, 10 %
2026/07/19 10:12:57.233, 2685 MHz, 66, 35.38 W, 96 %, 10 %
2026/07/19 10:12:57.434, 2685 MHz, 66, 35.32 W, 96 %, 8 %
2026/07/19 10:12:57.637, 2685 MHz, 66, 35.32 W, 96 %, 8 %
2026/07/19 10:12:57.840, 2685 MHz, 66, 36.03 W, 97 %, 8 %
2026/07/19 10:12:58.045, 2685 MHz, 66, 36.03 W, 97 %, 8 %
2026/07/19 10:12:58.255, 2685 MHz, 66, 36.03 W, 97 %, 8 %
2026/07/19 10:12:58.457, 2685 MHz, 67, 32.80 W, 98 %, 4 %
2026/07/19 10:12:58.658, 2685 MHz, 67, 32.80 W, 98 %, 4 %
2026/07/19 10:12:58.859, 2685 MHz, 66, 33.76 W, 97 %, 3 %
2026/07/19 10:12:59.071, 2685 MHz, 66, 33.76 W, 97 %, 3 %
2026/07/19 10:12:59.276, 2685 MHz, 66, 33.76 W, 97 %, 3 %
2026/07/19 10:12:59.482, 2685 MHz, 67, 34.15 W, 97 %, 8 %
2026/07/19 10:12:59.683, 2685 MHz, 67, 34.15 W, 97 %, 8 %
2026/07/19 10:12:59.884, 2685 MHz, 66, 34.46 W, 98 %, 4 %
2026/07/19 10:13:00.086, 2685 MHz, 66, 34.46 W, 98 %, 4 %
2026/07/19 10:13:00.299, 2685 MHz, 65, 33.89 W, 10 %, 3 %
2026/07/19 10:13:00.501, 2685 MHz, 65, 33.89 W, 10 %, 3 %
2026/07/19 10:13:00.702, 2685 MHz, 65, 33.89 W, 10 %, 3 %
2026/07/19 10:13:00.903, 2685 MHz, 64, 28.06 W, 0 %, 0 %
2026/07/19 10:13:01.118, 2685 MHz, 64, 28.06 W, 0 %, 0 %
2026/07/19 10:13:01.322, 2685 MHz, 64, 20.80 W, 0 %, 0 %
2026/07/19 10:13:01.533, 2685 MHz, 64, 20.80 W, 0 %, 0 %
2026/07/19 10:13:01.741, 2685 MHz, 64, 20.80 W, 0 %, 0 %
2026/07/19 10:13:01.956, 2685 MHz, 64, 18.66 W, 0 %, 0 %
2026/07/19 10:13:02.158, 2055 MHz, 48, 1.20 W, 0 %, 0 %
2026/07/19 10:13:02.849, 2055 MHz, 62, 12.27 W, 0 %, 0 %
2026/07/19 10:13:03.051, 2055 MHz, 62, 12.27 W, 0 %, 0 %
2026/07/19 10:13:03.264, 2055 MHz, 63, 13.10 W, 0 %, 0 %
2026/07/19 10:13:03.477, 2055 MHz, 63, 13.10 W, 0 %, 0 %
2026/07/19 10:13:03.678, 2055 MHz, 63, 13.10 W, 0 %, 0 %
2026/07/19 10:13:03.891, 2055 MHz, 63, 13.00 W, 0 %, 0 %
2026/07/19 10:13:04.093, 2055 MHz, 63, 13.00 W, 0 %, 0 %
2026/07/19 10:13:04.295, 2055 MHz, 63, 13.05 W, 0 %, 0 %
2026/07/19 10:13:04.509, 2055 MHz, 63, 13.05 W, 0 %, 0 %
2026/07/19 10:13:04.711, 2055 MHz, 63, 13.05 W, 0 %, 0 %
2026/07/19 10:13:04.915, 2055 MHz, 62, 13.18 W, 0 %, 0 %
2026/07/19 10:13:05.120, 2055 MHz, 62, 13.18 W, 0 %, 0 %
2026/07/19 10:13:05.324, 2055 MHz, 62, 12.99 W, 0 %, 0 %
2026/07/19 10:13:05.529, 2055 MHz, 62, 12.99 W, 0 %, 0 %
2026/07/19 10:13:05.733, 2055 MHz, 62, 13.12 W, 0 %, 0 %
2026/07/19 10:13:05.936, 2055 MHz, 62, 13.12 W, 0 %, 0 %
2026/07/19 10:13:06.147, 2055 MHz, 62, 13.12 W, 0 %, 0 %
2026/07/19 10:13:06.347, 2055 MHz, 62, 13.26 W, 0 %, 0 %
2026/07/19 10:13:06.555, 2055 MHz, 62, 13.26 W, 0 %, 0 %
2026/07/19 10:13:06.758, 2055 MHz, 62, 13.06 W, 0 %, 0 %
2026/07/19 10:13:06.973, 2055 MHz, 62, 13.06 W, 0 %, 0 %
2026/07/19 10:13:07.173, 2055 MHz, 62, 13.06 W, 0 %, 0 %
2026/07/19 10:13:07.378, 2055 MHz, 48, 1.20 W, 0 %, 0 %
2026/07/19 10:13:08.068, 2055 MHz, 62, 10.68 W, 0 %, 0 %
2026/07/19 10:13:08.280, 2055 MHz, 62, 10.68 W, 0 %, 0 %
2026/07/19 10:13:08.483, 2055 MHz, 62, 13.08 W, 0 %, 0 %
2026/07/19 10:13:08.697, 2055 MHz, 62, 13.08 W, 0 %, 0 %
2026/07/19 10:13:08.899, 2055 MHz, 48, 1.20 W, 0 %, 0 %
2026/07/19 10:13:09.541, 2055 MHz, 62, 12.11 W, 0 %, 0 %
2026/07/19 10:13:09.744, 2055 MHz, 48, 1.20 W, 0 %, 0 %
2026/07/19 10:13:10.399, 2055 MHz, 62, 10.66 W, 0 %, 0 %
2026/07/19 10:13:10.602, 2055 MHz, 62, 10.66 W, 0 %, 0 %
2026/07/19 10:13:10.805, 2055 MHz, 62, 12.91 W, 0 %, 0 %
2026/07/19 10:13:11.009, 2055 MHz, 62, 12.91 W, 0 %, 0 %
2026/07/19 10:13:11.210, 2055 MHz, 62, 12.91 W, 0 %, 0 %
2026/07/19 10:13:11.417, 2055 MHz, 62, 12.93 W, 0 %, 0 %
2026/07/19 10:13:11.628, 2055 MHz, 62, 12.93 W, 0 %, 0 %
2026/07/19 10:13:11.831, 2055 MHz, 62, 12.93 W, 0 %, 0 %
2026/07/19 10:13:12.035, 2055 MHz, 62, 12.93 W, 0 %, 0 %
2026/07/19 10:13:12.241, 2055 MHz, 62, 12.93 W, 0 %, 0 %
2026/07/19 10:13:12.456, 2055 MHz, 62, 14.21 W, 0 %, 0 %
2026/07/19 10:13:12.659, 2055 MHz, 62, 14.21 W, 0 %, 0 %
2026/07/19 10:13:12.860, 2055 MHz, 62, 13.04 W, 0 %, 0 %
2026/07/19 10:13:13.062, 2055 MHz, 62, 13.04 W, 0 %, 0 %
2026/07/19 10:13:13.268, 2055 MHz, 62, 13.04 W, 0 %, 0 %
2026/07/19 10:13:13.473, 2055 MHz, 62, 12.99 W, 0 %, 0 %
2026/07/19 10:13:13.675, 2055 MHz, 62, 12.99 W, 0 %, 0 %
2026/07/19 10:13:13.883, 2055 MHz, 62, 13.06 W, 0 %, 0 %
2026/07/19 10:13:14.083, 2055 MHz, 62, 13.06 W, 0 %, 0 %
2026/07/19 10:13:14.287, 2055 MHz, 62, 13.03 W, 0 %, 0 %
2026/07/19 10:13:14.490, 2055 MHz, 62, 13.03 W, 0 %, 0 %
2026/07/19 10:13:14.693, 2055 MHz, 62, 13.03 W, 0 %, 0 %
2026/07/19 10:13:14.895, 2055 MHz, 62, 13.00 W, 0 %, 0 %
2026/07/19 10:13:15.099, 2055 MHz, 62, 13.00 W, 0 %, 0 %
2026/07/19 10:13:15.302, 2055 MHz, 62, 13.01 W, 0 %, 0 %
2026/07/19 10:13:15.516, 2055 MHz, 62, 13.01 W, 0 %, 0 %
2026/07/19 10:13:15.726, 2055 MHz, 62, 13.01 W, 0 %, 0 %
2026/07/19 10:13:15.935, 2055 MHz, 62, 14.10 W, 0 %, 0 %
2026/07/19 10:13:16.147, 2055 MHz, 62, 14.10 W, 0 %, 0 %
2026/07/19 10:13:16.353, 1380 MHz, 48, 590.01 W, 0 %, 0 %
2026/07/19 10:13:16.993, 2055 MHz, 62, 12.20 W, 0 %, 0 %
2026/07/19 10:13:17.205, 2055 MHz, 62, 12.20 W, 0 %, 0 %
2026/07/19 10:13:17.411, 2055 MHz, 62, 13.01 W, 0 %, 0 %
2026/07/19 10:13:17.619, 2055 MHz, 62, 13.01 W, 0 %, 0 %
2026/07/19 10:13:17.825, 2055 MHz, 62, 13.01 W, 0 %, 0 %
2026/07/19 10:13:18.030, 2055 MHz, 62, 13.03 W, 0 %, 0 %
2026/07/19 10:13:18.235, 2055 MHz, 62, 13.03 W, 0 %, 0 %
2026/07/19 10:13:18.448, 2055 MHz, 62, 13.03 W, 0 %, 0 %
2026/07/19 10:13:18.657, 2055 MHz, 62, 13.03 W, 0 %, 0 %
2026/07/19 10:13:18.859, 2055 MHz, 62, 13.03 W, 0 %, 0 %
2026/07/19 10:13:19.063, 2055 MHz, 62, 13.03 W, 0 %, 0 %
2026/07/19 10:13:19.268, 2055 MHz, 62, 13.03 W, 0 %, 0 %
2026/07/19 10:13:19.482, 2055 MHz, 62, 13.11 W, 0 %, 0 %
2026/07/19 10:13:19.695, 2055 MHz, 62, 13.11 W, 0 %, 0 %
2026/07/19 10:13:19.899, 2055 MHz, 62, 13.10 W, 0 %, 0 %
2026/07/19 10:13:20.105, 2055 MHz, 62, 13.10 W, 0 %, 0 %
2026/07/19 10:13:20.313, 2055 MHz, 62, 13.10 W, 0 %, 0 %
2026/07/19 10:13:20.516, 2055 MHz, 62, 13.02 W, 0 %, 0 %
2026/07/19 10:13:20.720, 2055 MHz, 62, 13.02 W, 0 %, 0 %
2026/07/19 10:13:20.922, 2055 MHz, 62, 12.99 W, 0 %, 0 %
2026/07/19 10:13:21.130, 2055 MHz, 62, 12.99 W, 0 %, 0 %
2026/07/19 10:13:21.332, 2055 MHz, 62, 12.99 W, 0 %, 0 %
2026/07/19 10:13:21.535, 2055 MHz, 62, 13.01 W, 0 %, 0 %
2026/07/19 10:13:21.737, 2055 MHz, 62, 13.01 W, 0 %, 0 %
2026/07/19 10:13:21.946, 2055 MHz, 62, 13.03 W, 0 %, 0 %
2026/07/19 10:13:22.151, 2055 MHz, 62, 13.03 W, 0 %, 0 %
2026/07/19 10:13:22.353, 2055 MHz, 62, 13.02 W, 0 %, 0 %
2026/07/19 10:13:22.564, 2055 MHz, 62, 13.02 W, 0 %, 0 %
2026/07/19 10:13:22.766, 2055 MHz, 62, 13.02 W, 0 %, 0 %
2026/07/19 10:13:22.976, 2055 MHz, 62, 13.01 W, 0 %, 0 %
2026/07/19 10:13:23.179, 2055 MHz, 62, 13.01 W, 0 %, 0 %
2026/07/19 10:13:23.381, 2055 MHz, 62, 13.01 W, 0 %, 0 %
2026/07/19 10:13:23.585, 2055 MHz, 62, 13.01 W, 0 %, 0 %
2026/07/19 10:13:23.787, 2055 MHz, 62, 13.01 W, 0 %, 0 %
2026/07/19 10:13:24.002, 2055 MHz, 62, 13.03 W, 0 %, 0 %
2026/07/19 10:13:24.203, 2055 MHz, 62, 13.03 W, 0 %, 0 %
2026/07/19 10:13:24.409, 2055 MHz, 62, 13.04 W, 0 %, 0 %
2026/07/19 10:13:24.610, 2055 MHz, 62, 13.04 W, 0 %, 0 %
2026/07/19 10:13:24.815, 2055 MHz, 48, 1.20 W, 0 %, 0 %
2026/07/19 10:13:25.529, 2055 MHz, 62, 12.17 W, 0 %, 0 %
2026/07/19 10:13:25.730, 2055 MHz, 62, 12.17 W, 0 %, 0 %
2026/07/19 10:13:25.931, 2055 MHz, 63, 13.02 W, 0 %, 0 %
2026/07/19 10:13:26.134, 2055 MHz, 63, 13.02 W, 0 %, 0 %
2026/07/19 10:13:26.337, 2055 MHz, 63, 13.02 W, 0 %, 0 %
2026/07/19 10:13:26.540, 2055 MHz, 63, 13.04 W, 0 %, 0 %
2026/07/19 10:13:26.744, 2055 MHz, 63, 13.04 W, 0 %, 0 %
2026/07/19 10:13:26.947, 2055 MHz, 63, 13.05 W, 0 %, 0 %
2026/07/19 10:13:27.151, 2055 MHz, 63, 13.05 W, 0 %, 0 %
2026/07/19 10:13:27.354, 2055 MHz, 63, 13.05 W, 0 %, 0 %
2026/07/19 10:13:27.557, 2055 MHz, 63, 13.06 W, 0 %, 0 %
2026/07/19 10:13:27.760, 2055 MHz, 63, 13.06 W, 0 %, 0 %
2026/07/19 10:13:27.964, 2055 MHz, 63, 13.06 W, 0 %, 0 %
2026/07/19 10:13:28.165, 2055 MHz, 63, 13.06 W, 0 %, 0 %
2026/07/19 10:13:28.368, 2055 MHz, 63, 13.06 W, 0 %, 0 %
2026/07/19 10:13:28.570, 2055 MHz, 63, 13.05 W, 0 %, 0 %
2026/07/19 10:13:28.772, 2055 MHz, 63, 13.05 W, 0 %, 0 %
2026/07/19 10:13:28.975, 2055 MHz, 63, 13.07 W, 0 %, 0 %
2026/07/19 10:13:29.186, 2055 MHz, 63, 13.07 W, 0 %, 0 %
2026/07/19 10:13:29.397, 2055 MHz, 63, 13.07 W, 0 %, 0 %
2026/07/19 10:13:29.607, 2055 MHz, 63, 13.05 W, 0 %, 0 %
2026/07/19 10:13:29.808, 2055 MHz, 63, 13.05 W, 0 %, 0 %
2026/07/19 10:13:30.010, 2055 MHz, 63, 13.06 W, 0 %, 0 %
2026/07/19 10:13:30.217, 2055 MHz, 63, 13.06 W, 0 %, 0 %
2026/07/19 10:13:30.432, 2055 MHz, 63, 13.11 W, 0 %, 0 %
2026/07/19 10:13:30.636, 2055 MHz, 63, 13.11 W, 0 %, 0 %
2026/07/19 10:13:30.837, 2055 MHz, 63, 13.11 W, 0 %, 0 %
2026/07/19 10:13:31.039, 2055 MHz, 63, 13.04 W, 0 %, 0 %
2026/07/19 10:13:31.251, 2055 MHz, 63, 13.04 W, 0 %, 0 %
2026/07/19 10:13:31.451, 2055 MHz, 63, 13.03 W, 0 %, 0 %
2026/07/19 10:13:31.666, 2055 MHz, 63, 13.03 W, 0 %, 0 %
2026/07/19 10:13:31.867, 2055 MHz, 63, 13.03 W, 0 %, 0 %
2026/07/19 10:13:32.068, 2055 MHz, 63, 13.03 W, 0 %, 0 %
2026/07/19 10:13:32.271, 2055 MHz, 63, 13.03 W, 0 %, 0 %
2026/07/19 10:13:32.476, 2055 MHz, 63, 13.00 W, 0 %, 0 %
2026/07/19 10:13:32.687, 2055 MHz, 63, 13.00 W, 0 %, 0 %
2026/07/19 10:13:32.891, 2055 MHz, 63, 13.00 W, 0 %, 0 %
2026/07/19 10:13:33.092, 2055 MHz, 63, 13.11 W, 0 %, 0 %
2026/07/19 10:13:33.294, 2055 MHz, 63, 13.11 W, 0 %, 0 %
2026/07/19 10:13:33.500, 2055 MHz, 48, 1.20 W, 0 %, 0 %
2026/07/19 10:13:34.231, 2055 MHz, 62, 10.65 W, 0 %, 0 %
2026/07/19 10:13:34.433, 2055 MHz, 62, 10.65 W, 0 %, 0 %
2026/07/19 10:13:34.640, 2055 MHz, 62, 13.18 W, 0 %, 0 %
2026/07/19 10:13:34.843, 2055 MHz, 62, 13.18 W, 0 %, 0 %
2026/07/19 10:13:35.050, 2055 MHz, 62, 13.18 W, 0 %, 0 %
2026/07/19 10:13:35.252, 2055 MHz, 62, 13.07 W, 0 %, 0 %
2026/07/19 10:13:35.454, 2055 MHz, 62, 13.07 W, 0 %, 0 %
2026/07/19 10:13:35.655, 2055 MHz, 62, 13.13 W, 0 %, 0 %
2026/07/19 10:13:35.861, 2055 MHz, 62, 13.13 W, 0 %, 0 %
2026/07/19 10:13:36.076, 2055 MHz, 62, 13.13 W, 0 %, 0 %
2026/07/19 10:13:36.282, 2055 MHz, 62, 13.99 W, 0 %, 0 %
2026/07/19 10:13:36.486, 2055 MHz, 62, 13.99 W, 0 %, 0 %
2026/07/19 10:13:36.690, 2055 MHz, 62, 13.03 W, 0 %, 0 %
2026/07/19 10:13:36.905, 2055 MHz, 62, 13.03 W, 0 %, 0 %
2026/07/19 10:13:37.111, 2055 MHz, 62, 13.04 W, 0 %, 0 %
2026/07/19 10:13:37.319, 2055 MHz, 62, 13.04 W, 0 %, 0 %
2026/07/19 10:13:37.521, 2055 MHz, 62, 13.04 W, 0 %, 0 %
2026/07/19 10:13:37.725, 2055 MHz, 62, 13.02 W, 0 %, 0 %
2026/07/19 10:13:37.930, 2055 MHz, 62, 13.02 W, 0 %, 0 %
2026/07/19 10:13:38.139, 2055 MHz, 48, 1.20 W, 0 %, 0 %
2026/07/19 10:13:38.810, 2055 MHz, 62, 10.62 W, 0 %, 0 %
2026/07/19 10:13:39.012, 2055 MHz, 62, 10.62 W, 0 %, 0 %
2026/07/19 10:13:39.214, 2055 MHz, 62, 13.14 W, 0 %, 0 %
2026/07/19 10:13:39.416, 2055 MHz, 62, 13.14 W, 0 %, 0 %
2026/07/19 10:13:39.628, 2055 MHz, 62, 13.14 W, 0 %, 0 %
2026/07/19 10:13:39.832, 2055 MHz, 62, 13.01 W, 0 %, 0 %
2026/07/19 10:13:40.048, 2055 MHz, 62, 13.01 W, 0 %, 0 %
2026/07/19 10:13:40.254, 2055 MHz, 62, 13.00 W, 0 %, 0 %
2026/07/19 10:13:40.458, 2055 MHz, 62, 13.00 W, 0 %, 0 %
2026/07/19 10:13:40.660, 2055 MHz, 62, 13.00 W, 0 %, 0 %
2026/07/19 10:13:40.869, 2055 MHz, 62, 13.02 W, 0 %, 0 %
2026/07/19 10:13:41.073, 2055 MHz, 62, 13.02 W, 0 %, 0 %
2026/07/19 10:13:41.277, 2055 MHz, 62, 13.06 W, 0 %, 0 %
2026/07/19 10:13:41.483, 2055 MHz, 62, 13.06 W, 0 %, 0 %
2026/07/19 10:13:41.685, 2055 MHz, 62, 13.16 W, 0 %, 0 %
2026/07/19 10:13:41.889, 2055 MHz, 62, 13.16 W, 0 %, 0 %
2026/07/19 10:13:42.092, 2055 MHz, 48, 1.20 W, 0 %, 0 %
2026/07/19 10:13:42.714, 2055 MHz, 62, 10.65 W, 0 %, 0 %
2026/07/19 10:13:42.921, 2055 MHz, 62, 10.65 W, 0 %, 0 %
2026/07/19 10:13:43.126, 2055 MHz, 62, 13.02 W, 0 %, 0 %
2026/07/19 10:13:43.340, 2055 MHz, 62, 13.02 W, 0 %, 0 %
2026/07/19 10:13:43.555, 2055 MHz, 62, 13.02 W, 0 %, 0 %
2026/07/19 10:13:43.758, 2055 MHz, 62, 13.02 W, 0 %, 0 %
2026/07/19 10:13:43.961, 2055 MHz, 62, 13.02 W, 0 %, 0 %
2026/07/19 10:13:44.164, 2055 MHz, 62, 13.04 W, 0 %, 0 %
2026/07/19 10:13:44.366, 2055 MHz, 62, 13.04 W, 0 %, 0 %
2026/07/19 10:13:44.567, 2055 MHz, 62, 13.04 W, 0 %, 0 %
2026/07/19 10:13:44.770, 2055 MHz, 62, 12.99 W, 0 %, 0 %
2026/07/19 10:13:44.983, 2055 MHz, 62, 12.99 W, 0 %, 0 %
2026/07/19 10:13:45.198, 2055 MHz, 62, 13.01 W, 0 %, 0 %
2026/07/19 10:13:45.401, 2055 MHz, 62, 13.01 W, 0 %, 0 %
2026/07/19 10:13:45.602, 2055 MHz, 62, 13.03 W, 0 %, 0 %
2026/07/19 10:13:45.813, 2055 MHz, 62, 13.03 W, 0 %, 0 %
2026/07/19 10:13:46.025, 2055 MHz, 62, 13.03 W, 0 %, 0 %
2026/07/19 10:13:46.237, 2055 MHz, 62, 13.00 W, 0 %, 0 %
2026/07/19 10:13:46.439, 2055 MHz, 62, 13.00 W, 0 %, 0 %
2026/07/19 10:13:46.654, 2055 MHz, 62, 13.00 W, 0 %, 0 %
2026/07/19 10:13:46.868, 2055 MHz, 62, 13.00 W, 0 %, 0 %
2026/07/19 10:13:47.070, 2055 MHz, 62, 13.00 W, 0 %, 0 %
2026/07/19 10:13:47.286, 2055 MHz, 62, 13.01 W, 0 %, 0 %
2026/07/19 10:13:47.488, 2055 MHz, 62, 13.01 W, 0 %, 0 %
2026/07/19 10:13:47.690, 2055 MHz, 62, 13.04 W, 0 %, 0 %
2026/07/19 10:13:47.892, 2055 MHz, 62, 13.04 W, 0 %, 0 %
2026/07/19 10:13:48.092, 2055 MHz, 62, 13.04 W, 0 %, 0 %
2026/07/19 10:13:48.299, 2055 MHz, 62, 13.05 W, 0 %, 0 %
2026/07/19 10:13:48.514, 2055 MHz, 62, 13.05 W, 0 %, 0 %
2026/07/19 10:13:48.721, 2055 MHz, 62, 13.06 W, 0 %, 0 %
2026/07/19 10:13:48.921, 2055 MHz, 62, 13.06 W, 0 %, 0 %
2026/07/19 10:13:49.124, 2055 MHz, 63, 13.11 W, 0 %, 0 %
2026/07/19 10:13:49.326, 2055 MHz, 63, 13.11 W, 0 %, 0 %
2026/07/19 10:13:49.529, 2055 MHz, 63, 13.11 W, 0 %, 0 %
2026/07/19 10:13:49.744, 2055 MHz, 62, 13.21 W, 0 %, 0 %
2026/07/19 10:13:49.949, 2055 MHz, 62, 13.21 W, 0 %, 0 %
2026/07/19 10:13:50.157, 2055 MHz, 62, 13.02 W, 0 %, 0 %
2026/07/19 10:13:50.358, 2055 MHz, 62, 13.02 W, 0 %, 0 %
2026/07/19 10:13:50.558, 2055 MHz, 62, 13.02 W, 0 %, 0 %
2026/07/19 10:13:50.760, 2055 MHz, 48, 1.20 W, 0 %, 0 %
2026/07/19 10:13:51.399, 2055 MHz, 62, 10.69 W, 0 %, 0 %
2026/07/19 10:13:51.614, 2055 MHz, 62, 10.69 W, 0 %, 0 %
2026/07/19 10:13:51.824, 2055 MHz, 62, 13.08 W, 0 %, 0 %
2026/07/19 10:13:52.026, 2055 MHz, 62, 13.08 W, 0 %, 0 %
2026/07/19 10:13:52.227, 2055 MHz, 62, 13.08 W, 0 %, 0 %
2026/07/19 10:13:52.435, 2055 MHz, 62, 13.08 W, 0 %, 0 %
2026/07/19 10:13:52.647, 2055 MHz, 62, 13.08 W, 0 %, 0 %
2026/07/19 10:13:52.862, 2055 MHz, 48, 1.20 W, 0 %, 0 %
2026/07/19 10:13:53.494, 2055 MHz, 62, 10.68 W, 0 %, 0 %
2026/07/19 10:13:53.700, 2055 MHz, 62, 10.68 W, 0 %, 0 %
2026/07/19 10:13:53.902, 2055 MHz, 62, 12.96 W, 0 %, 0 %
2026/07/19 10:13:54.106, 2055 MHz, 62, 12.96 W, 0 %, 0 %
2026/07/19 10:13:54.316, 2055 MHz, 62, 12.96 W, 0 %, 0 %
2026/07/19 10:13:54.531, 2055 MHz, 62, 12.96 W, 0 %, 0 %
2026/07/19 10:13:54.736, 2055 MHz, 62, 12.96 W, 0 %, 0 %
2026/07/19 10:13:54.943, 2055 MHz, 62, 12.96 W, 0 %, 0 %
2026/07/19 10:13:55.146, 2055 MHz, 62, 12.96 W, 0 %, 0 %
2026/07/19 10:13:55.350, 2055 MHz, 62, 12.96 W, 0 %, 0 %
2026/07/19 10:13:55.560, 2055 MHz, 62, 12.98 W, 0 %, 0 %
2026/07/19 10:13:55.762, 2055 MHz, 62, 12.98 W, 0 %, 0 %
2026/07/19 10:13:55.965, 2055 MHz, 62, 14.10 W, 0 %, 0 %
2026/07/19 10:13:56.175, 2055 MHz, 62, 14.10 W, 0 %, 0 %
2026/07/19 10:13:56.377, 2055 MHz, 62, 13.08 W, 0 %, 0 %
2026/07/19 10:13:56.582, 2055 MHz, 62, 13.08 W, 0 %, 0 %
2026/07/19 10:13:56.790, 2055 MHz, 62, 13.08 W, 0 %, 0 %
2026/07/19 10:13:56.999, 2055 MHz, 62, 13.09 W, 0 %, 0 %
2026/07/19 10:13:57.205, 2055 MHz, 62, 13.09 W, 0 %, 0 %
2026/07/19 10:13:57.412, 2055 MHz, 62, 13.07 W, 0 %, 0 %
2026/07/19 10:13:57.622, 2055 MHz, 62, 13.07 W, 0 %, 0 %
2026/07/19 10:13:57.824, 2055 MHz, 48, 1.20 W, 0 %, 0 %
2026/07/19 10:13:58.498, 2055 MHz, 62, 11.89 W, 0 %, 0 %
2026/07/19 10:13:58.700, 2055 MHz, 62, 11.89 W, 0 %, 0 %
2026/07/19 10:13:58.904, 2055 MHz, 62, 13.10 W, 0 %, 0 %
2026/07/19 10:13:59.114, 2055 MHz, 62, 13.10 W, 0 %, 0 %
2026/07/19 10:13:59.317, 2055 MHz, 48, 1.20 W, 0 %, 0 %
2026/07/19 10:13:59.989, 2055 MHz, 62, 10.62 W, 0 %, 0 %
2026/07/19 10:14:00.191, 2055 MHz, 48, 1.20 W, 0 %, 0 %
2026/07/19 10:14:00.852, 2055 MHz, 62, 14.08 W, 0 %, 0 %
2026/07/19 10:14:01.056, 2055 MHz, 62, 14.08 W, 0 %, 0 %
2026/07/19 10:14:01.260, 2055 MHz, 62, 13.01 W, 0 %, 0 %
2026/07/19 10:14:01.476, 2055 MHz, 62, 13.01 W, 0 %, 0 %
2026/07/19 10:14:01.683, 2055 MHz, 62, 13.01 W, 0 %, 0 %
2026/07/19 10:14:01.890, 2055 MHz, 62, 13.05 W, 0 %, 0 %
2026/07/19 10:14:02.095, 2055 MHz, 62, 13.05 W, 0 %, 0 %
2026/07/19 10:14:02.306, 2055 MHz, 62, 13.07 W, 0 %, 0 %
2026/07/19 10:14:02.518, 2055 MHz, 62, 13.07 W, 0 %, 0 %
2026/07/19 10:14:02.722, 2055 MHz, 62, 13.07 W, 0 %, 0 %
2026/07/19 10:14:02.924, 2055 MHz, 62, 13.04 W, 0 %, 0 %
2026/07/19 10:14:03.130, 2055 MHz, 62, 13.04 W, 0 %, 0 %
2026/07/19 10:14:03.345, 2055 MHz, 62, 13.06 W, 0 %, 0 %
2026/07/19 10:14:03.547, 2055 MHz, 62, 13.06 W, 0 %, 0 %
2026/07/19 10:14:03.751, 2055 MHz, 62, 13.14 W, 0 %, 0 %
2026/07/19 10:14:03.958, 2055 MHz, 62, 13.14 W, 0 %, 0 %
2026/07/19 10:14:04.161, 2055 MHz, 62, 13.14 W, 0 %, 0 %
2026/07/19 10:14:04.363, 2055 MHz, 62, 14.24 W, 0 %, 0 %
2026/07/19 10:14:04.575, 2055 MHz, 62, 14.24 W, 0 %, 0 %
2026/07/19 10:14:04.777, 2055 MHz, 62, 13.14 W, 0 %, 0 %
2026/07/19 10:14:04.978, 2055 MHz, 62, 13.14 W, 0 %, 0 %
2026/07/19 10:14:05.181, 2055 MHz, 62, 13.14 W, 0 %, 0 %
2026/07/19 10:14:05.385, 2055 MHz, 62, 13.00 W, 0 %, 0 %
2026/07/19 10:14:05.599, 2055 MHz, 62, 13.00 W, 0 %, 0 %
2026/07/19 10:14:05.815, 2055 MHz, 62, 13.18 W, 0 %, 0 %
2026/07/19 10:14:06.018, 2055 MHz, 62, 13.18 W, 0 %, 0 %
2026/07/19 10:14:06.231, 2055 MHz, 62, 13.15 W, 0 %, 0 %
2026/07/19 10:14:06.433, 2055 MHz, 62, 13.15 W, 0 %, 0 %
2026/07/19 10:14:06.643, 2055 MHz, 62, 13.15 W, 0 %, 0 %
2026/07/19 10:14:06.849, 2055 MHz, 62, 13.06 W, 0 %, 0 %
2026/07/19 10:14:07.065, 2055 MHz, 62, 13.06 W, 0 %, 0 %
2026/07/19 10:14:07.267, 2055 MHz, 62, 13.04 W, 0 %, 0 %
2026/07/19 10:14:07.482, 2055 MHz, 62, 13.04 W, 0 %, 0 %
2026/07/19 10:14:07.694, 2055 MHz, 62, 13.04 W, 0 %, 0 %
2026/07/19 10:14:07.895, 2055 MHz, 62, 13.04 W, 0 %, 0 %
2026/07/19 10:14:08.104, 2055 MHz, 62, 13.04 W, 0 %, 0 %
2026/07/19 10:14:08.309, 2055 MHz, 48, 1.20 W, 0 %, 0 %
2026/07/19 10:14:09.010, 2055 MHz, 62, 10.68 W, 0 %, 0 %
2026/07/19 10:14:09.216, 2055 MHz, 62, 10.68 W, 0 %, 0 %
2026/07/19 10:14:09.421, 2055 MHz, 62, 12.98 W, 0 %, 0 %
2026/07/19 10:14:09.622, 2055 MHz, 62, 12.98 W, 0 %, 0 %
2026/07/19 10:14:09.829, 2055 MHz, 62, 12.98 W, 0 %, 0 %
2026/07/19 10:14:10.041, 2055 MHz, 62, 13.22 W, 0 %, 0 %
2026/07/19 10:14:10.249, 2055 MHz, 62, 13.22 W, 0 %, 0 %
2026/07/19 10:14:10.452, 2055 MHz, 62, 14.42 W, 0 %, 0 %
2026/07/19 10:14:10.660, 2055 MHz, 62, 14.42 W, 0 %, 0 %
2026/07/19 10:14:10.866, 2055 MHz, 62, 14.42 W, 0 %, 0 %
2026/07/19 10:14:11.074, 2055 MHz, 62, 14.36 W, 0 %, 0 %
2026/07/19 10:14:11.288, 2055 MHz, 62, 14.36 W, 0 %, 0 %
2026/07/19 10:14:11.493, 2055 MHz, 62, 14.39 W, 0 %, 0 %
2026/07/19 10:14:11.705, 2055 MHz, 62, 14.39 W, 0 %, 0 %
2026/07/19 10:14:11.913, 2055 MHz, 62, 14.51 W, 0 %, 0 %
2026/07/19 10:14:12.125, 2055 MHz, 62, 14.51 W, 0 %, 0 %
2026/07/19 10:14:12.328, 2055 MHz, 62, 14.51 W, 0 %, 0 %
2026/07/19 10:14:12.538, 2055 MHz, 62, 14.41 W, 0 %, 0 %
2026/07/19 10:14:12.739, 2055 MHz, 62, 14.41 W, 0 %, 0 %
2026/07/19 10:14:12.954, 2055 MHz, 62, 14.44 W, 0 %, 0 %
2026/07/19 10:14:13.164, 2055 MHz, 62, 14.44 W, 0 %, 0 %
2026/07/19 10:14:13.376, 2055 MHz, 62, 14.44 W, 0 %, 0 %
2026/07/19 10:14:13.578, 2055 MHz, 62, 14.38 W, 0 %, 0 %
2026/07/19 10:14:13.780, 2055 MHz, 62, 14.38 W, 0 %, 0 %
2026/07/19 10:14:13.990, 2055 MHz, 62, 14.34 W, 0 %, 0 %
2026/07/19 10:14:14.202, 2055 MHz, 62, 14.34 W, 0 %, 0 %
2026/07/19 10:14:14.414, 2055 MHz, 62, 14.49 W, 0 %, 0 %
2026/07/19 10:14:14.616, 2055 MHz, 62, 14.49 W, 0 %, 0 %
2026/07/19 10:14:14.824, 2055 MHz, 48, 1.20 W, 0 %, 0 %
2026/07/19 10:14:15.398, 2055 MHz, 62, 590.01 W, 0 %, 0 %
2026/07/19 10:14:15.608, 2055 MHz, 62, 590.01 W, 0 %, 0 %
2026/07/19 10:14:15.824, 2055 MHz, 62, 14.09 W, 0 %, 0 %
2026/07/19 10:14:16.028, 2055 MHz, 62, 14.09 W, 0 %, 0 %
2026/07/19 10:14:16.229, 2055 MHz, 62, 14.09 W, 0 %, 0 %
2026/07/19 10:14:16.441, 2055 MHz, 62, 14.39 W, 0 %, 0 %
2026/07/19 10:14:16.646, 2055 MHz, 62, 14.39 W, 0 %, 0 %
2026/07/19 10:14:16.849, 2055 MHz, 62, 14.38 W, 0 %, 0 %
2026/07/19 10:14:17.059, 2055 MHz, 62, 14.38 W, 0 %, 0 %
2026/07/19 10:14:17.263, 2055 MHz, 62, 14.61 W, 0 %, 0 %
2026/07/19 10:14:17.467, 1380 MHz, 48, 15.22 W, 0 %, 0 %
2026/07/19 10:14:18.084, 2055 MHz, 62, 10.60 W, 0 %, 0 %
2026/07/19 10:14:18.285, 2055 MHz, 62, 10.60 W, 0 %, 0 %
2026/07/19 10:14:18.489, 2055 MHz, 62, 14.38 W, 0 %, 0 %
2026/07/19 10:14:18.694, 2055 MHz, 62, 14.38 W, 0 %, 0 %
2026/07/19 10:14:18.903, 2055 MHz, 62, 14.38 W, 0 %, 0 %
2026/07/19 10:14:19.111, 2055 MHz, 48, 1.20 W, 0 %, 0 %
2026/07/19 10:14:19.763, 2055 MHz, 62, 12.57 W, 0 %, 0 %
2026/07/19 10:14:19.969, 2055 MHz, 62, 12.57 W, 0 %, 0 %
2026/07/19 10:14:20.170, 2055 MHz, 48, 1.20 W, 0 %, 0 %
2026/07/19 10:14:20.710, 2055 MHz, 62, 10.58 W, 0 %, 0 %
2026/07/19 10:14:20.913, 2055 MHz, 62, 10.58 W, 0 %, 0 %
2026/07/19 10:14:21.124, 2055 MHz, 62, 14.44 W, 0 %, 0 %
2026/07/19 10:14:21.328, 2055 MHz, 62, 14.44 W, 0 %, 0 %
2026/07/19 10:14:21.543, 2055 MHz, 62, 14.44 W, 0 %, 0 %
2026/07/19 10:14:21.751, 2055 MHz, 48, 1.20 W, 0 %, 0 %
2026/07/19 10:14:22.317, 2055 MHz, 61, 13.34 W, 0 %, 0 %
2026/07/19 10:14:22.531, 2055 MHz, 61, 13.34 W, 0 %, 0 %
2026/07/19 10:14:22.739, 2055 MHz, 62, 14.35 W, 0 %, 0 %
2026/07/19 10:14:22.948, 2055 MHz, 62, 14.35 W, 0 %, 0 %
2026/07/19 10:14:23.154, 2055 MHz, 62, 14.35 W, 0 %, 0 %
2026/07/19 10:14:23.359, 2055 MHz, 62, 13.16 W, 0 %, 0 %
2026/07/19 10:14:23.568, 2055 MHz, 62, 13.16 W, 0 %, 0 %
2026/07/19 10:14:23.776, 2055 MHz, 62, 14.34 W, 0 %, 0 %
2026/07/19 10:14:23.989, 2055 MHz, 62, 14.34 W, 0 %, 0 %
2026/07/19 10:14:24.203, 2055 MHz, 62, 14.32 W, 0 %, 0 %
2026/07/19 10:14:24.407, 2055 MHz, 62, 14.32 W, 0 %, 0 %
2026/07/19 10:14:24.609, 2055 MHz, 62, 14.32 W, 0 %, 0 %
2026/07/19 10:14:24.815, 2055 MHz, 62, 14.32 W, 0 %, 0 %
2026/07/19 10:14:25.019, 2055 MHz, 62, 14.32 W, 0 %, 0 %
2026/07/19 10:14:25.230, 2055 MHz, 62, 14.33 W, 0 %, 0 %
2026/07/19 10:14:25.439, 2055 MHz, 62, 14.33 W, 0 %, 0 %
2026/07/19 10:14:25.644, 2055 MHz, 62, 14.33 W, 0 %, 0 %
2026/07/19 10:14:25.850, 2055 MHz, 62, 12.96 W, 0 %, 0 %
2026/07/19 10:14:26.054, 2055 MHz, 48, 1.20 W, 0 %, 0 %
2026/07/19 10:14:26.741, 2055 MHz, 61, 10.66 W, 0 %, 0 %
2026/07/19 10:14:26.945, 2055 MHz, 61, 10.66 W, 0 %, 0 %
2026/07/19 10:14:27.148, 2055 MHz, 62, 12.93 W, 0 %, 0 %
2026/07/19 10:14:27.350, 2055 MHz, 62, 12.93 W, 0 %, 0 %
2026/07/19 10:14:27.553, 2055 MHz, 62, 12.93 W, 0 %, 0 %
2026/07/19 10:14:27.756, 2055 MHz, 62, 14.33 W, 0 %, 0 %
2026/07/19 10:14:27.957, 2055 MHz, 62, 14.33 W, 0 %, 0 %
2026/07/19 10:14:28.171, 2055 MHz, 62, 13.07 W, 0 %, 0 %
2026/07/19 10:14:28.381, 2055 MHz, 62, 13.07 W, 0 %, 0 %
2026/07/19 10:14:28.583, 2055 MHz, 62, 13.07 W, 0 %, 0 %
2026/07/19 10:14:28.787, 2055 MHz, 62, 13.04 W, 0 %, 0 %
2026/07/19 10:14:28.991, 2055 MHz, 62, 13.04 W, 0 %, 0 %
2026/07/19 10:14:29.193, 2055 MHz, 62, 14.36 W, 0 %, 0 %
2026/07/19 10:14:29.396, 2055 MHz, 62, 14.36 W, 0 %, 0 %
2026/07/19 10:14:29.601, 2055 MHz, 62, 14.36 W, 0 %, 0 %
2026/07/19 10:14:29.806, 2055 MHz, 62, 14.32 W, 0 %, 0 %
2026/07/19 10:14:30.010, 2055 MHz, 62, 14.32 W, 0 %, 0 %
2026/07/19 10:14:30.215, 2055 MHz, 62, 14.31 W, 0 %, 0 %
2026/07/19 10:14:30.419, 2055 MHz, 62, 14.31 W, 0 %, 0 %
2026/07/19 10:14:30.633, 2055 MHz, 62, 14.44 W, 0 %, 0 %
2026/07/19 10:14:30.846, 2055 MHz, 62, 14.44 W, 0 %, 0 %
2026/07/19 10:14:31.053, 2055 MHz, 62, 14.44 W, 0 %, 0 %
2026/07/19 10:14:31.257, 2055 MHz, 61, 13.03 W, 0 %, 0 %
2026/07/19 10:14:31.460, 2055 MHz, 48, 1.20 W, 0 %, 0 %
2026/07/19 10:14:32.130, 2055 MHz, 61, 12.35 W, 0 %, 0 %
2026/07/19 10:14:32.332, 2055 MHz, 61, 12.35 W, 0 %, 0 %
2026/07/19 10:14:32.536, 2055 MHz, 61, 13.41 W, 0 %, 0 %
2026/07/19 10:14:32.739, 2055 MHz, 61, 13.41 W, 0 %, 0 %
2026/07/19 10:14:32.940, 2055 MHz, 61, 13.41 W, 0 %, 0 %
2026/07/19 10:14:33.148, 2055 MHz, 61, 14.95 W, 0 %, 0 %
2026/07/19 10:14:33.350, 2055 MHz, 61, 14.95 W, 0 %, 0 %
2026/07/19 10:14:33.551, 2055 MHz, 61, 14.40 W, 0 %, 0 %
2026/07/19 10:14:33.756, 2055 MHz, 61, 14.40 W, 0 %, 0 %
2026/07/19 10:14:33.956, 2055 MHz, 61, 14.40 W, 0 %, 0 %
2026/07/19 10:14:34.160, 2055 MHz, 61, 13.07 W, 0 %, 0 %
2026/07/19 10:14:34.362, 2055 MHz, 61, 13.07 W, 0 %, 0 %
2026/07/19 10:14:34.564, 2055 MHz, 61, 13.81 W, 0 %, 0 %
2026/07/19 10:14:34.766, 1380 MHz, 48, 14.98 W, 0 %, 0 %
2026/07/19 10:14:35.391, 2055 MHz, 61, 12.62 W, 0 %, 0 %
2026/07/19 10:14:35.599, 2055 MHz, 61, 12.62 W, 0 %, 0 %
2026/07/19 10:14:35.806, 2055 MHz, 61, 14.37 W, 0 %, 0 %
2026/07/19 10:14:36.007, 2055 MHz, 61, 14.37 W, 0 %, 0 %
2026/07/19 10:14:36.221, 2055 MHz, 61, 14.37 W, 0 %, 0 %
2026/07/19 10:14:36.431, 2055 MHz, 61, 13.21 W, 0 %, 0 %
2026/07/19 10:14:36.639, 2055 MHz, 61, 13.21 W, 0 %, 0 %
2026/07/19 10:14:36.843, 2055 MHz, 61, 12.91 W, 0 %, 0 %
2026/07/19 10:14:37.047, 2055 MHz, 61, 12.91 W, 0 %, 0 %
2026/07/19 10:14:37.250, 2055 MHz, 61, 14.30 W, 0 %, 0 %
2026/07/19 10:14:37.452, 2055 MHz, 61, 14.30 W, 0 %, 0 %
2026/07/19 10:14:37.661, 2055 MHz, 61, 14.30 W, 0 %, 0 %
2026/07/19 10:14:37.866, 2055 MHz, 61, 14.30 W, 0 %, 0 %
2026/07/19 10:14:38.070, 2055 MHz, 61, 14.30 W, 0 %, 0 %
2026/07/19 10:14:38.274, 2055 MHz, 61, 14.30 W, 0 %, 0 %
2026/07/19 10:14:38.479, 2055 MHz, 61, 14.30 W, 0 %, 0 %
2026/07/19 10:14:38.680, 2055 MHz, 61, 14.30 W, 0 %, 0 %
2026/07/19 10:14:38.883, 2055 MHz, 61, 14.32 W, 0 %, 0 %
2026/07/19 10:14:39.103, 2055 MHz, 61, 14.32 W, 0 %, 0 %
2026/07/19 10:14:39.316, 2055 MHz, 61, 14.36 W, 0 %, 0 %
2026/07/19 10:14:39.525, 2055 MHz, 61, 14.36 W, 0 %, 0 %
2026/07/19 10:14:39.731, 2055 MHz, 61, 14.36 W, 0 %, 0 %
2026/07/19 10:14:39.935, 2055 MHz, 61, 14.39 W, 0 %, 0 %
2026/07/19 10:14:40.143, 2055 MHz, 61, 14.39 W, 0 %, 0 %
2026/07/19 10:14:40.354, 2055 MHz, 48, 1.20 W, 0 %, 0 %
2026/07/19 10:14:41.076, 2055 MHz, 61, 12.29 W, 0 %, 0 %
2026/07/19 10:14:41.279, 2055 MHz, 61, 12.29 W, 0 %, 0 %
2026/07/19 10:14:41.482, 2055 MHz, 61, 14.40 W, 0 %, 0 %
2026/07/19 10:14:41.690, 2055 MHz, 61, 14.40 W, 0 %, 0 %
2026/07/19 10:14:41.892, 2055 MHz, 61, 14.40 W, 0 %, 0 %
2026/07/19 10:14:42.105, 2055 MHz, 61, 12.99 W, 0 %, 0 %
2026/07/19 10:14:42.320, 2055 MHz, 61, 12.99 W, 0 %, 0 %
2026/07/19 10:14:42.528, 2055 MHz, 61, 12.90 W, 0 %, 0 %
2026/07/19 10:14:42.731, 2055 MHz, 61, 12.90 W, 0 %, 0 %
2026/07/19 10:14:42.937, 2055 MHz, 61, 12.90 W, 0 %, 0 %
2026/07/19 10:14:43.138, 2055 MHz, 61, 15.08 W, 0 %, 0 %
2026/07/19 10:14:43.341, 2055 MHz, 61, 15.08 W, 0 %, 0 %
2026/07/19 10:14:43.544, 2055 MHz, 61, 14.38 W, 0 %, 0 %
2026/07/19 10:14:43.747, 2055 MHz, 48, 1.20 W, 0 %, 0 %
2026/07/19 10:14:44.391, 2055 MHz, 61, 12.49 W, 0 %, 0 %
2026/07/19 10:14:44.594, 2055 MHz, 61, 12.49 W, 0 %, 0 %
2026/07/19 10:14:44.800, 1380 MHz, 48, 14.95 W, 0 %, 0 %
2026/07/19 10:14:45.425, 2055 MHz, 61, 12.40 W, 0 %, 0 %
2026/07/19 10:14:45.629, 2055 MHz, 61, 12.40 W, 0 %, 0 %
2026/07/19 10:14:45.835, 2055 MHz, 61, 12.87 W, 0 %, 0 %
2026/07/19 10:14:46.039, 2055 MHz, 61, 12.87 W, 0 %, 0 %
2026/07/19 10:14:46.241, 2055 MHz, 61, 12.87 W, 0 %, 0 %
2026/07/19 10:14:46.444, 2055 MHz, 61, 12.89 W, 0 %, 0 %
2026/07/19 10:14:46.647, 2055 MHz, 61, 12.89 W, 0 %, 0 %
2026/07/19 10:14:46.849, 2055 MHz, 61, 12.93 W, 0 %, 0 %
2026/07/19 10:14:47.059, 2055 MHz, 61, 12.93 W, 0 %, 0 %
2026/07/19 10:14:47.263, 2055 MHz, 61, 12.93 W, 0 %, 0 %
2026/07/19 10:14:47.465, 2055 MHz, 48, 1.20 W, 0 %, 0 %
2026/07/19 10:14:48.102, 2055 MHz, 61, 10.35 W, 0 %, 0 %
2026/07/19 10:14:48.305, 2055 MHz, 61, 10.35 W, 0 %, 0 %
2026/07/19 10:14:48.509, 2055 MHz, 61, 12.90 W, 0 %, 0 %
2026/07/19 10:14:48.711, 2055 MHz, 61, 12.90 W, 0 %, 0 %
2026/07/19 10:14:48.919, 2055 MHz, 61, 12.90 W, 0 %, 0 %
2026/07/19 10:14:49.126, 2055 MHz, 61, 13.87 W, 0 %, 0 %
2026/07/19 10:14:49.328, 2055 MHz, 61, 13.87 W, 0 %, 0 %
2026/07/19 10:14:49.534, 2055 MHz, 61, 13.05 W, 0 %, 0 %
2026/07/19 10:14:49.740, 2055 MHz, 61, 13.05 W, 0 %, 0 %
2026/07/19 10:14:49.946, 2055 MHz, 61, 13.05 W, 0 %, 0 %
2026/07/19 10:14:50.150, 2055 MHz, 61, 12.92 W, 0 %, 0 %
2026/07/19 10:14:50.359, 2055 MHz, 61, 12.92 W, 0 %, 0 %
2026/07/19 10:14:50.563, 2055 MHz, 61, 14.32 W, 0 %, 0 %
2026/07/19 10:14:50.767, 2055 MHz, 48, 1.20 W, 0 %, 0 %
2026/07/19 10:14:51.325, 2055 MHz, 61, 12.42 W, 0 %, 0 %
2026/07/19 10:14:51.530, 2055 MHz, 61, 12.42 W, 0 %, 0 %
2026/07/19 10:14:51.734, 2055 MHz, 61, 14.36 W, 0 %, 0 %
2026/07/19 10:14:51.936, 2055 MHz, 61, 14.36 W, 0 %, 0 %
2026/07/19 10:14:52.139, 2055 MHz, 61, 14.36 W, 0 %, 0 %
2026/07/19 10:14:52.339, 2055 MHz, 61, 14.28 W, 0 %, 0 %
2026/07/19 10:14:52.551, 1380 MHz, 48, 15.13 W, 0 %, 0 %
2026/07/19 10:14:53.169, 2055 MHz, 61, 10.66 W, 0 %, 0 %
2026/07/19 10:14:53.375, 2055 MHz, 61, 10.66 W, 0 %, 0 %
2026/07/19 10:14:53.588, 2055 MHz, 61, 13.44 W, 0 %, 0 %
2026/07/19 10:14:53.790, 2055 MHz, 61, 13.44 W, 0 %, 0 %
2026/07/19 10:14:53.998, 2055 MHz, 61, 13.44 W, 0 %, 0 %
2026/07/19 10:14:54.213, 2055 MHz, 61, 14.45 W, 0 %, 0 %
2026/07/19 10:14:54.425, 2055 MHz, 61, 14.45 W, 0 %, 0 %
2026/07/19 10:14:54.627, 2055 MHz, 61, 14.30 W, 0 %, 0 %
2026/07/19 10:14:54.842, 2055 MHz, 61, 14.30 W, 0 %, 0 %
2026/07/19 10:14:55.052, 2055 MHz, 61, 13.54 W, 0 %, 0 %
2026/07/19 10:14:55.256, 2055 MHz, 48, 1.20 W, 0 %, 0 %
2026/07/19 10:14:55.832, 2055 MHz, 61, 10.30 W, 0 %, 0 %
2026/07/19 10:14:56.045, 2055 MHz, 48, 1.20 W, 0 %, 0 %
2026/07/19 10:14:56.681, 2055 MHz, 61, 12.28 W, 0 %, 0 %
2026/07/19 10:14:56.882, 2055 MHz, 61, 12.28 W, 0 %, 0 %
2026/07/19 10:14:57.083, 2055 MHz, 61, 12.96 W, 0 %, 0 %
2026/07/19 10:14:57.284, 2055 MHz, 61, 12.96 W, 0 %, 0 %
2026/07/19 10:14:57.493, 2055 MHz, 61, 12.96 W, 0 %, 0 %
2026/07/19 10:14:57.699, 2055 MHz, 61, 12.89 W, 0 %, 0 %
2026/07/19 10:14:57.904, 1380 MHz, 48, 15.14 W, 0 %, 0 %
2026/07/19 10:14:58.525, 2055 MHz, 61, 10.58 W, 0 %, 0 %
2026/07/19 10:14:58.733, 2055 MHz, 61, 10.58 W, 0 %, 0 %
2026/07/19 10:14:58.935, 2055 MHz, 61, 14.31 W, 0 %, 0 %
2026/07/19 10:14:59.143, 2055 MHz, 61, 14.31 W, 0 %, 0 %
2026/07/19 10:14:59.359, 2055 MHz, 61, 14.31 W, 0 %, 0 %
2026/07/19 10:14:59.568, 2055 MHz, 48, 1.20 W, 0 %, 0 %
2026/07/19 10:15:00.092, 2055 MHz, 61, 13.35 W, 0 %, 0 %
2026/07/19 10:15:00.292, 2055 MHz, 61, 13.35 W, 0 %, 0 %
2026/07/19 10:15:00.503, 2055 MHz, 48, 1.20 W, 0 %, 0 %
2026/07/19 10:15:01.038, 2055 MHz, 61, 10.24 W, 0 %, 0 %
2026/07/19 10:15:01.239, 2055 MHz, 48, 1.20 W, 0 %, 0 %
2026/07/19 10:15:01.948, 2055 MHz, 61, 12.49 W, 0 %, 0 %
2026/07/19 10:15:02.163, 2055 MHz, 48, 1.20 W, 0 %, 0 %
2026/07/19 10:15:02.813, 2055 MHz, 61, 12.35 W, 0 %, 0 %
2026/07/19 10:15:03.018, 2055 MHz, 61, 12.35 W, 0 %, 0 %
2026/07/19 10:15:03.231, 2055 MHz, 61, 14.28 W, 0 %, 0 %
2026/07/19 10:15:03.432, 2055 MHz, 61, 14.28 W, 0 %, 0 %
2026/07/19 10:15:03.641, 2055 MHz, 61, 14.28 W, 0 %, 0 %
2026/07/19 10:15:03.856, 2055 MHz, 61, 14.42 W, 0 %, 0 %
2026/07/19 10:15:04.058, 2055 MHz, 48, 1.20 W, 0 %, 0 %
2026/07/19 10:15:04.684, 2055 MHz, 61, 14.85 W, 0 %, 0 %
2026/07/19 10:15:04.893, 2055 MHz, 61, 14.85 W, 0 %, 0 %
2026/07/19 10:15:05.096, 2055 MHz, 48, 1.20 W, 0 %, 0 %
2026/07/19 10:15:05.629, 2055 MHz, 61, 12.56 W, 0 %, 0 %
2026/07/19 10:15:05.832, 2055 MHz, 61, 12.56 W, 0 %, 0 %
2026/07/19 10:15:06.041, 2055 MHz, 61, 12.84 W, 0 %, 0 %
2026/07/19 10:15:06.241, 2055 MHz, 48, 1.20 W, 0 %, 0 %
2026/07/19 10:15:06.919, 2055 MHz, 61, 10.61 W, 0 %, 0 %
2026/07/19 10:15:07.128, 2055 MHz, 61, 10.61 W, 0 %, 0 %
2026/07/19 10:15:07.330, 2055 MHz, 61, 14.10 W, 0 %, 0 %
2026/07/19 10:15:07.538, 2055 MHz, 61, 14.10 W, 0 %, 0 %
2026/07/19 10:15:07.751, 2055 MHz, 61, 14.10 W, 0 %, 0 %
2026/07/19 10:15:07.965, 2055 MHz, 48, 1.20 W, 0 %, 0 %
2026/07/19 10:15:08.605, 2055 MHz, 61, 10.44 W, 0 %, 0 %
2026/07/19 10:15:08.815, 2055 MHz, 61, 10.44 W, 0 %, 0 %
2026/07/19 10:15:09.016, 2055 MHz, 48, 1.20 W, 0 %, 0 %
2026/07/19 10:15:09.588, 2055 MHz, 61, 13.41 W, 0 %, 0 %
2026/07/19 10:15:09.790, 2055 MHz, 61, 13.41 W, 0 %, 0 %
2026/07/19 10:15:10.002, 2055 MHz, 61, 14.21 W, 0 %, 0 %
2026/07/19 10:15:10.211, 2055 MHz, 48, 1.20 W, 0 %, 0 %
2026/07/19 10:15:10.842, 2055 MHz, 61, 12.53 W, 0 %, 0 %
2026/07/19 10:15:11.054, 2055 MHz, 61, 12.53 W, 0 %, 0 %
2026/07/19 10:15:11.264, 2055 MHz, 61, 12.86 W, 0 %, 0 %
2026/07/19 10:15:11.470, 2055 MHz, 61, 12.86 W, 0 %, 0 %
2026/07/19 10:15:11.681, 2055 MHz, 61, 12.86 W, 0 %, 0 %
2026/07/19 10:15:11.890, 1380 MHz, 48, 14.94 W, 0 %, 0 %
2026/07/19 10:15:12.519, 2055 MHz, 61, 12.52 W, 0 %, 0 %
2026/07/19 10:15:12.720, 2055 MHz, 61, 12.52 W, 0 %, 0 %
2026/07/19 10:15:12.921, 2055 MHz, 61, 14.14 W, 0 %, 0 %
2026/07/19 10:15:13.124, 2055 MHz, 61, 14.14 W, 0 %, 0 %
2026/07/19 10:15:13.331, 2055 MHz, 61, 14.14 W, 0 %, 0 %
2026/07/19 10:15:13.539, 2055 MHz, 61, 14.18 W, 0 %, 0 %
2026/07/19 10:15:13.747, 2055 MHz, 61, 14.18 W, 0 %, 0 %
2026/07/19 10:15:13.958, 2055 MHz, 61, 14.53 W, 0 %, 0 %
2026/07/19 10:15:14.159, 2055 MHz, 61, 14.53 W, 0 %, 0 %
2026/07/19 10:15:14.364, 2055 MHz, 61, 12.96 W, 0 %, 0 %
2026/07/19 10:15:14.569, 2055 MHz, 61, 12.96 W, 0 %, 0 %
2026/07/19 10:15:14.779, 2055 MHz, 61, 12.96 W, 0 %, 0 %
2026/07/19 10:15:14.990, 2055 MHz, 61, 14.25 W, 0 %, 0 %
2026/07/19 10:15:15.194, 2055 MHz, 61, 14.25 W, 0 %, 0 %
2026/07/19 10:15:15.397, 2055 MHz, 61, 14.22 W, 0 %, 0 %
2026/07/19 10:15:15.598, 2055 MHz, 61, 14.22 W, 0 %, 0 %
2026/07/19 10:15:15.802, 2055 MHz, 61, 14.22 W, 0 %, 0 %
2026/07/19 10:15:16.011, 2055 MHz, 61, 14.23 W, 0 %, 0 %
2026/07/19 10:15:16.225, 2055 MHz, 61, 14.23 W, 0 %, 0 %
2026/07/19 10:15:16.428, 2055 MHz, 61, 14.37 W, 0 %, 0 %
2026/07/19 10:15:16.642, 2055 MHz, 61, 14.37 W, 0 %, 0 %
2026/07/19 10:15:16.852, 2055 MHz, 61, 14.37 W, 0 %, 0 %
2026/07/19 10:15:17.064, 2055 MHz, 61, 14.23 W, 0 %, 0 %
2026/07/19 10:15:17.271, 2055 MHz, 61, 14.23 W, 0 %, 0 %
2026/07/19 10:15:17.475, 2055 MHz, 61, 14.31 W, 0 %, 0 %
2026/07/19 10:15:17.678, 2055 MHz, 48, 1.20 W, 0 %, 0 %
2026/07/19 10:15:18.228, 2055 MHz, 60, 13.29 W, 0 %, 0 %
2026/07/19 10:15:18.435, 2055 MHz, 60, 13.29 W, 0 %, 0 %
2026/07/19 10:15:18.642, 2055 MHz, 48, 1.20 W, 0 %, 0 %
2026/07/19 10:15:19.172, 2055 MHz, 60, 12.48 W, 0 %, 0 %
2026/07/19 10:15:19.385, 2055 MHz, 60, 12.48 W, 0 %, 0 %
2026/07/19 10:15:19.589, 2055 MHz, 61, 12.86 W, 0 %, 0 %
2026/07/19 10:15:19.803, 2055 MHz, 61, 12.86 W, 0 %, 0 %
2026/07/19 10:15:20.010, 2055 MHz, 61, 12.86 W, 0 %, 0 %
2026/07/19 10:15:20.215, 2055 MHz, 48, 1.20 W, 0 %, 0 %
2026/07/19 10:15:20.870, 2055 MHz, 60, 12.31 W, 0 %, 0 %
2026/07/19 10:15:21.072, 2055 MHz, 60, 12.31 W, 0 %, 0 %
2026/07/19 10:15:21.282, 2055 MHz, 48, 1.20 W, 0 %, 0 %
2026/07/19 10:15:21.925, 2055 MHz, 60, 10.56 W, 0 %, 0 %
2026/07/19 10:15:22.128, 2055 MHz, 60, 10.56 W, 0 %, 0 %
2026/07/19 10:15:22.328, 2055 MHz, 61, 12.93 W, 0 %, 0 %
2026/07/19 10:15:22.531, 2055 MHz, 61, 12.93 W, 0 %, 0 %
2026/07/19 10:15:22.738, 2055 MHz, 61, 12.93 W, 0 %, 0 %
2026/07/19 10:15:22.940, 2055 MHz, 61, 12.90 W, 0 %, 0 %
2026/07/19 10:15:23.143, 2055 MHz, 48, 1.20 W, 0 %, 0 %
2026/07/19 10:15:23.721, 2055 MHz, 60, 10.44 W, 0 %, 0 %
2026/07/19 10:15:23.930, 2055 MHz, 60, 10.44 W, 0 %, 0 %
2026/07/19 10:15:24.131, 2055 MHz, 61, 12.79 W, 0 %, 0 %
2026/07/19 10:15:24.341, 2055 MHz, 48, 1.20 W, 0 %, 0 %
2026/07/19 10:15:24.968, 2055 MHz, 60, 10.54 W, 0 %, 0 %
2026/07/19 10:15:25.174, 2055 MHz, 60, 10.54 W, 0 %, 0 %
2026/07/19 10:15:25.378, 2055 MHz, 61, 12.93 W, 0 %, 0 %
2026/07/19 10:15:25.583, 2055 MHz, 61, 12.93 W, 0 %, 0 %
2026/07/19 10:15:25.791, 2055 MHz, 61, 12.93 W, 0 %, 0 %
2026/07/19 10:15:25.992, 2055 MHz, 48, 1.20 W, 0 %, 0 %
2026/07/19 10:15:26.573, 2055 MHz, 60, 10.43 W, 0 %, 0 %
2026/07/19 10:15:26.778, 2055 MHz, 60, 10.43 W, 0 %, 0 %
2026/07/19 10:15:26.979, 2055 MHz, 61, 14.33 W, 0 %, 0 %
2026/07/19 10:15:27.191, 2055 MHz, 61, 14.33 W, 0 %, 0 %
2026/07/19 10:15:27.392, 2055 MHz, 61, 14.33 W, 0 %, 0 %
2026/07/19 10:15:27.603, 2055 MHz, 48, 1.20 W, 0 %, 0 %
2026/07/19 10:15:28.279, 2055 MHz, 60, 12.04 W, 0 %, 0 %
2026/07/19 10:15:28.485, 2055 MHz, 60, 12.04 W, 0 %, 0 %
2026/07/19 10:15:28.699, 2055 MHz, 61, 12.80 W, 0 %, 0 %
2026/07/19 10:15:28.909, 2055 MHz, 61, 12.80 W, 0 %, 0 %
2026/07/19 10:15:29.114, 2055 MHz, 61, 12.80 W, 0 %, 0 %
2026/07/19 10:15:29.319, 2055 MHz, 61, 14.10 W, 0 %, 0 %
2026/07/19 10:15:29.530, 2055 MHz, 61, 14.10 W, 0 %, 0 %
2026/07/19 10:15:29.737, 2055 MHz, 61, 14.25 W, 0 %, 0 %
2026/07/19 10:15:29.937, 2055 MHz, 48, 1.20 W, 0 %, 0 %
2026/07/19 10:15:30.462, 2055 MHz, 60, 10.53 W, 0 %, 0 %
2026/07/19 10:15:30.666, 2055 MHz, 60, 10.53 W, 0 %, 0 %
2026/07/19 10:15:30.873, 2055 MHz, 61, 13.43 W, 0 %, 0 %
2026/07/19 10:15:31.076, 2055 MHz, 61, 13.43 W, 0 %, 0 %
2026/07/19 10:15:31.288, 2055 MHz, 48, 1.20 W, 0 %, 0 %
2026/07/19 10:15:31.816, 2055 MHz, 60, 12.46 W, 0 %, 0 %
2026/07/19 10:15:32.030, 2055 MHz, 60, 12.46 W, 0 %, 0 %
2026/07/19 10:15:32.239, 2055 MHz, 61, 14.22 W, 0 %, 0 %
2026/07/19 10:15:32.451, 2055 MHz, 61, 14.22 W, 0 %, 0 %
2026/07/19 10:15:32.651, 2055 MHz, 61, 14.22 W, 0 %, 0 %
2026/07/19 10:15:32.858, 2055 MHz, 61, 14.17 W, 0 %, 0 %
2026/07/19 10:15:33.059, 2055 MHz, 61, 14.17 W, 0 %, 0 %
2026/07/19 10:15:33.271, 2055 MHz, 61, 14.33 W, 0 %, 0 %
2026/07/19 10:15:33.478, 2055 MHz, 61, 14.33 W, 0 %, 0 %
2026/07/19 10:15:33.689, 2055 MHz, 61, 14.27 W, 0 %, 0 %
2026/07/19 10:15:33.889, 2055 MHz, 61, 14.27 W, 0 %, 0 %
2026/07/19 10:15:34.102, 2055 MHz, 61, 14.27 W, 0 %, 0 %
2026/07/19 10:15:34.318, 2055 MHz, 61, 14.22 W, 0 %, 0 %
2026/07/19 10:15:34.526, 2055 MHz, 48, 1.20 W, 0 %, 0 %
2026/07/19 10:15:35.067, 2055 MHz, 60, 12.23 W, 0 %, 0 %
2026/07/19 10:15:35.279, 2055 MHz, 60, 12.23 W, 0 %, 0 %
2026/07/19 10:15:35.485, 2055 MHz, 61, 13.46 W, 0 %, 0 %
2026/07/19 10:15:35.689, 2055 MHz, 61, 13.46 W, 0 %, 0 %
2026/07/19 10:15:35.893, 2055 MHz, 61, 13.46 W, 0 %, 0 %
2026/07/19 10:15:36.101, 1380 MHz, 48, 14.94 W, 0 %, 0 %
2026/07/19 10:15:36.732, 2055 MHz, 60, 12.55 W, 0 %, 0 %
2026/07/19 10:15:36.937, 2055 MHz, 60, 12.55 W, 0 %, 0 %
2026/07/19 10:15:37.148, 2055 MHz, 61, 14.20 W, 0 %, 0 %
2026/07/19 10:15:37.363, 2055 MHz, 61, 14.20 W, 0 %, 0 %
2026/07/19 10:15:37.568, 2055 MHz, 48, 1.20 W, 0 %, 0 %
2026/07/19 10:15:38.269, 2055 MHz, 60, 12.45 W, 0 %, 0 %
2026/07/19 10:15:38.473, 2055 MHz, 48, 1.20 W, 0 %, 0 %
2026/07/19 10:15:39.105, 2055 MHz, 60, 10.53 W, 0 %, 0 %
2026/07/19 10:15:39.313, 2055 MHz, 60, 10.53 W, 0 %, 0 %
2026/07/19 10:15:39.519, 2055 MHz, 61, 14.25 W, 0 %, 0 %
2026/07/19 10:15:39.733, 2055 MHz, 61, 14.25 W, 0 %, 0 %
2026/07/19 10:15:39.943, 2055 MHz, 61, 14.25 W, 0 %, 0 %
2026/07/19 10:15:40.152, 2055 MHz, 61, 14.36 W, 0 %, 0 %
2026/07/19 10:15:40.352, 2055 MHz, 61, 14.36 W, 0 %, 0 %
2026/07/19 10:15:40.566, 2055 MHz, 61, 14.27 W, 0 %, 0 %
2026/07/19 10:15:40.769, 2055 MHz, 61, 14.27 W, 0 %, 0 %
2026/07/19 10:15:40.984, 2055 MHz, 48, 1.20 W, 0 %, 0 %
2026/07/19 10:15:41.631, 2055 MHz, 60, 10.27 W, 0 %, 0 %
2026/07/19 10:15:41.832, 2055 MHz, 60, 10.27 W, 0 %, 0 %
2026/07/19 10:15:42.033, 2055 MHz, 61, 14.25 W, 0 %, 0 %
2026/07/19 10:15:42.247, 2055 MHz, 61, 14.25 W, 0 %, 0 %
2026/07/19 10:15:42.460, 2055 MHz, 61, 14.25 W, 0 %, 0 %
2026/07/19 10:15:42.669, 2055 MHz, 61, 14.23 W, 0 %, 0 %
2026/07/19 10:15:42.871, 2055 MHz, 61, 14.23 W, 0 %, 0 %
2026/07/19 10:15:43.077, 2055 MHz, 61, 14.27 W, 0 %, 0 %
2026/07/19 10:15:43.287, 2055 MHz, 61, 14.27 W, 0 %, 0 %
2026/07/19 10:15:43.495, 2055 MHz, 61, 14.27 W, 0 %, 0 %
2026/07/19 10:15:43.698, 2055 MHz, 48, 1.20 W, 0 %, 0 %
2026/07/19 10:15:44.355, 2055 MHz, 60, 12.17 W, 0 %, 0 %
2026/07/19 10:15:44.565, 2055 MHz, 60, 12.17 W, 0 %, 0 %
2026/07/19 10:15:44.767, 2055 MHz, 48, 1.20 W, 0 %, 0 %
2026/07/19 10:15:45.452, 2055 MHz, 60, 12.42 W, 0 %, 0 %
2026/07/19 10:15:45.652, 2055 MHz, 60, 12.42 W, 0 %, 0 %
2026/07/19 10:15:45.862, 2055 MHz, 61, 14.25 W, 0 %, 0 %
2026/07/19 10:15:46.077, 2055 MHz, 61, 14.25 W, 0 %, 0 %
2026/07/19 10:15:46.278, 2055 MHz, 61, 14.25 W, 0 %, 0 %
2026/07/19 10:15:46.486, 2055 MHz, 48, 1.20 W, 0 %, 0 %
2026/07/19 10:15:47.127, 2055 MHz, 60, 10.21 W, 0 %, 0 %
2026/07/19 10:15:47.330, 2055 MHz, 60, 10.21 W, 0 %, 0 %
2026/07/19 10:15:47.531, 2055 MHz, 61, 12.88 W, 0 %, 0 %
2026/07/19 10:15:47.731, 2055 MHz, 61, 12.88 W, 0 %, 0 %
2026/07/19 10:15:47.942, 2055 MHz, 48, 1.20 W, 0 %, 0 %
2026/07/19 10:15:48.670, 2055 MHz, 60, 12.37 W, 0 %, 0 %
2026/07/19 10:15:48.885, 2055 MHz, 60, 12.37 W, 0 %, 0 %
2026/07/19 10:15:49.089, 2055 MHz, 61, 12.77 W, 0 %, 0 %
2026/07/19 10:15:49.293, 2055 MHz, 61, 12.77 W, 0 %, 0 %
2026/07/19 10:15:49.497, 2055 MHz, 61, 12.77 W, 0 %, 0 %
2026/07/19 10:15:49.698, 2055 MHz, 61, 12.99 W, 0 %, 0 %
2026/07/19 10:15:49.906, 2055 MHz, 61, 12.99 W, 0 %, 0 %
2026/07/19 10:15:50.113, 2055 MHz, 61, 14.97 W, 0 %, 0 %
2026/07/19 10:15:50.315, 1380 MHz, 48, 590.01 W, 0 %, 0 %
2026/07/19 10:15:50.934, 2055 MHz, 60, 13.38 W, 0 %, 0 %
2026/07/19 10:15:51.135, 2055 MHz, 60, 13.38 W, 0 %, 0 %
2026/07/19 10:15:51.350, 2055 MHz, 48, 1.20 W, 0 %, 0 %
2026/07/19 10:15:51.993, 2055 MHz, 60, 12.38 W, 0 %, 0 %
2026/07/19 10:15:52.202, 2055 MHz, 60, 12.38 W, 0 %, 0 %
2026/07/19 10:15:52.406, 2055 MHz, 61, 13.37 W, 0 %, 0 %
2026/07/19 10:15:52.608, 2055 MHz, 61, 13.37 W, 0 %, 0 %
2026/07/19 10:15:52.812, 2055 MHz, 61, 13.37 W, 0 %, 0 %
2026/07/19 10:15:53.023, 2055 MHz, 61, 14.40 W, 0 %, 0 %
2026/07/19 10:15:53.231, 2055 MHz, 48, 1.20 W, 0 %, 0 %
2026/07/19 10:15:53.879, 2055 MHz, 60, 12.37 W, 0 %, 0 %
2026/07/19 10:15:54.090, 2055 MHz, 60, 12.37 W, 0 %, 0 %
2026/07/19 10:15:54.297, 2055 MHz, 61, 14.21 W, 0 %, 0 %
2026/07/19 10:15:54.507, 2055 MHz, 61, 14.21 W, 0 %, 0 %
2026/07/19 10:15:54.710, 2055 MHz, 61, 14.21 W, 0 %, 0 %
2026/07/19 10:15:54.925, 2055 MHz, 61, 14.06 W, 0 %, 0 %
2026/07/19 10:15:55.133, 2055 MHz, 61, 14.06 W, 0 %, 0 %
2026/07/19 10:15:55.339, 2055 MHz, 48, 1.20 W, 0 %, 0 %
2026/07/19 10:15:56.079, 2055 MHz, 60, 12.20 W, 0 %, 0 %
2026/07/19 10:15:56.287, 2055 MHz, 60, 12.20 W, 0 %, 0 %
2026/07/19 10:15:56.503, 2055 MHz, 61, 14.25 W, 0 %, 0 %
2026/07/19 10:15:56.717, 2055 MHz, 61, 14.25 W, 0 %, 0 %
2026/07/19 10:15:56.923, 2055 MHz, 61, 14.25 W, 0 %, 0 %
2026/07/19 10:15:57.125, 2055 MHz, 61, 14.23 W, 0 %, 0 %
2026/07/19 10:15:57.337, 2055 MHz, 61, 14.23 W, 0 %, 0 %
2026/07/19 10:15:57.551, 2055 MHz, 61, 12.85 W, 0 %, 0 %
2026/07/19 10:15:57.763, 2055 MHz, 61, 12.85 W, 0 %, 0 %
2026/07/19 10:15:57.968, 2055 MHz, 61, 14.25 W, 0 %, 0 %
2026/07/19 10:15:58.169, 2055 MHz, 61, 14.25 W, 0 %, 0 %
2026/07/19 10:15:58.381, 2055 MHz, 61, 14.25 W, 0 %, 0 %
2026/07/19 10:15:58.588, 2055 MHz, 61, 14.43 W, 0 %, 0 %
2026/07/19 10:15:58.790, 2055 MHz, 61, 14.43 W, 0 %, 0 %
2026/07/19 10:15:58.999, 2055 MHz, 61, 14.20 W, 0 %, 0 %
2026/07/19 10:15:59.208, 2055 MHz, 61, 14.20 W, 0 %, 0 %
2026/07/19 10:15:59.418, 2055 MHz, 61, 14.20 W, 0 %, 0 %
2026/07/19 10:15:59.630, 2055 MHz, 61, 14.21 W, 0 %, 0 %
2026/07/19 10:15:59.835, 2055 MHz, 61, 14.21 W, 0 %, 0 %
2026/07/19 10:16:00.040, 2055 MHz, 61, 13.13 W, 0 %, 0 %
2026/07/19 10:16:00.252, 2055 MHz, 61, 13.13 W, 0 %, 0 %
2026/07/19 10:16:00.464, 2055 MHz, 48, 1.20 W, 0 %, 0 %
2026/07/19 10:16:01.145, 2055 MHz, 60, 12.46 W, 0 %, 0 %
2026/07/19 10:16:01.348, 2055 MHz, 60, 12.46 W, 0 %, 0 %
2026/07/19 10:16:01.551, 2055 MHz, 61, 14.27 W, 0 %, 0 %
2026/07/19 10:16:01.753, 2055 MHz, 61, 14.27 W, 0 %, 0 %
2026/07/19 10:16:01.966, 2055 MHz, 48, 1.20 W, 0 %, 0 %
2026/07/19 10:16:02.683, 2055 MHz, 60, 12.45 W, 0 %, 0 %
2026/07/19 10:16:02.885, 2055 MHz, 48, 1.20 W, 0 %, 0 %
2026/07/19 10:16:03.571, 2055 MHz, 60, 10.39 W, 0 %, 0 %
2026/07/19 10:16:03.786, 2055 MHz, 60, 10.39 W, 0 %, 0 %
2026/07/19 10:16:03.994, 1380 MHz, 48, 14.96 W, 0 %, 0 %
2026/07/19 10:16:04.616, 2055 MHz, 60, 12.34 W, 0 %, 0 %
2026/07/19 10:16:04.824, 2055 MHz, 60, 12.34 W, 0 %, 0 %
2026/07/19 10:16:05.036, 2055 MHz, 60, 14.17 W, 0 %, 0 %
2026/07/19 10:16:05.242, 2055 MHz, 60, 14.17 W, 0 %, 0 %
2026/07/19 10:16:05.451, 2055 MHz, 60, 14.17 W, 0 %, 0 %
2026/07/19 10:16:05.654, 2055 MHz, 61, 12.89 W, 0 %, 0 %
2026/07/19 10:16:05.859, 2055 MHz, 61, 12.89 W, 0 %, 0 %
2026/07/19 10:16:06.074, 2055 MHz, 61, 12.90 W, 0 %, 0 %
2026/07/19 10:16:06.275, 2055 MHz, 61, 12.90 W, 0 %, 0 %
2026/07/19 10:16:06.485, 2055 MHz, 61, 14.35 W, 0 %, 0 %
2026/07/19 10:16:06.688, 2055 MHz, 61, 14.35 W, 0 %, 0 %
2026/07/19 10:16:06.892, 2055 MHz, 61, 14.35 W, 0 %, 0 %
2026/07/19 10:16:07.096, 2055 MHz, 61, 14.30 W, 0 %, 0 %
2026/07/19 10:16:07.297, 2055 MHz, 61, 14.30 W, 0 %, 0 %
2026/07/19 10:16:07.501, 2055 MHz, 61, 14.23 W, 0 %, 0 %
2026/07/19 10:16:07.705, 2055 MHz, 61, 14.23 W, 0 %, 0 %
2026/07/19 10:16:07.913, 2055 MHz, 48, 1.20 W, 0 %, 0 %
2026/07/19 10:16:08.619, 2055 MHz, 60, 10.42 W, 0 %, 0 %
2026/07/19 10:16:08.821, 2055 MHz, 60, 10.42 W, 0 %, 0 %
2026/07/19 10:16:09.032, 2055 MHz, 61, 12.93 W, 0 %, 0 %
2026/07/19 10:16:09.233, 2055 MHz, 61, 12.93 W, 0 %, 0 %
2026/07/19 10:16:09.436, 2055 MHz, 61, 12.93 W, 0 %, 0 %
2026/07/19 10:16:09.637, 2055 MHz, 61, 13.95 W, 0 %, 0 %
2026/07/19 10:16:09.843, 2055 MHz, 61, 13.95 W, 0 %, 0 %
2026/07/19 10:16:10.046, 2055 MHz, 61, 14.24 W, 0 %, 0 %
2026/07/19 10:16:10.255, 2055 MHz, 61, 14.24 W, 0 %, 0 %
2026/07/19 10:16:10.464, 2055 MHz, 61, 14.24 W, 0 %, 0 %
2026/07/19 10:16:10.677, 2055 MHz, 61, 13.33 W, 0 %, 0 %
2026/07/19 10:16:10.881, 2055 MHz, 61, 13.33 W, 0 %, 0 %
2026/07/19 10:16:11.093, 1380 MHz, 48, 15.09 W, 0 %, 0 %
2026/07/19 10:16:11.710, 2055 MHz, 60, 10.62 W, 0 %, 0 %
2026/07/19 10:16:11.912, 2055 MHz, 60, 10.62 W, 0 %, 0 %
2026/07/19 10:16:12.120, 2055 MHz, 61, 12.93 W, 0 %, 0 %
2026/07/19 10:16:12.322, 2055 MHz, 61, 12.93 W, 0 %, 0 %
2026/07/19 10:16:12.527, 2055 MHz, 61, 12.93 W, 0 %, 0 %
2026/07/19 10:16:12.730, 2055 MHz, 61, 13.10 W, 0 %, 0 %
2026/07/19 10:16:12.934, 2055 MHz, 61, 13.10 W, 0 %, 0 %
2026/07/19 10:16:13.146, 2055 MHz, 61, 13.72 W, 0 %, 0 %
2026/07/19 10:16:13.348, 2055 MHz, 61, 13.72 W, 0 %, 0 %
2026/07/19 10:16:13.554, 2055 MHz, 61, 13.72 W, 0 %, 0 %
2026/07/19 10:16:13.769, 2055 MHz, 61, 12.99 W, 0 %, 0 %
2026/07/19 10:16:13.972, 2055 MHz, 61, 12.99 W, 0 %, 0 %
2026/07/19 10:16:14.181, 2055 MHz, 61, 12.85 W, 0 %, 0 %
2026/07/19 10:16:14.384, 2055 MHz, 61, 12.85 W, 0 %, 0 %
2026/07/19 10:16:14.592, 2055 MHz, 61, 14.25 W, 0 %, 0 %
2026/07/19 10:16:14.798, 2055 MHz, 61, 14.25 W, 0 %, 0 %
2026/07/19 10:16:15.003, 2055 MHz, 61, 14.25 W, 0 %, 0 %
2026/07/19 10:16:15.211, 2055 MHz, 61, 14.24 W, 0 %, 0 %
2026/07/19 10:16:15.419, 2055 MHz, 48, 1.20 W, 0 %, 0 %
2026/07/19 10:16:16.055, 2055 MHz, 60, 10.55 W, 0 %, 0 %
2026/07/19 10:16:16.263, 2055 MHz, 60, 10.55 W, 0 %, 0 %
2026/07/19 10:16:16.468, 2055 MHz, 61, 12.84 W, 0 %, 0 %
2026/07/19 10:16:16.671, 2055 MHz, 48, 1.20 W, 0 %, 0 %
2026/07/19 10:16:17.394, 2055 MHz, 60, 10.41 W, 0 %, 0 %
2026/07/19 10:16:17.595, 2055 MHz, 48, 1.20 W, 0 %, 0 %
2026/07/19 10:16:18.262, 2055 MHz, 60, 10.63 W, 0 %, 0 %
2026/07/19 10:16:18.475, 2055 MHz, 48, 1.20 W, 0 %, 0 %
2026/07/19 10:16:19.141, 2055 MHz, 60, 10.37 W, 0 %, 0 %
2026/07/19 10:16:19.344, 2055 MHz, 60, 10.37 W, 0 %, 0 %
2026/07/19 10:16:19.546, 2055 MHz, 48, 1.20 W, 0 %, 0 %
2026/07/19 10:16:20.201, 2055 MHz, 60, 10.60 W, 0 %, 0 %
2026/07/19 10:16:20.404, 2055 MHz, 60, 10.60 W, 0 %, 0 %
2026/07/19 10:16:20.609, 2055 MHz, 61, 12.85 W, 0 %, 0 %
2026/07/19 10:16:20.812, 2055 MHz, 61, 12.85 W, 0 %, 0 %
2026/07/19 10:16:21.016, 2055 MHz, 61, 12.85 W, 0 %, 0 %
2026/07/19 10:16:21.222, 2055 MHz, 61, 12.89 W, 0 %, 0 %
2026/07/19 10:16:21.432, 2055 MHz, 61, 12.89 W, 0 %, 0 %
2026/07/19 10:16:21.637, 2055 MHz, 48, 1.20 W, 0 %, 0 %
2026/07/19 10:16:22.321, 2055 MHz, 60, 13.08 W, 0 %, 0 %
2026/07/19 10:16:22.534, 2055 MHz, 60, 13.08 W, 0 %, 0 %
2026/07/19 10:16:22.741, 2055 MHz, 61, 12.86 W, 0 %, 0 %
2026/07/19 10:16:22.944, 2055 MHz, 61, 12.86 W, 0 %, 0 %
2026/07/19 10:16:23.159, 2055 MHz, 61, 12.86 W, 0 %, 0 %
2026/07/19 10:16:23.369, 2055 MHz, 61, 13.00 W, 0 %, 0 %
2026/07/19 10:16:23.584, 2055 MHz, 61, 13.00 W, 0 %, 0 %
2026/07/19 10:16:23.793, 2055 MHz, 61, 14.17 W, 0 %, 0 %
2026/07/19 10:16:23.998, 2055 MHz, 61, 14.17 W, 0 %, 0 %
2026/07/19 10:16:24.204, 2055 MHz, 61, 12.86 W, 0 %, 0 %
2026/07/19 10:16:24.407, 2055 MHz, 61, 12.86 W, 0 %, 0 %
2026/07/19 10:16:24.610, 2055 MHz, 61, 12.86 W, 0 %, 0 %
2026/07/19 10:16:24.810, 2055 MHz, 61, 12.87 W, 0 %, 0 %
2026/07/19 10:16:25.018, 2055 MHz, 61, 12.87 W, 0 %, 0 %
2026/07/19 10:16:25.220, 2055 MHz, 61, 12.97 W, 0 %, 0 %
2026/07/19 10:16:25.425, 2055 MHz, 61, 12.97 W, 0 %, 0 %
2026/07/19 10:16:25.628, 2055 MHz, 61, 12.97 W, 0 %, 0 %
2026/07/19 10:16:25.843, 2055 MHz, 61, 14.27 W, 0 %, 0 %
2026/07/19 10:16:26.046, 2055 MHz, 61, 14.27 W, 0 %, 0 %
2026/07/19 10:16:26.260, 2055 MHz, 61, 15.15 W, 0 %, 0 %
2026/07/19 10:16:26.468, 2055 MHz, 61, 15.15 W, 0 %, 0 %
2026/07/19 10:16:26.673, 2055 MHz, 61, 15.15 W, 0 %, 0 %
2026/07/19 10:16:26.888, 2055 MHz, 61, 13.00 W, 0 %, 0 %
2026/07/19 10:16:27.091, 2055 MHz, 61, 13.00 W, 0 %, 0 %
2026/07/19 10:16:27.295, 2055 MHz, 61, 13.21 W, 0 %, 0 %
2026/07/19 10:16:27.495, 2055 MHz, 61, 13.21 W, 0 %, 0 %
2026/07/19 10:16:27.698, 2055 MHz, 61, 12.94 W, 0 %, 0 %
2026/07/19 10:16:27.900, 2055 MHz, 61, 12.94 W, 0 %, 0 %
2026/07/19 10:16:28.102, 2055 MHz, 61, 12.94 W, 0 %, 0 %
2026/07/19 10:16:28.317, 1380 MHz, 48, 15.11 W, 0 %, 0 %
2026/07/19 10:16:28.959, 2055 MHz, 61, 10.66 W, 0 %, 0 %
2026/07/19 10:16:29.161, 2055 MHz, 61, 10.66 W, 0 %, 0 %
2026/07/19 10:16:29.367, 2055 MHz, 61, 12.86 W, 0 %, 0 %
2026/07/19 10:16:29.574, 2055 MHz, 61, 12.86 W, 0 %, 0 %
2026/07/19 10:16:29.775, 2055 MHz, 61, 12.86 W, 0 %, 0 %
2026/07/19 10:16:29.979, 2055 MHz, 61, 12.89 W, 0 %, 0 %
2026/07/19 10:16:30.187, 2055 MHz, 61, 12.89 W, 0 %, 0 %
2026/07/19 10:16:30.393, 2055 MHz, 61, 12.96 W, 0 %, 0 %
2026/07/19 10:16:30.599, 2055 MHz, 48, 1.20 W, 0 %, 0 %
2026/07/19 10:16:31.148, 2055 MHz, 61, 11.79 W, 0 %, 0 %
2026/07/19 10:16:31.353, 2055 MHz, 61, 11.79 W, 0 %, 0 %
2026/07/19 10:16:31.554, 2055 MHz, 61, 12.98 W, 0 %, 0 %
2026/07/19 10:16:31.757, 2055 MHz, 61, 12.98 W, 0 %, 0 %
2026/07/19 10:16:31.959, 2055 MHz, 61, 12.98 W, 0 %, 0 %
2026/07/19 10:16:32.162, 2055 MHz, 61, 12.90 W, 0 %, 0 %
2026/07/19 10:16:32.373, 2055 MHz, 61, 12.90 W, 0 %, 0 %
2026/07/19 10:16:32.577, 2055 MHz, 61, 12.94 W, 0 %, 0 %
2026/07/19 10:16:32.779, 2055 MHz, 48, 1.20 W, 0 %, 0 %
2026/07/19 10:16:33.316, 2055 MHz, 61, 10.54 W, 0 %, 0 %
2026/07/19 10:16:33.525, 2055 MHz, 48, 1.20 W, 0 %, 0 %
2026/07/19 10:16:34.183, 2055 MHz, 61, 10.61 W, 0 %, 0 %
2026/07/19 10:16:34.384, 2055 MHz, 61, 10.61 W, 0 %, 0 %
2026/07/19 10:16:34.586, 2055 MHz, 61, 12.92 W, 0 %, 0 %
2026/07/19 10:16:34.789, 2055 MHz, 61, 12.92 W, 0 %, 0 %
2026/07/19 10:16:34.990, 2055 MHz, 61, 12.92 W, 0 %, 0 %
2026/07/19 10:16:35.205, 2055 MHz, 61, 12.92 W, 0 %, 0 %
2026/07/19 10:16:35.413, 2055 MHz, 61, 12.92 W, 0 %, 0 %
2026/07/19 10:16:35.614, 2055 MHz, 61, 12.93 W, 0 %, 0 %
2026/07/19 10:16:35.818, 2055 MHz, 61, 12.93 W, 0 %, 0 %
2026/07/19 10:16:36.029, 2055 MHz, 61, 12.93 W, 0 %, 0 %
2026/07/19 10:16:36.233, 2055 MHz, 61, 13.06 W, 0 %, 0 %
2026/07/19 10:16:36.438, 2055 MHz, 48, 1.20 W, 0 %, 0 %
2026/07/19 10:16:37.169, 2055 MHz, 61, 10.66 W, 0 %, 0 %
2026/07/19 10:16:37.379, 2055 MHz, 61, 10.66 W, 0 %, 0 %
2026/07/19 10:16:37.585, 2055 MHz, 61, 13.03 W, 0 %, 0 %
2026/07/19 10:16:37.787, 2055 MHz, 61, 13.03 W, 0 %, 0 %
2026/07/19 10:16:37.995, 2055 MHz, 61, 13.03 W, 0 %, 0 %
2026/07/19 10:16:38.199, 2055 MHz, 62, 12.92 W, 0 %, 0 %
2026/07/19 10:16:38.412, 2055 MHz, 62, 12.92 W, 0 %, 0 %
2026/07/19 10:16:38.620, 2055 MHz, 62, 12.92 W, 0 %, 0 %
2026/07/19 10:16:38.829, 2055 MHz, 48, 1.20 W, 0 %, 0 %
2026/07/19 10:16:39.530, 2055 MHz, 61, 10.61 W, 0 %, 0 %
2026/07/19 10:16:39.731, 2055 MHz, 61, 10.61 W, 0 %, 0 %
2026/07/19 10:16:39.934, 2055 MHz, 62, 13.10 W, 0 %, 0 %
2026/07/19 10:16:40.140, 2055 MHz, 62, 13.10 W, 0 %, 0 %
2026/07/19 10:16:40.345, 2055 MHz, 62, 13.10 W, 0 %, 0 %
2026/07/19 10:16:40.549, 2055 MHz, 62, 13.01 W, 0 %, 0 %
2026/07/19 10:16:40.750, 2055 MHz, 62, 13.01 W, 0 %, 0 %
2026/07/19 10:16:40.952, 2055 MHz, 62, 13.03 W, 0 %, 0 %
2026/07/19 10:16:41.154, 2055 MHz, 62, 13.03 W, 0 %, 0 %
2026/07/19 10:16:41.357, 2055 MHz, 62, 13.03 W, 0 %, 0 %
2026/07/19 10:16:41.560, 2055 MHz, 48, 1.20 W, 0 %, 0 %
2026/07/19 10:16:42.145, 2055 MHz, 61, 10.69 W, 0 %, 0 %
2026/07/19 10:16:42.348, 2055 MHz, 61, 10.69 W, 0 %, 0 %
2026/07/19 10:16:42.563, 2055 MHz, 48, 1.20 W, 0 %, 0 %
2026/07/19 10:16:43.110, 2055 MHz, 61, 10.40 W, 0 %, 0 %
2026/07/19 10:16:43.313, 2055 MHz, 61, 10.40 W, 0 %, 0 %
2026/07/19 10:16:43.515, 2055 MHz, 62, 13.01 W, 0 %, 0 %
2026/07/19 10:16:43.719, 2055 MHz, 62, 13.01 W, 0 %, 0 %
2026/07/19 10:16:43.922, 2055 MHz, 62, 13.01 W, 0 %, 0 %
2026/07/19 10:16:44.131, 2055 MHz, 62, 12.93 W, 0 %, 0 %
2026/07/19 10:16:44.336, 1380 MHz, 48, 15.15 W, 0 %, 0 %
2026/07/19 10:16:44.958, 2055 MHz, 61, 10.76 W, 0 %, 0 %
2026/07/19 10:16:45.164, 2055 MHz, 61, 10.76 W, 0 %, 0 %
2026/07/19 10:16:45.367, 2055 MHz, 62, 12.96 W, 0 %, 0 %
2026/07/19 10:16:45.571, 2055 MHz, 62, 12.96 W, 0 %, 0 %
2026/07/19 10:16:45.777, 2055 MHz, 62, 12.96 W, 0 %, 0 %
2026/07/19 10:16:45.980, 2055 MHz, 62, 12.93 W, 0 %, 0 %
2026/07/19 10:16:46.182, 2055 MHz, 62, 12.93 W, 0 %, 0 %
2026/07/19 10:16:46.383, 2055 MHz, 62, 12.94 W, 0 %, 0 %
2026/07/19 10:16:46.587, 2055 MHz, 62, 12.94 W, 0 %, 0 %
2026/07/19 10:16:46.799, 2055 MHz, 62, 12.94 W, 0 %, 0 %
2026/07/19 10:16:47.003, 2055 MHz, 62, 12.95 W, 0 %, 0 %
2026/07/19 10:16:47.216, 2055 MHz, 62, 12.95 W, 0 %, 0 %
2026/07/19 10:16:47.417, 2055 MHz, 48, 1.20 W, 0 %, 0 %
2026/07/19 10:16:48.035, 2055 MHz, 61, 10.51 W, 0 %, 0 %
2026/07/19 10:16:48.237, 2055 MHz, 61, 10.51 W, 0 %, 0 %
2026/07/19 10:16:48.448, 2055 MHz, 62, 12.95 W, 0 %, 0 %
2026/07/19 10:16:48.651, 2055 MHz, 62, 12.95 W, 0 %, 0 %
2026/07/19 10:16:48.862, 2055 MHz, 62, 12.95 W, 0 %, 0 %
2026/07/19 10:16:49.064, 2055 MHz, 62, 12.94 W, 0 %, 0 %
2026/07/19 10:16:49.278, 2055 MHz, 62, 12.94 W, 0 %, 0 %
2026/07/19 10:16:49.482, 2055 MHz, 62, 13.02 W, 0 %, 0 %
2026/07/19 10:16:49.683, 2055 MHz, 62, 13.02 W, 0 %, 0 %
2026/07/19 10:16:49.884, 2055 MHz, 62, 13.02 W, 0 %, 0 %
2026/07/19 10:16:50.088, 2055 MHz, 62, 13.08 W, 0 %, 0 %
2026/07/19 10:16:50.290, 2055 MHz, 62, 13.08 W, 0 %, 0 %
2026/07/19 10:16:50.491, 2055 MHz, 62, 12.95 W, 0 %, 0 %
2026/07/19 10:16:50.705, 2055 MHz, 62, 12.95 W, 0 %, 0 %
2026/07/19 10:16:50.920, 2055 MHz, 62, 12.96 W, 0 %, 0 %
2026/07/19 10:16:51.133, 2055 MHz, 62, 12.96 W, 0 %, 0 %
2026/07/19 10:16:51.334, 2055 MHz, 62, 12.96 W, 0 %, 0 %
2026/07/19 10:16:51.548, 2055 MHz, 62, 12.96 W, 0 %, 0 %
2026/07/19 10:16:51.763, 2055 MHz, 62, 12.96 W, 0 %, 0 %
2026/07/19 10:16:51.967, 2055 MHz, 62, 12.97 W, 0 %, 0 %
2026/07/19 10:16:52.171, 2055 MHz, 62, 12.97 W, 0 %, 0 %
2026/07/19 10:16:52.376, 2055 MHz, 48, 1.20 W, 0 %, 0 %
2026/07/19 10:16:53.031, 2055 MHz, 62, 10.60 W, 0 %, 0 %
2026/07/19 10:16:53.247, 2055 MHz, 62, 10.60 W, 0 %, 0 %
2026/07/19 10:16:53.453, 2055 MHz, 48, 1.20 W, 0 %, 0 %
2026/07/19 10:16:54.071, 2055 MHz, 62, 10.40 W, 0 %, 0 %
2026/07/19 10:16:54.282, 2055 MHz, 62, 10.40 W, 0 %, 0 %
2026/07/19 10:16:54.495, 2055 MHz, 62, 13.08 W, 0 %, 0 %
2026/07/19 10:16:54.704, 2055 MHz, 62, 13.08 W, 0 %, 0 %
2026/07/19 10:16:54.918, 2055 MHz, 62, 13.08 W, 0 %, 0 %
2026/07/19 10:16:55.126, 2055 MHz, 62, 13.02 W, 0 %, 0 %
2026/07/19 10:16:55.327, 2055 MHz, 62, 13.02 W, 0 %, 0 %
2026/07/19 10:16:55.532, 2055 MHz, 62, 13.02 W, 0 %, 0 %
2026/07/19 10:16:55.734, 2055 MHz, 62, 13.02 W, 0 %, 0 %
2026/07/19 10:16:55.938, 2055 MHz, 62, 13.02 W, 0 %, 0 %
2026/07/19 10:16:56.153, 2055 MHz, 48, 1.20 W, 0 %, 0 %
2026/07/19 10:16:56.754, 2055 MHz, 62, 12.08 W, 0 %, 0 %
2026/07/19 10:16:56.956, 2055 MHz, 62, 12.08 W, 0 %, 0 %
2026/07/19 10:16:57.163, 2055 MHz, 62, 13.94 W, 0 %, 0 %
2026/07/19 10:16:57.371, 2055 MHz, 62, 13.94 W, 0 %, 0 %
2026/07/19 10:16:57.573, 2055 MHz, 62, 13.94 W, 0 %, 0 %
2026/07/19 10:16:57.781, 2055 MHz, 62, 13.06 W, 0 %, 0 %
2026/07/19 10:16:57.990, 2055 MHz, 62, 13.06 W, 0 %, 0 %
2026/07/19 10:16:58.200, 2055 MHz, 62, 12.96 W, 0 %, 0 %
2026/07/19 10:16:58.408, 2055 MHz, 62, 12.96 W, 0 %, 0 %
2026/07/19 10:16:58.617, 2055 MHz, 62, 12.96 W, 0 %, 0 %
2026/07/19 10:16:58.820, 2055 MHz, 62, 13.01 W, 0 %, 0 %
2026/07/19 10:16:59.023, 2055 MHz, 62, 13.01 W, 0 %, 0 %
2026/07/19 10:16:59.230, 2055 MHz, 62, 13.08 W, 0 %, 0 %
2026/07/19 10:16:59.445, 2055 MHz, 48, 1.20 W, 0 %, 0 %
2026/07/19 10:17:00.131, 2055 MHz, 62, 10.56 W, 0 %, 0 %
2026/07/19 10:17:00.332, 2055 MHz, 62, 10.56 W, 0 %, 0 %
2026/07/19 10:17:00.534, 2055 MHz, 62, 13.03 W, 0 %, 0 %
2026/07/19 10:17:00.735, 2055 MHz, 62, 13.03 W, 0 %, 0 %
2026/07/19 10:17:00.937, 2055 MHz, 62, 13.03 W, 0 %, 0 %
2026/07/19 10:17:01.152, 2055 MHz, 62, 12.94 W, 0 %, 0 %
2026/07/19 10:17:01.360, 2055 MHz, 62, 12.94 W, 0 %, 0 %
2026/07/19 10:17:01.572, 2055 MHz, 62, 12.97 W, 0 %, 0 %
2026/07/19 10:17:01.785, 2055 MHz, 62, 12.97 W, 0 %, 0 %
2026/07/19 10:17:01.989, 2055 MHz, 62, 12.97 W, 0 %, 0 %
2026/07/19 10:17:02.193, 2055 MHz, 62, 12.96 W, 0 %, 0 %
2026/07/19 10:17:02.403, 2055 MHz, 62, 12.96 W, 0 %, 0 %
2026/07/19 10:17:02.614, 2055 MHz, 62, 14.30 W, 0 %, 0 %
2026/07/19 10:17:02.827, 2055 MHz, 48, 1.20 W, 0 %, 0 %
2026/07/19 10:17:03.476, 2055 MHz, 62, 10.64 W, 0 %, 0 %
2026/07/19 10:17:03.690, 2055 MHz, 62, 10.64 W, 0 %, 0 %
2026/07/19 10:17:03.895, 2055 MHz, 62, 12.97 W, 0 %, 0 %
2026/07/19 10:17:04.102, 2055 MHz, 62, 12.97 W, 0 %, 0 %
2026/07/19 10:17:04.313, 2055 MHz, 62, 12.97 W, 0 %, 0 %
2026/07/19 10:17:04.522, 2055 MHz, 62, 12.94 W, 0 %, 0 %
2026/07/19 10:17:04.733, 2055 MHz, 62, 12.94 W, 0 %, 0 %
2026/07/19 10:17:04.941, 2055 MHz, 62, 12.95 W, 0 %, 0 %
2026/07/19 10:17:05.144, 2055 MHz, 48, 1.20 W, 0 %, 0 %
2026/07/19 10:17:05.764, 2055 MHz, 62, 10.59 W, 0 %, 0 %
2026/07/19 10:17:05.972, 2055 MHz, 62, 10.59 W, 0 %, 0 %
2026/07/19 10:17:06.184, 2055 MHz, 62, 12.96 W, 0 %, 0 %
2026/07/19 10:17:06.385, 2055 MHz, 62, 12.96 W, 0 %, 0 %
2026/07/19 10:17:06.592, 2055 MHz, 62, 12.96 W, 0 %, 0 %
2026/07/19 10:17:06.802, 2055 MHz, 62, 12.94 W, 0 %, 0 %
2026/07/19 10:17:07.013, 2055 MHz, 62, 12.94 W, 0 %, 0 %
2026/07/19 10:17:07.228, 2055 MHz, 62, 13.03 W, 0 %, 0 %
2026/07/19 10:17:07.429, 2055 MHz, 62, 13.03 W, 0 %, 0 %
2026/07/19 10:17:07.639, 2055 MHz, 62, 13.00 W, 0 %, 0 %
2026/07/19 10:17:07.852, 2055 MHz, 62, 13.00 W, 0 %, 0 %
2026/07/19 10:17:08.061, 2055 MHz, 62, 13.00 W, 0 %, 0 %
2026/07/19 10:17:08.262, 2055 MHz, 62, 12.96 W, 0 %, 0 %
2026/07/19 10:17:08.467, 2055 MHz, 62, 12.96 W, 0 %, 0 %
2026/07/19 10:17:08.672, 2055 MHz, 62, 12.98 W, 0 %, 0 %
2026/07/19 10:17:08.874, 2055 MHz, 62, 12.98 W, 0 %, 0 %
2026/07/19 10:17:09.075, 2055 MHz, 62, 12.98 W, 0 %, 0 %
2026/07/19 10:17:09.277, 2055 MHz, 48, 1.20 W, 0 %, 0 %
2026/07/19 10:17:09.917, 2055 MHz, 62, 12.14 W, 0 %, 0 %
2026/07/19 10:17:10.129, 2055 MHz, 62, 12.14 W, 0 %, 0 %
2026/07/19 10:17:10.332, 2055 MHz, 62, 13.10 W, 0 %, 0 %
2026/07/19 10:17:10.540, 2055 MHz, 62, 13.10 W, 0 %, 0 %
2026/07/19 10:17:10.751, 2055 MHz, 62, 13.10 W, 0 %, 0 %
2026/07/19 10:17:10.965, 2055 MHz, 48, 1.20 W, 0 %, 0 %
2026/07/19 10:17:11.608, 2055 MHz, 62, 11.85 W, 0 %, 0 %
2026/07/19 10:17:11.819, 2055 MHz, 48, 1.20 W, 0 %, 0 %
2026/07/19 10:17:12.469, 2055 MHz, 62, 12.28 W, 0 %, 0 %
2026/07/19 10:17:12.673, 2055 MHz, 48, 1.20 W, 0 %, 0 %
2026/07/19 10:17:13.324, 2055 MHz, 62, 10.70 W, 0 %, 0 %
2026/07/19 10:17:13.527, 2055 MHz, 62, 10.70 W, 0 %, 0 %
2026/07/19 10:17:13.731, 2055 MHz, 63, 12.97 W, 0 %, 0 %
2026/07/19 10:17:13.936, 2055 MHz, 48, 1.20 W, 0 %, 0 %
2026/07/19 10:17:14.542, 2055 MHz, 62, 10.60 W, 0 %, 0 %
2026/07/19 10:17:14.753, 2055 MHz, 62, 10.60 W, 0 %, 0 %
2026/07/19 10:17:14.959, 2055 MHz, 63, 12.96 W, 0 %, 0 %
2026/07/19 10:17:15.162, 2055 MHz, 63, 12.96 W, 0 %, 0 %
2026/07/19 10:17:15.365, 2055 MHz, 63, 12.96 W, 0 %, 0 %
2026/07/19 10:17:15.568, 2055 MHz, 63, 13.01 W, 0 %, 0 %
2026/07/19 10:17:15.769, 2055 MHz, 63, 13.01 W, 0 %, 0 %
2026/07/19 10:17:15.971, 2055 MHz, 63, 13.09 W, 0 %, 0 %
2026/07/19 10:17:16.185, 2055 MHz, 63, 13.09 W, 0 %, 0 %
2026/07/19 10:17:16.392, 2055 MHz, 63, 13.09 W, 0 %, 0 %
2026/07/19 10:17:16.602, 2055 MHz, 63, 13.02 W, 0 %, 0 %
2026/07/19 10:17:16.807, 2055 MHz, 63, 13.02 W, 0 %, 0 %
2026/07/19 10:17:17.010, 2055 MHz, 63, 13.44 W, 0 %, 0 %
2026/07/19 10:17:17.225, 2055 MHz, 63, 13.44 W, 0 %, 0 %
2026/07/19 10:17:17.432, 2055 MHz, 48, 1.20 W, 0 %, 0 %
2026/07/19 10:17:18.012, 2055 MHz, 62, 10.51 W, 0 %, 0 %
2026/07/19 10:17:18.225, 2055 MHz, 62, 10.51 W, 0 %, 0 %
2026/07/19 10:17:18.432, 2055 MHz, 63, 13.13 W, 0 %, 0 %
2026/07/19 10:17:18.635, 2055 MHz, 63, 13.13 W, 0 %, 0 %
2026/07/19 10:17:18.839, 2055 MHz, 63, 13.13 W, 0 %, 0 %
2026/07/19 10:17:19.040, 2055 MHz, 63, 13.04 W, 0 %, 0 %
2026/07/19 10:17:19.247, 2055 MHz, 63, 13.04 W, 0 %, 0 %
2026/07/19 10:17:19.453, 2055 MHz, 63, 13.06 W, 0 %, 0 %
2026/07/19 10:17:19.662, 2055 MHz, 63, 13.06 W, 0 %, 0 %
2026/07/19 10:17:19.867, 2055 MHz, 63, 13.06 W, 0 %, 0 %
2026/07/19 10:17:20.068, 2055 MHz, 63, 13.02 W, 0 %, 0 %
2026/07/19 10:17:20.281, 2055 MHz, 48, 1.20 W, 0 %, 0 %
2026/07/19 10:17:20.929, 2055 MHz, 62, 10.66 W, 0 %, 0 %
2026/07/19 10:17:21.133, 2055 MHz, 62, 10.66 W, 0 %, 0 %
2026/07/19 10:17:21.341, 2055 MHz, 63, 13.10 W, 0 %, 0 %
2026/07/19 10:17:21.544, 2055 MHz, 63, 13.10 W, 0 %, 0 %
2026/07/19 10:17:21.748, 2055 MHz, 63, 13.10 W, 0 %, 0 %
2026/07/19 10:17:21.951, 2055 MHz, 63, 13.01 W, 0 %, 0 %
2026/07/19 10:17:22.164, 2055 MHz, 63, 13.01 W, 0 %, 0 %
2026/07/19 10:17:22.366, 2055 MHz, 63, 13.23 W, 0 %, 0 %
2026/07/19 10:17:22.572, 2055 MHz, 63, 13.23 W, 0 %, 0 %
2026/07/19 10:17:22.775, 1380 MHz, 48, 15.28 W, 0 %, 0 %
2026/07/19 10:17:23.398, 2055 MHz, 62, 10.77 W, 0 %, 0 %
2026/07/19 10:17:23.607, 2055 MHz, 62, 10.77 W, 0 %, 0 %
2026/07/19 10:17:23.811, 2055 MHz, 63, 13.10 W, 0 %, 0 %
2026/07/19 10:17:24.013, 2055 MHz, 63, 13.10 W, 0 %, 0 %
2026/07/19 10:17:24.217, 2055 MHz, 63, 13.10 W, 0 %, 0 %
2026/07/19 10:17:24.421, 2055 MHz, 63, 13.01 W, 0 %, 0 %
2026/07/19 10:17:24.629, 2055 MHz, 63, 13.01 W, 0 %, 0 %
2026/07/19 10:17:24.831, 2055 MHz, 63, 13.09 W, 0 %, 0 %
2026/07/19 10:17:25.044, 2055 MHz, 63, 13.09 W, 0 %, 0 %
2026/07/19 10:17:25.247, 2055 MHz, 63, 13.14 W, 0 %, 0 %
2026/07/19 10:17:25.450, 2055 MHz, 63, 13.14 W, 0 %, 0 %
2026/07/19 10:17:25.650, 2055 MHz, 63, 13.14 W, 0 %, 0 %
2026/07/19 10:17:25.864, 2055 MHz, 63, 13.02 W, 0 %, 0 %
2026/07/19 10:17:26.067, 2055 MHz, 63, 13.02 W, 0 %, 0 %
2026/07/19 10:17:26.268, 2055 MHz, 63, 13.04 W, 0 %, 0 %
2026/07/19 10:17:26.472, 2055 MHz, 63, 13.04 W, 0 %, 0 %
2026/07/19 10:17:26.675, 2055 MHz, 63, 13.04 W, 0 %, 0 %
2026/07/19 10:17:26.880, 2055 MHz, 63, 14.22 W, 0 %, 0 %
2026/07/19 10:17:27.084, 2055 MHz, 63, 14.22 W, 0 %, 0 %
2026/07/19 10:17:27.288, 2055 MHz, 63, 12.99 W, 0 %, 0 %
2026/07/19 10:17:27.492, 2055 MHz, 63, 12.99 W, 0 %, 0 %
2026/07/19 10:17:27.698, 2055 MHz, 63, 12.99 W, 0 %, 0 %
2026/07/19 10:17:27.899, 2055 MHz, 63, 13.36 W, 0 %, 0 %
2026/07/19 10:17:28.101, 2055 MHz, 63, 13.36 W, 0 %, 0 %
2026/07/19 10:17:28.312, 2055 MHz, 63, 12.99 W, 0 %, 0 %
2026/07/19 10:17:28.519, 2055 MHz, 63, 12.99 W, 0 %, 0 %
2026/07/19 10:17:28.728, 2055 MHz, 63, 12.99 W, 0 %, 0 %
2026/07/19 10:17:28.933, 2055 MHz, 63, 13.10 W, 0 %, 0 %
2026/07/19 10:17:29.136, 2055 MHz, 63, 13.10 W, 0 %, 0 %
2026/07/19 10:17:29.338, 2055 MHz, 63, 13.02 W, 0 %, 0 %
2026/07/19 10:17:29.540, 2055 MHz, 63, 13.02 W, 0 %, 0 %
2026/07/19 10:17:29.748, 2055 MHz, 63, 13.00 W, 0 %, 0 %
2026/07/19 10:17:29.950, 2055 MHz, 63, 13.00 W, 0 %, 0 %
2026/07/19 10:17:30.151, 2055 MHz, 63, 13.00 W, 0 %, 0 %
2026/07/19 10:17:30.352, 2055 MHz, 63, 12.99 W, 0 %, 0 %
2026/07/19 10:17:30.563, 2055 MHz, 63, 12.99 W, 0 %, 0 %
2026/07/19 10:17:30.767, 2055 MHz, 63, 12.96 W, 0 %, 0 %
2026/07/19 10:17:30.968, 2055 MHz, 63, 12.96 W, 0 %, 0 %
2026/07/19 10:17:31.170, 2055 MHz, 63, 12.96 W, 0 %, 0 %
2026/07/19 10:17:31.382, 2055 MHz, 63, 12.98 W, 0 %, 0 %
2026/07/19 10:17:31.582, 2055 MHz, 63, 12.98 W, 0 %, 0 %
2026/07/19 10:17:31.787, 2055 MHz, 63, 12.99 W, 0 %, 0 %
2026/07/19 10:17:31.990, 2055 MHz, 63, 12.99 W, 0 %, 0 %
2026/07/19 10:17:32.191, 2055 MHz, 63, 12.99 W, 0 %, 0 %
2026/07/19 10:17:32.400, 2055 MHz, 63, 13.06 W, 0 %, 0 %
2026/07/19 10:17:32.602, 2055 MHz, 63, 13.06 W, 0 %, 0 %
2026/07/19 10:17:32.816, 2055 MHz, 63, 13.21 W, 0 %, 0 %
2026/07/19 10:17:33.017, 2055 MHz, 63, 13.21 W, 0 %, 0 %
2026/07/19 10:17:33.231, 2055 MHz, 63, 13.21 W, 0 %, 0 %
2026/07/19 10:17:33.433, 2055 MHz, 63, 13.04 W, 0 %, 0 %
2026/07/19 10:17:33.647, 2055 MHz, 63, 13.04 W, 0 %, 0 %
2026/07/19 10:17:33.848, 2055 MHz, 63, 13.03 W, 0 %, 0 %
2026/07/19 10:17:34.049, 2055 MHz, 63, 13.03 W, 0 %, 0 %
2026/07/19 10:17:34.249, 2055 MHz, 63, 13.05 W, 0 %, 0 %
2026/07/19 10:17:34.453, 2055 MHz, 63, 13.05 W, 0 %, 0 %
2026/07/19 10:17:34.656, 2055 MHz, 63, 13.05 W, 0 %, 0 %
2026/07/19 10:17:34.859, 2055 MHz, 63, 13.05 W, 0 %, 0 %
2026/07/19 10:17:35.061, 2055 MHz, 63, 13.05 W, 0 %, 0 %
2026/07/19 10:17:35.262, 285 MHz, 62, 4.74 W, 0 %, 0 %
2026/07/19 10:17:35.463, 285 MHz, 62, 4.74 W, 0 %, 0 %
2026/07/19 10:17:35.666, 285 MHz, 62, 4.74 W, 0 %, 0 %
2026/07/19 10:17:35.868, 210 MHz, 62, 3.67 W, 0 %, 0 %
2026/07/19 10:17:36.070, 210 MHz, 62, 3.67 W, 0 %, 0 %
2026/07/19 10:17:36.272, 210 MHz, 62, 3.60 W, 0 %, 0 %
2026/07/19 10:17:36.476, 210 MHz, 62, 3.60 W, 0 %, 0 %
2026/07/19 10:17:36.680, 210 MHz, 62, 3.60 W, 0 %, 0 %
2026/07/19 10:17:36.894, 210 MHz, 62, 3.63 W, 0 %, 0 %
2026/07/19 10:17:37.097, 210 MHz, 62, 3.63 W, 0 %, 0 %
2026/07/19 10:17:37.302, 210 MHz, 62, 3.63 W, 0 %, 0 %
2026/07/19 10:17:37.506, 2055 MHz, 48, 1.20 W, 0 %, 0 %
2026/07/19 10:17:38.157, 2055 MHz, 62, 10.54 W, 0 %, 0 %
2026/07/19 10:17:38.358, 2055 MHz, 62, 10.54 W, 0 %, 0 %
2026/07/19 10:17:38.567, 2055 MHz, 63, 13.10 W, 0 %, 0 %
2026/07/19 10:17:38.768, 2055 MHz, 63, 13.10 W, 0 %, 0 %
2026/07/19 10:17:38.984, 2055 MHz, 63, 13.10 W, 0 %, 0 %
2026/07/19 10:17:39.199, 2055 MHz, 63, 12.98 W, 0 %, 0 %
2026/07/19 10:17:39.400, 2055 MHz, 63, 12.98 W, 0 %, 0 %
2026/07/19 10:17:39.611, 2055 MHz, 63, 12.98 W, 0 %, 0 %
2026/07/19 10:17:39.820, 2055 MHz, 63, 12.98 W, 0 %, 0 %
2026/07/19 10:17:40.023, 2055 MHz, 63, 12.98 W, 0 %, 0 %
2026/07/19 10:17:40.225, 2055 MHz, 63, 13.26 W, 0 %, 0 %
2026/07/19 10:17:40.433, 2055 MHz, 63, 13.26 W, 0 %, 0 %
2026/07/19 10:17:40.642, 2055 MHz, 63, 13.05 W, 0 %, 0 %
2026/07/19 10:17:40.846, 2055 MHz, 63, 13.05 W, 0 %, 0 %
2026/07/19 10:17:41.048, 2055 MHz, 63, 13.00 W, 0 %, 0 %
2026/07/19 10:17:41.251, 2055 MHz, 63, 13.00 W, 0 %, 0 %
2026/07/19 10:17:41.451, 2055 MHz, 63, 13.00 W, 0 %, 0 %
2026/07/19 10:17:41.653, 2055 MHz, 63, 13.02 W, 0 %, 0 %
2026/07/19 10:17:41.855, 2055 MHz, 63, 13.02 W, 0 %, 0 %
2026/07/19 10:17:42.057, 2055 MHz, 63, 13.13 W, 0 %, 0 %
2026/07/19 10:17:42.259, 2055 MHz, 63, 13.13 W, 0 %, 0 %
2026/07/19 10:17:42.465, 2055 MHz, 63, 13.13 W, 0 %, 0 %
2026/07/19 10:17:42.672, 2055 MHz, 63, 13.04 W, 0 %, 0 %
2026/07/19 10:17:42.887, 2055 MHz, 63, 13.04 W, 0 %, 0 %
2026/07/19 10:17:43.089, 2055 MHz, 63, 13.04 W, 0 %, 0 %
2026/07/19 10:17:43.295, 2055 MHz, 63, 13.04 W, 0 %, 0 %
2026/07/19 10:17:43.497, 2055 MHz, 63, 13.04 W, 0 %, 0 %
2026/07/19 10:17:43.700, 2055 MHz, 63, 13.03 W, 0 %, 0 %
2026/07/19 10:17:43.905, 2055 MHz, 48, 1.20 W, 0 %, 0 %
2026/07/19 10:17:44.548, 2055 MHz, 63, 14.38 W, 0 %, 0 %
2026/07/19 10:17:44.755, 2055 MHz, 63, 14.38 W, 0 %, 0 %
2026/07/19 10:17:44.958, 2055 MHz, 63, 13.13 W, 0 %, 0 %
2026/07/19 10:17:45.162, 2055 MHz, 63, 13.13 W, 0 %, 0 %
2026/07/19 10:17:45.365, 2055 MHz, 63, 13.13 W, 0 %, 0 %
2026/07/19 10:17:45.567, 2055 MHz, 63, 13.09 W, 0 %, 0 %
2026/07/19 10:17:45.782, 2055 MHz, 63, 13.09 W, 0 %, 0 %
2026/07/19 10:17:45.985, 2055 MHz, 63, 13.04 W, 0 %, 0 %
2026/07/19 10:17:46.200, 2055 MHz, 63, 13.04 W, 0 %, 0 %
2026/07/19 10:17:46.408, 2055 MHz, 63, 13.04 W, 0 %, 0 %
2026/07/19 10:17:46.622, 2055 MHz, 48, 1.20 W, 0 %, 0 %
2026/07/19 10:17:47.257, 2055 MHz, 63, 10.71 W, 0 %, 0 %
2026/07/19 10:17:47.464, 2055 MHz, 63, 10.71 W, 0 %, 0 %
2026/07/19 10:17:47.677, 2055 MHz, 63, 13.05 W, 0 %, 0 %
2026/07/19 10:17:47.887, 2055 MHz, 48, 1.20 W, 0 %, 0 %
2026/07/19 10:17:48.514, 2055 MHz, 63, 11.97 W, 0 %, 0 %
2026/07/19 10:17:48.726, 2055 MHz, 63, 11.97 W, 0 %, 0 %
2026/07/19 10:17:48.941, 2055 MHz, 63, 13.11 W, 0 %, 0 %
2026/07/19 10:17:49.148, 2055 MHz, 63, 13.11 W, 0 %, 0 %
2026/07/19 10:17:49.358, 2055 MHz, 48, 1.20 W, 0 %, 0 %
2026/07/19 10:17:50.008, 2055 MHz, 63, 14.04 W, 0 %, 0 %
2026/07/19 10:17:50.210, 2055 MHz, 48, 1.20 W, 0 %, 0 %
2026/07/19 10:17:50.873, 2055 MHz, 63, 12.32 W, 0 %, 0 %
2026/07/19 10:17:51.081, 2055 MHz, 63, 12.32 W, 0 %, 0 %
2026/07/19 10:17:51.281, 2055 MHz, 63, 13.08 W, 0 %, 0 %
2026/07/19 10:17:51.490, 2055 MHz, 48, 1.20 W, 0 %, 0 %
2026/07/19 10:17:52.022, 2055 MHz, 63, 10.70 W, 0 %, 0 %
2026/07/19 10:17:52.236, 2055 MHz, 63, 10.70 W, 0 %, 0 %
2026/07/19 10:17:52.441, 2055 MHz, 63, 13.05 W, 0 %, 0 %
2026/07/19 10:17:52.641, 2055 MHz, 63, 13.05 W, 0 %, 0 %
2026/07/19 10:17:52.843, 2055 MHz, 63, 13.05 W, 0 %, 0 %
2026/07/19 10:17:53.048, 2055 MHz, 63, 13.08 W, 0 %, 0 %
2026/07/19 10:17:53.250, 2055 MHz, 63, 13.08 W, 0 %, 0 %
2026/07/19 10:17:53.455, 2055 MHz, 63, 13.12 W, 0 %, 0 %
2026/07/19 10:17:53.659, 2055 MHz, 63, 13.12 W, 0 %, 0 %
2026/07/19 10:17:53.873, 2055 MHz, 63, 13.12 W, 0 %, 0 %
2026/07/19 10:17:54.075, 2055 MHz, 63, 13.05 W, 0 %, 0 %
2026/07/19 10:17:54.287, 2055 MHz, 63, 13.05 W, 0 %, 0 %
2026/07/19 10:17:54.489, 2055 MHz, 63, 14.12 W, 0 %, 0 %
2026/07/19 10:17:54.689, 2055 MHz, 63, 14.12 W, 0 %, 0 %
2026/07/19 10:17:54.901, 1380 MHz, 48, 15.22 W, 0 %, 0 %
2026/07/19 10:17:55.526, 2055 MHz, 63, 10.83 W, 0 %, 0 %
2026/07/19 10:17:55.731, 2055 MHz, 48, 1.20 W, 0 %, 0 %
2026/07/19 10:17:56.388, 2055 MHz, 63, 10.66 W, 0 %, 0 %
2026/07/19 10:17:56.596, 2055 MHz, 48, 1.20 W, 0 %, 0 %
2026/07/19 10:17:57.272, 2055 MHz, 63, 10.69 W, 0 %, 0 %
2026/07/19 10:17:57.479, 2055 MHz, 63, 10.69 W, 0 %, 0 %
2026/07/19 10:17:57.679, 2055 MHz, 63, 13.06 W, 0 %, 0 %
2026/07/19 10:17:57.880, 2055 MHz, 63, 13.06 W, 0 %, 0 %
2026/07/19 10:17:58.084, 2055 MHz, 63, 13.06 W, 0 %, 0 %
2026/07/19 10:17:58.286, 2055 MHz, 63, 14.21 W, 0 %, 0 %
2026/07/19 10:17:58.498, 2055 MHz, 63, 14.21 W, 0 %, 0 %
2026/07/19 10:17:58.711, 2055 MHz, 63, 13.07 W, 0 %, 0 %
2026/07/19 10:17:58.913, 2055 MHz, 63, 13.07 W, 0 %, 0 %
2026/07/19 10:17:59.122, 2055 MHz, 63, 13.07 W, 0 %, 0 %
2026/07/19 10:17:59.336, 2055 MHz, 63, 13.05 W, 0 %, 0 %
2026/07/19 10:17:59.537, 1380 MHz, 48, 15.28 W, 0 %, 0 %
2026/07/19 10:18:00.161, 2055 MHz, 63, 10.82 W, 0 %, 0 %
2026/07/19 10:18:00.363, 2055 MHz, 63, 10.82 W, 0 %, 0 %
2026/07/19 10:18:00.563, 2055 MHz, 63, 13.09 W, 0 %, 0 %
2026/07/19 10:18:00.774, 2055 MHz, 63, 13.09 W, 0 %, 0 %
2026/07/19 10:18:00.983, 2055 MHz, 63, 13.09 W, 0 %, 0 %
2026/07/19 10:18:01.184, 2055 MHz, 63, 13.02 W, 0 %, 0 %
2026/07/19 10:18:01.394, 2055 MHz, 63, 13.02 W, 0 %, 0 %
2026/07/19 10:18:01.609, 2055 MHz, 63, 13.04 W, 0 %, 0 %
2026/07/19 10:18:01.815, 2055 MHz, 63, 13.04 W, 0 %, 0 %
2026/07/19 10:18:02.017, 2055 MHz, 63, 13.09 W, 0 %, 0 %
2026/07/19 10:18:02.224, 2055 MHz, 63, 13.09 W, 0 %, 0 %
2026/07/19 10:18:02.426, 2055 MHz, 63, 13.09 W, 0 %, 0 %
2026/07/19 10:18:02.639, 2055 MHz, 63, 13.26 W, 0 %, 0 %
2026/07/19 10:18:02.845, 2055 MHz, 63, 13.26 W, 0 %, 0 %
2026/07/19 10:18:03.053, 2055 MHz, 63, 13.04 W, 0 %, 0 %
2026/07/19 10:18:03.255, 2055 MHz, 63, 13.04 W, 0 %, 0 %
2026/07/19 10:18:03.461, 2055 MHz, 63, 13.04 W, 0 %, 0 %
2026/07/19 10:18:03.662, 2055 MHz, 63, 13.02 W, 0 %, 0 %
2026/07/19 10:18:03.876, 2055 MHz, 63, 13.02 W, 0 %, 0 %
2026/07/19 10:18:04.085, 2055 MHz, 48, 1.20 W, 0 %, 0 %
2026/07/19 10:18:04.726, 2055 MHz, 63, 10.59 W, 0 %, 0 %
2026/07/19 10:18:04.930, 2055 MHz, 63, 10.59 W, 0 %, 0 %
2026/07/19 10:18:05.132, 2055 MHz, 63, 13.10 W, 0 %, 0 %
2026/07/19 10:18:05.347, 2055 MHz, 63, 13.10 W, 0 %, 0 %
2026/07/19 10:18:05.552, 2055 MHz, 63, 13.10 W, 0 %, 0 %
2026/07/19 10:18:05.765, 2055 MHz, 63, 13.37 W, 0 %, 0 %
2026/07/19 10:18:05.966, 2055 MHz, 63, 13.37 W, 0 %, 0 %
2026/07/19 10:18:06.175, 2055 MHz, 63, 13.10 W, 0 %, 0 %
2026/07/19 10:18:06.378, 2055 MHz, 63, 13.10 W, 0 %, 0 %
2026/07/19 10:18:06.587, 2055 MHz, 63, 13.10 W, 0 %, 0 %
2026/07/19 10:18:06.801, 2055 MHz, 63, 13.08 W, 0 %, 0 %
2026/07/19 10:18:07.006, 2055 MHz, 63, 13.08 W, 0 %, 0 %
2026/07/19 10:18:07.221, 2055 MHz, 63, 13.04 W, 0 %, 0 %
2026/07/19 10:18:07.422, 2055 MHz, 63, 13.04 W, 0 %, 0 %
2026/07/19 10:18:07.635, 2055 MHz, 63, 13.01 W, 0 %, 0 %
2026/07/19 10:18:07.849, 2055 MHz, 63, 13.01 W, 0 %, 0 %
2026/07/19 10:18:08.054, 2055 MHz, 63, 13.01 W, 0 %, 0 %
2026/07/19 10:18:08.255, 2055 MHz, 63, 13.04 W, 0 %, 0 %
2026/07/19 10:18:08.460, 2055 MHz, 63, 13.04 W, 0 %, 0 %
2026/07/19 10:18:08.660, 2055 MHz, 63, 13.09 W, 0 %, 0 %
2026/07/19 10:18:08.875, 2055 MHz, 63, 13.09 W, 0 %, 0 %
2026/07/19 10:18:09.077, 2055 MHz, 63, 13.09 W, 0 %, 0 %
2026/07/19 10:18:09.279, 2055 MHz, 63, 13.03 W, 0 %, 0 %
2026/07/19 10:18:09.487, 2055 MHz, 63, 13.03 W, 0 %, 0 %
2026/07/19 10:18:09.698, 2055 MHz, 63, 13.02 W, 0 %, 0 %
2026/07/19 10:18:09.904, 2055 MHz, 63, 13.02 W, 0 %, 0 %
2026/07/19 10:18:10.113, 2055 MHz, 63, 13.07 W, 0 %, 0 %
2026/07/19 10:18:10.318, 2055 MHz, 63, 13.07 W, 0 %, 0 %
2026/07/19 10:18:10.520, 2055 MHz, 63, 13.07 W, 0 %, 0 %
2026/07/19 10:18:10.731, 2055 MHz, 63, 13.00 W, 0 %, 0 %
2026/07/19 10:18:10.942, 2055 MHz, 63, 13.00 W, 0 %, 0 %
2026/07/19 10:18:11.143, 2055 MHz, 63, 13.08 W, 0 %, 0 %
2026/07/19 10:18:11.357, 1380 MHz, 48, 15.27 W, 0 %, 0 %
2026/07/19 10:18:12.006, 2055 MHz, 63, 10.73 W, 0 %, 0 %
2026/07/19 10:18:12.210, 2055 MHz, 63, 10.73 W, 0 %, 0 %
2026/07/19 10:18:12.412, 2055 MHz, 63, 13.05 W, 0 %, 0 %
2026/07/19 10:18:12.627, 2055 MHz, 63, 13.05 W, 0 %, 0 %
2026/07/19 10:18:12.834, 2055 MHz, 48, 1.20 W, 0 %, 0 %
2026/07/19 10:18:13.520, 2055 MHz, 63, 12.62 W, 0 %, 0 %
2026/07/19 10:18:13.735, 2055 MHz, 63, 12.62 W, 0 %, 0 %
2026/07/19 10:18:13.948, 2055 MHz, 63, 13.02 W, 0 %, 0 %
2026/07/19 10:18:14.149, 2055 MHz, 63, 13.02 W, 0 %, 0 %
2026/07/19 10:18:14.356, 2055 MHz, 63, 13.02 W, 0 %, 0 %
2026/07/19 10:18:14.566, 2055 MHz, 63, 13.10 W, 0 %, 0 %
2026/07/19 10:18:14.768, 2055 MHz, 63, 13.10 W, 0 %, 0 %
2026/07/19 10:18:14.973, 2055 MHz, 63, 13.00 W, 0 %, 0 %
2026/07/19 10:18:15.174, 2055 MHz, 63, 13.00 W, 0 %, 0 %
2026/07/19 10:18:15.378, 2055 MHz, 48, 1.20 W, 0 %, 0 %
2026/07/19 10:18:15.919, 2055 MHz, 63, 10.58 W, 0 %, 0 %
2026/07/19 10:18:16.125, 2055 MHz, 63, 10.58 W, 0 %, 0 %
2026/07/19 10:18:16.332, 2055 MHz, 63, 12.99 W, 0 %, 0 %
2026/07/19 10:18:16.547, 2055 MHz, 63, 12.99 W, 0 %, 0 %
2026/07/19 10:18:16.753, 2055 MHz, 63, 12.99 W, 0 %, 0 %
2026/07/19 10:18:16.954, 2055 MHz, 63, 13.00 W, 0 %, 0 %
2026/07/19 10:18:17.160, 2055 MHz, 63, 13.00 W, 0 %, 0 %
2026/07/19 10:18:17.375, 2055 MHz, 63, 13.03 W, 0 %, 0 %
2026/07/19 10:18:17.579, 2055 MHz, 63, 13.03 W, 0 %, 0 %
2026/07/19 10:18:17.781, 2055 MHz, 63, 13.03 W, 0 %, 0 %
2026/07/19 10:18:17.990, 2055 MHz, 63, 12.98 W, 0 %, 0 %
2026/07/19 10:18:18.199, 2055 MHz, 63, 12.98 W, 0 %, 0 %
2026/07/19 10:18:18.413, 2055 MHz, 63, 12.95 W, 0 %, 0 %
2026/07/19 10:18:18.617, 2055 MHz, 63, 12.95 W, 0 %, 0 %
2026/07/19 10:18:18.819, 2055 MHz, 63, 12.99 W, 0 %, 0 %
2026/07/19 10:18:19.029, 2055 MHz, 63, 12.99 W, 0 %, 0 %
2026/07/19 10:18:19.235, 2055 MHz, 63, 12.99 W, 0 %, 0 %
2026/07/19 10:18:19.437, 2055 MHz, 63, 14.26 W, 0 %, 0 %
2026/07/19 10:18:19.651, 2055 MHz, 63, 14.26 W, 0 %, 0 %
2026/07/19 10:18:19.864, 2055 MHz, 63, 13.03 W, 0 %, 0 %
2026/07/19 10:18:20.066, 2055 MHz, 63, 13.03 W, 0 %, 0 %
2026/07/19 10:18:20.277, 2055 MHz, 48, 1.20 W, 0 %, 0 %
2026/07/19 10:18:20.933, 2055 MHz, 63, 10.67 W, 0 %, 0 %
2026/07/19 10:18:21.149, 2055 MHz, 63, 10.67 W, 0 %, 0 %
2026/07/19 10:18:21.352, 2055 MHz, 63, 13.11 W, 0 %, 0 %
2026/07/19 10:18:21.559, 2055 MHz, 63, 13.11 W, 0 %, 0 %
2026/07/19 10:18:21.765, 2055 MHz, 63, 13.11 W, 0 %, 0 %
2026/07/19 10:18:21.966, 2055 MHz, 63, 13.01 W, 0 %, 0 %
2026/07/19 10:18:22.167, 2055 MHz, 63, 13.01 W, 0 %, 0 %
2026/07/19 10:18:22.368, 2055 MHz, 63, 13.05 W, 0 %, 0 %
2026/07/19 10:18:22.574, 2055 MHz, 63, 13.05 W, 0 %, 0 %
2026/07/19 10:18:22.777, 2055 MHz, 63, 13.05 W, 0 %, 0 %
2026/07/19 10:18:22.978, 2055 MHz, 63, 13.16 W, 0 %, 0 %
2026/07/19 10:18:23.193, 2055 MHz, 63, 13.16 W, 0 %, 0 %
2026/07/19 10:18:23.398, 2055 MHz, 63, 13.00 W, 0 %, 0 %
2026/07/19 10:18:23.599, 2055 MHz, 63, 13.00 W, 0 %, 0 %
2026/07/19 10:18:23.804, 2055 MHz, 48, 1.20 W, 0 %, 0 %
2026/07/19 10:18:24.434, 2055 MHz, 63, 10.58 W, 0 %, 0 %
2026/07/19 10:18:24.639, 2055 MHz, 48, 1.20 W, 0 %, 0 %
2026/07/19 10:18:25.306, 2055 MHz, 63, 10.71 W, 0 %, 0 %
2026/07/19 10:18:25.508, 2055 MHz, 63, 10.71 W, 0 %, 0 %
2026/07/19 10:18:25.710, 2055 MHz, 63, 13.05 W, 0 %, 0 %
2026/07/19 10:18:25.924, 2055 MHz, 63, 13.05 W, 0 %, 0 %
2026/07/19 10:18:26.133, 2055 MHz, 63, 13.05 W, 0 %, 0 %
2026/07/19 10:18:26.334, 2055 MHz, 63, 13.05 W, 0 %, 0 %
2026/07/19 10:18:26.549, 2055 MHz, 63, 13.05 W, 0 %, 0 %
2026/07/19 10:18:26.750, 2055 MHz, 63, 13.14 W, 0 %, 0 %
2026/07/19 10:18:26.954, 2055 MHz, 63, 13.14 W, 0 %, 0 %
2026/07/19 10:18:27.169, 2055 MHz, 63, 13.14 W, 0 %, 0 %
2026/07/19 10:18:27.372, 2055 MHz, 63, 13.03 W, 0 %, 0 %
2026/07/19 10:18:27.576, 2055 MHz, 63, 13.03 W, 0 %, 0 %
2026/07/19 10:18:27.780, 2055 MHz, 63, 13.08 W, 0 %, 0 %
2026/07/19 10:18:27.981, 2055 MHz, 63, 13.08 W, 0 %, 0 %
2026/07/19 10:18:28.183, 2055 MHz, 63, 13.08 W, 0 %, 0 %
2026/07/19 10:18:28.392, 2055 MHz, 63, 13.03 W, 0 %, 0 %
2026/07/19 10:18:28.604, 2055 MHz, 63, 13.03 W, 0 %, 0 %
2026/07/19 10:18:28.819, 2055 MHz, 63, 13.77 W, 0 %, 0 %
2026/07/19 10:18:29.028, 2055 MHz, 63, 13.77 W, 0 %, 0 %
2026/07/19 10:18:29.235, 2055 MHz, 63, 13.06 W, 0 %, 0 %
2026/07/19 10:18:29.449, 2055 MHz, 48, 1.20 W, 0 %, 0 %
2026/07/19 10:18:30.139, 2055 MHz, 63, 10.62 W, 0 %, 0 %
2026/07/19 10:18:30.340, 2055 MHz, 48, 1.20 W, 0 %, 0 %
2026/07/19 10:18:30.997, 2055 MHz, 63, 10.82 W, 0 %, 0 %
2026/07/19 10:18:31.201, 2055 MHz, 63, 10.82 W, 0 %, 0 %
2026/07/19 10:18:31.402, 2055 MHz, 63, 13.08 W, 0 %, 0 %
2026/07/19 10:18:31.611, 2055 MHz, 63, 13.08 W, 0 %, 0 %
2026/07/19 10:18:31.812, 2055 MHz, 63, 13.08 W, 0 %, 0 %
2026/07/19 10:18:32.017, 2055 MHz, 63, 13.09 W, 0 %, 0 %
2026/07/19 10:18:32.232, 2055 MHz, 63, 13.09 W, 0 %, 0 %
2026/07/19 10:18:32.436, 2055 MHz, 63, 13.06 W, 0 %, 0 %
2026/07/19 10:18:32.639, 2055 MHz, 63, 13.06 W, 0 %, 0 %
2026/07/19 10:18:32.854, 2055 MHz, 63, 13.06 W, 0 %, 0 %
2026/07/19 10:18:33.056, 2055 MHz, 63, 13.04 W, 0 %, 0 %
2026/07/19 10:18:33.260, 2055 MHz, 63, 13.04 W, 0 %, 0 %
2026/07/19 10:18:33.464, 2055 MHz, 63, 13.07 W, 0 %, 0 %
2026/07/19 10:18:33.665, 2055 MHz, 63, 13.07 W, 0 %, 0 %
2026/07/19 10:18:33.866, 2055 MHz, 63, 13.07 W, 0 %, 0 %
2026/07/19 10:18:34.070, 2055 MHz, 63, 13.18 W, 0 %, 0 %
2026/07/19 10:18:34.271, 2055 MHz, 63, 13.18 W, 0 %, 0 %
2026/07/19 10:18:34.475, 2055 MHz, 63, 13.28 W, 0 %, 0 %
2026/07/19 10:18:34.680, 2055 MHz, 63, 13.28 W, 0 %, 0 %
2026/07/19 10:18:34.883, 2055 MHz, 63, 13.06 W, 0 %, 0 %
2026/07/19 10:18:35.083, 2055 MHz, 63, 13.06 W, 0 %, 0 %
2026/07/19 10:18:35.283, 2055 MHz, 63, 13.06 W, 0 %, 0 %
2026/07/19 10:18:35.485, 2055 MHz, 63, 13.13 W, 0 %, 0 %
2026/07/19 10:18:35.686, 2055 MHz, 63, 13.13 W, 0 %, 0 %
2026/07/19 10:18:35.887, 2055 MHz, 63, 13.05 W, 0 %, 0 %
2026/07/19 10:18:36.091, 2055 MHz, 48, 1.20 W, 0 %, 0 %
2026/07/19 10:18:36.714, 2055 MHz, 63, 12.19 W, 0 %, 0 %
2026/07/19 10:18:36.922, 2055 MHz, 63, 12.19 W, 0 %, 0 %
2026/07/19 10:18:37.136, 2055 MHz, 63, 13.08 W, 0 %, 0 %
2026/07/19 10:18:37.341, 2055 MHz, 63, 13.08 W, 0 %, 0 %
2026/07/19 10:18:37.543, 2055 MHz, 63, 13.08 W, 0 %, 0 %
2026/07/19 10:18:37.755, 2055 MHz, 63, 13.07 W, 0 %, 0 %
2026/07/19 10:18:37.956, 2055 MHz, 63, 13.07 W, 0 %, 0 %
2026/07/19 10:18:38.169, 2055 MHz, 63, 13.10 W, 0 %, 0 %
2026/07/19 10:18:38.373, 2055 MHz, 63, 13.10 W, 0 %, 0 %
2026/07/19 10:18:38.584, 2055 MHz, 63, 13.10 W, 0 %, 0 %
2026/07/19 10:18:38.796, 2055 MHz, 63, 13.06 W, 0 %, 0 %
2026/07/19 10:18:39.004, 2055 MHz, 48, 1.20 W, 0 %, 0 %
2026/07/19 10:18:39.640, 2055 MHz, 63, 10.61 W, 0 %, 0 %
2026/07/19 10:18:39.851, 2055 MHz, 63, 10.61 W, 0 %, 0 %
2026/07/19 10:18:40.060, 2055 MHz, 63, 13.10 W, 0 %, 0 %
2026/07/19 10:18:40.269, 2055 MHz, 63, 13.10 W, 0 %, 0 %
2026/07/19 10:18:40.484, 2055 MHz, 63, 13.10 W, 0 %, 0 %
2026/07/19 10:18:40.687, 2055 MHz, 63, 13.28 W, 0 %, 0 %
2026/07/19 10:18:40.891, 2055 MHz, 63, 13.28 W, 0 %, 0 %
2026/07/19 10:18:41.096, 2055 MHz, 63, 13.10 W, 0 %, 0 %
2026/07/19 10:18:41.302, 2055 MHz, 63, 13.10 W, 0 %, 0 %
2026/07/19 10:18:41.511, 2055 MHz, 63, 13.03 W, 0 %, 0 %
2026/07/19 10:18:41.717, 2055 MHz, 63, 13.03 W, 0 %, 0 %
2026/07/19 10:18:41.924, 2055 MHz, 63, 13.03 W, 0 %, 0 %
2026/07/19 10:18:42.128, 2055 MHz, 63, 13.06 W, 0 %, 0 %
2026/07/19 10:18:42.336, 2055 MHz, 63, 13.06 W, 0 %, 0 %
2026/07/19 10:18:42.538, 2055 MHz, 63, 13.16 W, 0 %, 0 %
2026/07/19 10:18:42.743, 2055 MHz, 63, 13.16 W, 0 %, 0 %
2026/07/19 10:18:42.947, 2055 MHz, 63, 13.16 W, 0 %, 0 %
2026/07/19 10:18:43.149, 2055 MHz, 63, 13.06 W, 0 %, 0 %
2026/07/19 10:18:43.350, 2055 MHz, 63, 13.06 W, 0 %, 0 %
2026/07/19 10:18:43.553, 2055 MHz, 63, 13.04 W, 0 %, 0 %
2026/07/19 10:18:43.760, 2055 MHz, 48, 1.20 W, 0 %, 0 %
2026/07/19 10:18:44.372, 2055 MHz, 63, 10.65 W, 0 %, 0 %
2026/07/19 10:18:44.584, 2055 MHz, 63, 10.65 W, 0 %, 0 %
2026/07/19 10:18:44.800, 2055 MHz, 63, 13.15 W, 0 %, 0 %
2026/07/19 10:18:45.000, 2055 MHz, 63, 13.15 W, 0 %, 0 %
2026/07/19 10:18:45.203, 2055 MHz, 63, 13.15 W, 0 %, 0 %
2026/07/19 10:18:45.416, 2055 MHz, 63, 13.02 W, 0 %, 0 %
2026/07/19 10:18:45.624, 2055 MHz, 63, 13.02 W, 0 %, 0 %
2026/07/19 10:18:45.833, 2055 MHz, 63, 13.06 W, 0 %, 0 %
2026/07/19 10:18:46.036, 2055 MHz, 63, 13.06 W, 0 %, 0 %
2026/07/19 10:18:46.239, 2055 MHz, 63, 13.06 W, 0 %, 0 %
2026/07/19 10:18:46.449, 2055 MHz, 48, 1.20 W, 0 %, 0 %
2026/07/19 10:18:47.072, 2055 MHz, 63, 10.54 W, 0 %, 0 %
2026/07/19 10:18:47.278, 2055 MHz, 63, 10.54 W, 0 %, 0 %
2026/07/19 10:18:47.490, 2055 MHz, 63, 13.06 W, 0 %, 0 %
2026/07/19 10:18:47.696, 2055 MHz, 63, 13.06 W, 0 %, 0 %
2026/07/19 10:18:47.903, 2055 MHz, 48, 1.20 W, 0 %, 0 %
2026/07/19 10:18:48.601, 2055 MHz, 63, 10.45 W, 0 %, 0 %
2026/07/19 10:18:48.806, 2055 MHz, 63, 10.45 W, 0 %, 0 %
2026/07/19 10:18:49.015, 2055 MHz, 63, 13.02 W, 0 %, 0 %
2026/07/19 10:18:49.219, 2055 MHz, 63, 13.02 W, 0 %, 0 %
2026/07/19 10:18:49.426, 2055 MHz, 63, 13.02 W, 0 %, 0 %
2026/07/19 10:18:49.632, 2055 MHz, 63, 13.04 W, 0 %, 0 %
2026/07/19 10:18:49.845, 2055 MHz, 63, 13.04 W, 0 %, 0 %
2026/07/19 10:18:50.053, 2055 MHz, 63, 13.02 W, 0 %, 0 %
2026/07/19 10:18:50.262, 2055 MHz, 63, 13.02 W, 0 %, 0 %
2026/07/19 10:18:50.476, 2055 MHz, 48, 1.20 W, 0 %, 0 %
2026/07/19 10:18:51.187, 2055 MHz, 63, 10.64 W, 0 %, 0 %
2026/07/19 10:18:51.402, 2055 MHz, 63, 10.64 W, 0 %, 0 %
2026/07/19 10:18:51.614, 2055 MHz, 63, 13.10 W, 0 %, 0 %
2026/07/19 10:18:51.823, 2055 MHz, 63, 13.10 W, 0 %, 0 %
2026/07/19 10:18:52.029, 2055 MHz, 63, 13.10 W, 0 %, 0 %
2026/07/19 10:18:52.230, 2055 MHz, 63, 13.02 W, 0 %, 0 %
2026/07/19 10:18:52.446, 2055 MHz, 63, 13.02 W, 0 %, 0 %
2026/07/19 10:18:52.648, 2055 MHz, 63, 13.06 W, 0 %, 0 %
2026/07/19 10:18:52.860, 2055 MHz, 63, 13.06 W, 0 %, 0 %
2026/07/19 10:18:53.063, 2055 MHz, 63, 13.01 W, 0 %, 0 %
2026/07/19 10:18:53.264, 2055 MHz, 63, 13.01 W, 0 %, 0 %
2026/07/19 10:18:53.474, 2055 MHz, 63, 13.01 W, 0 %, 0 %
2026/07/19 10:18:53.683, 2055 MHz, 48, 1.20 W, 0 %, 0 %
2026/07/19 10:18:54.324, 2055 MHz, 63, 10.59 W, 0 %, 0 %
2026/07/19 10:18:54.528, 2055 MHz, 63, 10.59 W, 0 %, 0 %
2026/07/19 10:18:54.728, 2055 MHz, 63, 13.05 W, 0 %, 0 %
2026/07/19 10:18:54.930, 2055 MHz, 63, 13.05 W, 0 %, 0 %
2026/07/19 10:18:55.141, 2055 MHz, 63, 13.05 W, 0 %, 0 %
2026/07/19 10:18:55.346, 2055 MHz, 63, 13.34 W, 0 %, 0 %
2026/07/19 10:18:55.558, 2055 MHz, 48, 1.20 W, 0 %, 0 %
2026/07/19 10:18:56.270, 2055 MHz, 63, 10.67 W, 0 %, 0 %
2026/07/19 10:18:56.484, 2055 MHz, 48, 1.20 W, 0 %, 0 %
2026/07/19 10:18:57.118, 2055 MHz, 63, 10.67 W, 0 %, 0 %
2026/07/19 10:18:57.319, 2055 MHz, 63, 10.67 W, 0 %, 0 %
2026/07/19 10:18:57.527, 2055 MHz, 63, 13.11 W, 0 %, 0 %
2026/07/19 10:18:57.741, 2055 MHz, 63, 13.11 W, 0 %, 0 %
2026/07/19 10:18:57.948, 2055 MHz, 63, 13.11 W, 0 %, 0 %
2026/07/19 10:18:58.150, 2055 MHz, 63, 13.06 W, 0 %, 0 %
2026/07/19 10:18:58.365, 2055 MHz, 63, 13.06 W, 0 %, 0 %
2026/07/19 10:18:58.574, 2055 MHz, 63, 13.09 W, 0 %, 0 %
2026/07/19 10:18:58.778, 2055 MHz, 63, 13.09 W, 0 %, 0 %
2026/07/19 10:18:58.991, 2055 MHz, 63, 13.09 W, 0 %, 0 %
2026/07/19 10:18:59.204, 2055 MHz, 63, 13.16 W, 0 %, 0 %
2026/07/19 10:18:59.406, 2055 MHz, 63, 13.16 W, 0 %, 0 %
2026/07/19 10:18:59.614, 2055 MHz, 63, 13.06 W, 0 %, 0 %
2026/07/19 10:18:59.829, 2055 MHz, 63, 13.06 W, 0 %, 0 %
2026/07/19 10:19:00.036, 2055 MHz, 63, 13.02 W, 0 %, 0 %
2026/07/19 10:19:00.250, 2055 MHz, 63, 13.02 W, 0 %, 0 %
2026/07/19 10:19:00.456, 2055 MHz, 63, 13.02 W, 0 %, 0 %
2026/07/19 10:19:00.657, 2055 MHz, 63, 13.20 W, 0 %, 0 %
2026/07/19 10:19:00.858, 2055 MHz, 63, 13.20 W, 0 %, 0 %
2026/07/19 10:19:01.070, 2055 MHz, 63, 13.07 W, 0 %, 0 %
2026/07/19 10:19:01.272, 2055 MHz, 63, 13.07 W, 0 %, 0 %
2026/07/19 10:19:01.486, 2055 MHz, 63, 13.07 W, 0 %, 0 %
2026/07/19 10:19:01.687, 2055 MHz, 48, 1.20 W, 0 %, 0 %
2026/07/19 10:19:02.293, 2055 MHz, 63, 10.74 W, 0 %, 0 %
2026/07/19 10:19:02.501, 2055 MHz, 63, 10.74 W, 0 %, 0 %
2026/07/19 10:19:02.702, 2055 MHz, 63, 13.06 W, 0 %, 0 %
2026/07/19 10:19:02.913, 2055 MHz, 63, 13.06 W, 0 %, 0 %
2026/07/19 10:19:03.115, 2055 MHz, 63, 13.06 W, 0 %, 0 %
2026/07/19 10:19:03.317, 2055 MHz, 63, 13.56 W, 0 %, 0 %
2026/07/19 10:19:03.519, 2055 MHz, 48, 1.20 W, 0 %, 0 %
2026/07/19 10:19:04.225, 2055 MHz, 63, 10.68 W, 0 %, 0 %
2026/07/19 10:19:04.428, 2055 MHz, 63, 10.68 W, 0 %, 0 %
2026/07/19 10:19:04.630, 2055 MHz, 63, 13.04 W, 0 %, 0 %
2026/07/19 10:19:04.830, 2055 MHz, 63, 13.04 W, 0 %, 0 %
2026/07/19 10:19:05.044, 2055 MHz, 63, 13.04 W, 0 %, 0 %
2026/07/19 10:19:05.245, 2055 MHz, 63, 13.55 W, 0 %, 0 %
2026/07/19 10:19:05.449, 2055 MHz, 48, 1.20 W, 0 %, 0 %
2026/07/19 10:19:06.117, 2055 MHz, 63, 10.71 W, 0 %, 0 %
2026/07/19 10:19:06.320, 2055 MHz, 63, 10.71 W, 0 %, 0 %
2026/07/19 10:19:06.526, 2055 MHz, 63, 13.02 W, 0 %, 0 %
2026/07/19 10:19:06.728, 2055 MHz, 63, 13.02 W, 0 %, 0 %
2026/07/19 10:19:06.935, 2055 MHz, 63, 13.02 W, 0 %, 0 %
2026/07/19 10:19:07.144, 2055 MHz, 63, 13.02 W, 0 %, 0 %
2026/07/19 10:19:07.354, 2055 MHz, 63, 13.02 W, 0 %, 0 %
2026/07/19 10:19:07.559, 2055 MHz, 63, 13.02 W, 0 %, 0 %
2026/07/19 10:19:07.762, 2055 MHz, 48, 1.20 W, 0 %, 0 %
2026/07/19 10:19:08.416, 2055 MHz, 63, 10.63 W, 0 %, 0 %
2026/07/19 10:19:08.617, 2055 MHz, 48, 1.20 W, 0 %, 0 %
2026/07/19 10:19:09.284, 2055 MHz, 63, 10.66 W, 0 %, 0 %
2026/07/19 10:19:09.490, 2055 MHz, 63, 10.66 W, 0 %, 0 %
2026/07/19 10:19:09.692, 2055 MHz, 63, 13.15 W, 0 %, 0 %
2026/07/19 10:19:09.902, 2055 MHz, 63, 13.15 W, 0 %, 0 %
2026/07/19 10:19:10.117, 2055 MHz, 63, 13.15 W, 0 %, 0 %
2026/07/19 10:19:10.322, 2055 MHz, 63, 13.02 W, 0 %, 0 %
2026/07/19 10:19:10.527, 2055 MHz, 63, 13.02 W, 0 %, 0 %
2026/07/19 10:19:10.730, 2055 MHz, 63, 13.06 W, 0 %, 0 %
2026/07/19 10:19:10.935, 2055 MHz, 63, 13.06 W, 0 %, 0 %
2026/07/19 10:19:11.135, 2055 MHz, 63, 13.06 W, 0 %, 0 %
2026/07/19 10:19:11.337, 2055 MHz, 63, 13.08 W, 0 %, 0 %
2026/07/19 10:19:11.547, 2055 MHz, 63, 13.08 W, 0 %, 0 %
2026/07/19 10:19:11.761, 2055 MHz, 63, 13.19 W, 0 %, 0 %
2026/07/19 10:19:11.971, 2055 MHz, 63, 13.19 W, 0 %, 0 %
2026/07/19 10:19:12.173, 2055 MHz, 48, 1.20 W, 0 %, 0 %
2026/07/19 10:19:12.890, 2055 MHz, 63, 10.67 W, 0 %, 0 %
2026/07/19 10:19:13.090, 2055 MHz, 63, 10.67 W, 0 %, 0 %
2026/07/19 10:19:13.303, 2055 MHz, 63, 13.04 W, 0 %, 0 %
2026/07/19 10:19:13.516, 2055 MHz, 63, 13.04 W, 0 %, 0 %
2026/07/19 10:19:13.729, 2055 MHz, 63, 13.04 W, 0 %, 0 %
2026/07/19 10:19:13.945, 2055 MHz, 63, 13.63 W, 0 %, 0 %
2026/07/19 10:19:14.158, 2055 MHz, 63, 13.63 W, 0 %, 0 %
2026/07/19 10:19:14.369, 2055 MHz, 63, 13.10 W, 0 %, 0 %
2026/07/19 10:19:14.584, 2055 MHz, 63, 13.10 W, 0 %, 0 %
2026/07/19 10:19:14.786, 2055 MHz, 48, 1.20 W, 0 %, 0 %
2026/07/19 10:19:15.443, 2055 MHz, 63, 10.47 W, 0 %, 0 %
2026/07/19 10:19:15.645, 2055 MHz, 63, 10.47 W, 0 %, 0 %
2026/07/19 10:19:15.846, 2055 MHz, 63, 13.16 W, 0 %, 0 %
2026/07/19 10:19:16.048, 2055 MHz, 63, 13.16 W, 0 %, 0 %
2026/07/19 10:19:16.260, 2055 MHz, 63, 13.16 W, 0 %, 0 %
2026/07/19 10:19:16.475, 2055 MHz, 63, 14.26 W, 0 %, 0 %
2026/07/19 10:19:16.679, 2055 MHz, 63, 14.26 W, 0 %, 0 %
2026/07/19 10:19:16.891, 2055 MHz, 63, 13.13 W, 0 %, 0 %
2026/07/19 10:19:17.101, 2055 MHz, 63, 13.13 W, 0 %, 0 %
2026/07/19 10:19:17.311, 2055 MHz, 63, 13.13 W, 0 %, 0 %
2026/07/19 10:19:17.512, 2055 MHz, 63, 13.16 W, 0 %, 0 %
2026/07/19 10:19:17.720, 2055 MHz, 63, 13.16 W, 0 %, 0 %
2026/07/19 10:19:17.925, 2055 MHz, 63, 13.06 W, 0 %, 0 %
2026/07/19 10:19:18.126, 2055 MHz, 63, 13.06 W, 0 %, 0 %
2026/07/19 10:19:18.327, 2055 MHz, 63, 13.03 W, 0 %, 0 %
2026/07/19 10:19:18.541, 2055 MHz, 63, 13.03 W, 0 %, 0 %
2026/07/19 10:19:18.742, 2055 MHz, 63, 13.03 W, 0 %, 0 %
2026/07/19 10:19:18.955, 2055 MHz, 63, 13.21 W, 0 %, 0 %
2026/07/19 10:19:19.164, 2055 MHz, 63, 13.21 W, 0 %, 0 %
2026/07/19 10:19:19.366, 2055 MHz, 63, 13.06 W, 0 %, 0 %
2026/07/19 10:19:19.566, 2055 MHz, 63, 13.06 W, 0 %, 0 %
2026/07/19 10:19:19.767, 2055 MHz, 63, 13.06 W, 0 %, 0 %
2026/07/19 10:19:19.980, 2055 MHz, 63, 13.05 W, 0 %, 0 %
2026/07/19 10:19:20.181, 2055 MHz, 63, 13.05 W, 0 %, 0 %
2026/07/19 10:19:20.388, 2055 MHz, 63, 13.19 W, 0 %, 0 %
2026/07/19 10:19:20.589, 2055 MHz, 63, 13.19 W, 0 %, 0 %
2026/07/19 10:19:20.794, 2055 MHz, 63, 13.19 W, 0 %, 0 %
2026/07/19 10:19:20.996, 2055 MHz, 63, 13.03 W, 0 %, 0 %
2026/07/19 10:19:21.197, 2055 MHz, 63, 13.03 W, 0 %, 0 %
2026/07/19 10:19:21.409, 2055 MHz, 63, 13.03 W, 0 %, 0 %
2026/07/19 10:19:21.615, 2055 MHz, 63, 13.03 W, 0 %, 0 %
2026/07/19 10:19:21.822, 2055 MHz, 63, 13.03 W, 0 %, 0 %
2026/07/19 10:19:22.024, 2055 MHz, 63, 13.03 W, 0 %, 0 %
2026/07/19 10:19:22.233, 2055 MHz, 63, 13.03 W, 0 %, 0 %
2026/07/19 10:19:22.435, 2055 MHz, 63, 13.06 W, 0 %, 0 %
2026/07/19 10:19:22.641, 2055 MHz, 63, 13.06 W, 0 %, 0 %
2026/07/19 10:19:22.843, 2055 MHz, 63, 13.31 W, 0 %, 0 %
2026/07/19 10:19:23.048, 2055 MHz, 48, 1.20 W, 0 %, 0 %
2026/07/19 10:19:23.770, 2055 MHz, 63, 10.68 W, 0 %, 0 %
2026/07/19 10:19:23.971, 2055 MHz, 48, 1.20 W, 0 %, 0 %
2026/07/19 10:19:24.624, 2055 MHz, 63, 10.77 W, 0 %, 0 %
2026/07/19 10:19:24.833, 2055 MHz, 63, 10.77 W, 0 %, 0 %
2026/07/19 10:19:25.048, 2055 MHz, 63, 13.05 W, 0 %, 0 %
2026/07/19 10:19:25.249, 2055 MHz, 63, 13.05 W, 0 %, 0 %
2026/07/19 10:19:25.461, 2055 MHz, 63, 13.05 W, 0 %, 0 %
2026/07/19 10:19:25.662, 2055 MHz, 63, 13.04 W, 0 %, 0 %
2026/07/19 10:19:25.863, 2055 MHz, 63, 13.04 W, 0 %, 0 %
2026/07/19 10:19:26.065, 2055 MHz, 63, 13.04 W, 0 %, 0 %
2026/07/19 10:19:26.269, 2055 MHz, 63, 13.04 W, 0 %, 0 %
2026/07/19 10:19:26.483, 2055 MHz, 63, 13.04 W, 0 %, 0 %
2026/07/19 10:19:26.690, 2055 MHz, 63, 13.05 W, 0 %, 0 %
2026/07/19 10:19:26.904, 1380 MHz, 48, 15.33 W, 0 %, 0 %
2026/07/19 10:19:27.528, 2055 MHz, 63, 10.75 W, 0 %, 0 %
2026/07/19 10:19:27.733, 2055 MHz, 63, 10.75 W, 0 %, 0 %
2026/07/19 10:19:27.947, 2055 MHz, 63, 13.11 W, 0 %, 0 %
2026/07/19 10:19:28.152, 2055 MHz, 63, 13.11 W, 0 %, 0 %
2026/07/19 10:19:28.360, 2055 MHz, 63, 13.11 W, 0 %, 0 %
2026/07/19 10:19:28.576, 2055 MHz, 63, 13.34 W, 0 %, 0 %
2026/07/19 10:19:28.779, 2055 MHz, 63, 13.34 W, 0 %, 0 %
2026/07/19 10:19:28.985, 2055 MHz, 63, 13.08 W, 0 %, 0 %
2026/07/19 10:19:29.188, 2055 MHz, 63, 13.08 W, 0 %, 0 %
2026/07/19 10:19:29.390, 2055 MHz, 63, 13.03 W, 0 %, 0 %
2026/07/19 10:19:29.591, 2055 MHz, 63, 13.03 W, 0 %, 0 %
2026/07/19 10:19:29.804, 2055 MHz, 63, 13.03 W, 0 %, 0 %
2026/07/19 10:19:30.015, 2055 MHz, 63, 13.07 W, 0 %, 0 %
2026/07/19 10:19:30.217, 2055 MHz, 48, 1.20 W, 0 %, 0 %
2026/07/19 10:19:30.865, 2055 MHz, 63, 10.58 W, 0 %, 0 %
2026/07/19 10:19:31.069, 2055 MHz, 63, 10.58 W, 0 %, 0 %
2026/07/19 10:19:31.275, 2055 MHz, 63, 13.10 W, 0 %, 0 %
2026/07/19 10:19:31.476, 2055 MHz, 63, 13.10 W, 0 %, 0 %
2026/07/19 10:19:31.690, 2055 MHz, 63, 13.10 W, 0 %, 0 %
2026/07/19 10:19:31.904, 2055 MHz, 63, 13.04 W, 0 %, 0 %
2026/07/19 10:19:32.105, 2055 MHz, 48, 1.20 W, 0 %, 0 %
2026/07/19 10:19:32.804, 2055 MHz, 63, 10.56 W, 0 %, 0 %
2026/07/19 10:19:33.014, 2055 MHz, 63, 10.56 W, 0 %, 0 %
2026/07/19 10:19:33.219, 2055 MHz, 63, 13.08 W, 0 %, 0 %
2026/07/19 10:19:33.435, 2055 MHz, 63, 13.08 W, 0 %, 0 %
2026/07/19 10:19:33.639, 2055 MHz, 63, 13.08 W, 0 %, 0 %
2026/07/19 10:19:33.848, 2055 MHz, 63, 13.04 W, 0 %, 0 %
2026/07/19 10:19:34.050, 2055 MHz, 63, 13.04 W, 0 %, 0 %
2026/07/19 10:19:34.259, 2055 MHz, 63, 13.03 W, 0 %, 0 %
2026/07/19 10:19:34.462, 2055 MHz, 63, 13.03 W, 0 %, 0 %
2026/07/19 10:19:34.674, 2055 MHz, 63, 13.23 W, 0 %, 0 %
2026/07/19 10:19:34.878, 2055 MHz, 63, 13.23 W, 0 %, 0 %
2026/07/19 10:19:35.091, 2055 MHz, 63, 13.23 W, 0 %, 0 %
2026/07/19 10:19:35.306, 2055 MHz, 63, 13.06 W, 0 %, 0 %
2026/07/19 10:19:35.521, 2055 MHz, 63, 13.06 W, 0 %, 0 %
2026/07/19 10:19:35.726, 2055 MHz, 63, 13.10 W, 0 %, 0 %
2026/07/19 10:19:35.938, 2055 MHz, 63, 13.10 W, 0 %, 0 %
2026/07/19 10:19:36.140, 2055 MHz, 63, 13.10 W, 0 %, 0 %
2026/07/19 10:19:36.343, 2055 MHz, 63, 13.01 W, 0 %, 0 %
2026/07/19 10:19:36.547, 2055 MHz, 63, 13.01 W, 0 %, 0 %
2026/07/19 10:19:36.760, 2055 MHz, 63, 13.06 W, 0 %, 0 %
2026/07/19 10:19:36.963, 2055 MHz, 63, 13.06 W, 0 %, 0 %
2026/07/19 10:19:37.170, 2055 MHz, 63, 13.06 W, 0 %, 0 %
2026/07/19 10:19:37.371, 2055 MHz, 63, 13.12 W, 0 %, 0 %
2026/07/19 10:19:37.575, 2055 MHz, 63, 13.12 W, 0 %, 0 %
2026/07/19 10:19:37.785, 2055 MHz, 63, 13.03 W, 0 %, 0 %
2026/07/19 10:19:37.986, 2055 MHz, 63, 13.03 W, 0 %, 0 %
2026/07/19 10:19:38.193, 2055 MHz, 63, 13.04 W, 0 %, 0 %
2026/07/19 10:19:38.400, 2055 MHz, 63, 13.04 W, 0 %, 0 %
2026/07/19 10:19:38.612, 2055 MHz, 63, 13.04 W, 0 %, 0 %
2026/07/19 10:19:38.818, 2055 MHz, 63, 12.98 W, 0 %, 0 %
2026/07/19 10:19:39.028, 2055 MHz, 63, 12.98 W, 0 %, 0 %
2026/07/19 10:19:39.231, 2055 MHz, 63, 12.99 W, 0 %, 0 %
2026/07/19 10:19:39.442, 2055 MHz, 63, 12.99 W, 0 %, 0 %
2026/07/19 10:19:39.646, 2055 MHz, 63, 12.99 W, 0 %, 0 %
2026/07/19 10:19:39.861, 2055 MHz, 63, 13.12 W, 0 %, 0 %
2026/07/19 10:19:40.062, 2055 MHz, 63, 13.12 W, 0 %, 0 %
2026/07/19 10:19:40.264, 2055 MHz, 63, 14.30 W, 0 %, 0 %
2026/07/19 10:19:40.466, 2055 MHz, 48, 1.20 W, 0 %, 0 %
2026/07/19 10:19:41.209, 2055 MHz, 63, 11.81 W, 0 %, 0 %
2026/07/19 10:19:41.410, 2055 MHz, 63, 11.81 W, 0 %, 0 %
2026/07/19 10:19:41.612, 2055 MHz, 63, 13.03 W, 0 %, 0 %
2026/07/19 10:19:41.813, 2055 MHz, 63, 13.03 W, 0 %, 0 %
2026/07/19 10:19:42.013, 2055 MHz, 63, 13.03 W, 0 %, 0 %
2026/07/19 10:19:42.221, 2055 MHz, 63, 13.03 W, 0 %, 0 %
2026/07/19 10:19:42.428, 2055 MHz, 63, 13.03 W, 0 %, 0 %
2026/07/19 10:19:42.634, 2055 MHz, 63, 13.24 W, 0 %, 0 %
2026/07/19 10:19:42.836, 2055 MHz, 63, 13.24 W, 0 %, 0 %
2026/07/19 10:19:43.041, 2055 MHz, 63, 13.24 W, 0 %, 0 %
2026/07/19 10:19:43.248, 2055 MHz, 63, 13.07 W, 0 %, 0 %
2026/07/19 10:19:43.460, 2055 MHz, 63, 13.07 W, 0 %, 0 %
2026/07/19 10:19:43.669, 2055 MHz, 63, 13.13 W, 0 %, 0 %
2026/07/19 10:19:43.870, 1380 MHz, 48, 15.29 W, 0 %, 0 %
2026/07/19 10:19:44.499, 2055 MHz, 63, 10.74 W, 0 %, 0 %
2026/07/19 10:19:44.709, 2055 MHz, 63, 10.74 W, 0 %, 0 %
2026/07/19 10:19:44.917, 2055 MHz, 63, 13.01 W, 0 %, 0 %
2026/07/19 10:19:45.121, 2055 MHz, 63, 13.01 W, 0 %, 0 %
2026/07/19 10:19:45.329, 2055 MHz, 63, 13.01 W, 0 %, 0 %
2026/07/19 10:19:45.542, 2055 MHz, 48, 1.20 W, 0 %, 0 %
2026/07/19 10:19:46.149, 2055 MHz, 63, 10.54 W, 0 %, 0 %
2026/07/19 10:19:46.357, 2055 MHz, 63, 10.54 W, 0 %, 0 %
2026/07/19 10:19:46.567, 2055 MHz, 63, 13.09 W, 0 %, 0 %
2026/07/19 10:19:46.772, 2055 MHz, 48, 1.20 W, 0 %, 0 %
2026/07/19 10:19:47.373, 2055 MHz, 63, 12.15 W, 0 %, 0 %
2026/07/19 10:19:47.580, 2055 MHz, 63, 12.15 W, 0 %, 0 %
2026/07/19 10:19:47.782, 2055 MHz, 63, 13.09 W, 0 %, 0 %
2026/07/19 10:19:47.983, 2055 MHz, 63, 13.09 W, 0 %, 0 %
2026/07/19 10:19:48.184, 2055 MHz, 63, 13.09 W, 0 %, 0 %
2026/07/19 10:19:48.393, 2055 MHz, 63, 13.12 W, 0 %, 0 %
2026/07/19 10:19:48.596, 2055 MHz, 63, 13.12 W, 0 %, 0 %
2026/07/19 10:19:48.800, 2055 MHz, 63, 13.01 W, 0 %, 0 %
2026/07/19 10:19:49.015, 2055 MHz, 63, 13.01 W, 0 %, 0 %
2026/07/19 10:19:49.216, 2055 MHz, 63, 13.01 W, 0 %, 0 %
2026/07/19 10:19:49.421, 2055 MHz, 63, 13.06 W, 0 %, 0 %
2026/07/19 10:19:49.627, 2055 MHz, 48, 1.20 W, 0 %, 0 %
2026/07/19 10:19:50.355, 2055 MHz, 63, 10.67 W, 0 %, 0 %
2026/07/19 10:19:50.561, 2055 MHz, 63, 10.67 W, 0 %, 0 %
2026/07/19 10:19:50.765, 2055 MHz, 63, 13.01 W, 0 %, 0 %
2026/07/19 10:19:50.968, 2055 MHz, 63, 13.01 W, 0 %, 0 %
2026/07/19 10:19:51.178, 2055 MHz, 63, 13.01 W, 0 %, 0 %
2026/07/19 10:19:51.390, 2055 MHz, 48, 1.20 W, 0 %, 0 %
2026/07/19 10:19:51.981, 2055 MHz, 63, 10.63 W, 0 %, 0 %
2026/07/19 10:19:52.195, 2055 MHz, 48, 1.20 W, 0 %, 0 %
2026/07/19 10:19:52.864, 2055 MHz, 63, 10.66 W, 0 %, 0 %
2026/07/19 10:19:53.068, 2055 MHz, 48, 1.20 W, 0 %, 0 %
2026/07/19 10:19:53.715, 2055 MHz, 63, 10.68 W, 0 %, 0 %
2026/07/19 10:19:53.916, 2055 MHz, 63, 10.68 W, 0 %, 0 %
2026/07/19 10:19:54.123, 2055 MHz, 48, 1.20 W, 0 %, 0 %
2026/07/19 10:19:54.686, 2055 MHz, 63, 10.82 W, 0 %, 0 %
2026/07/19 10:19:54.889, 2055 MHz, 63, 10.82 W, 0 %, 0 %
2026/07/19 10:19:55.092, 2055 MHz, 63, 13.05 W, 0 %, 0 %
2026/07/19 10:19:55.300, 2055 MHz, 63, 13.05 W, 0 %, 0 %
2026/07/19 10:19:55.502, 2055 MHz, 63, 13.05 W, 0 %, 0 %
2026/07/19 10:19:55.705, 2055 MHz, 63, 13.03 W, 0 %, 0 %
2026/07/19 10:19:55.909, 2055 MHz, 63, 13.03 W, 0 %, 0 %
2026/07/19 10:19:56.113, 2055 MHz, 63, 13.04 W, 0 %, 0 %
2026/07/19 10:19:56.319, 2055 MHz, 63, 13.04 W, 0 %, 0 %
2026/07/19 10:19:56.534, 2055 MHz, 63, 13.04 W, 0 %, 0 %
2026/07/19 10:19:56.735, 2055 MHz, 63, 13.02 W, 0 %, 0 %
2026/07/19 10:19:56.947, 2055 MHz, 63, 13.02 W, 0 %, 0 %
2026/07/19 10:19:57.148, 2055 MHz, 63, 13.08 W, 0 %, 0 %
2026/07/19 10:19:57.350, 2055 MHz, 63, 13.08 W, 0 %, 0 %
2026/07/19 10:19:57.553, 2055 MHz, 63, 13.08 W, 0 %, 0 %
2026/07/19 10:19:57.760, 2055 MHz, 63, 13.01 W, 0 %, 0 %
2026/07/19 10:19:57.970, 2055 MHz, 63, 13.01 W, 0 %, 0 %
2026/07/19 10:19:58.175, 2055 MHz, 63, 13.12 W, 0 %, 0 %
2026/07/19 10:19:58.385, 1380 MHz, 48, 15.26 W, 0 %, 0 %
2026/07/19 10:19:59.009, 2055 MHz, 63, 10.80 W, 0 %, 0 %
2026/07/19 10:19:59.212, 2055 MHz, 63, 10.80 W, 0 %, 0 %
2026/07/19 10:19:59.412, 2055 MHz, 63, 13.10 W, 0 %, 0 %
2026/07/19 10:19:59.628, 2055 MHz, 63, 13.10 W, 0 %, 0 %
2026/07/19 10:19:59.833, 2055 MHz, 63, 13.10 W, 0 %, 0 %
2026/07/19 10:20:00.047, 2055 MHz, 63, 13.81 W, 0 %, 0 %
2026/07/19 10:20:00.251, 2055 MHz, 63, 13.81 W, 0 %, 0 %
2026/07/19 10:20:00.465, 2055 MHz, 63, 13.04 W, 0 %, 0 %
2026/07/19 10:20:00.677, 2055 MHz, 63, 13.04 W, 0 %, 0 %
2026/07/19 10:20:00.878, 2055 MHz, 63, 13.03 W, 0 %, 0 %
2026/07/19 10:20:01.079, 2055 MHz, 63, 13.03 W, 0 %, 0 %
2026/07/19 10:20:01.285, 2055 MHz, 63, 13.03 W, 0 %, 0 %
2026/07/19 10:20:01.486, 2055 MHz, 63, 13.02 W, 0 %, 0 %
2026/07/19 10:20:01.700, 2055 MHz, 63, 13.02 W, 0 %, 0 %
2026/07/19 10:20:01.901, 2055 MHz, 63, 13.10 W, 0 %, 0 %
2026/07/19 10:20:02.110, 2055 MHz, 63, 13.10 W, 0 %, 0 %
2026/07/19 10:20:02.317, 2055 MHz, 63, 13.10 W, 0 %, 0 %
2026/07/19 10:20:02.519, 2055 MHz, 63, 13.04 W, 0 %, 0 %
2026/07/19 10:20:02.724, 2055 MHz, 63, 13.04 W, 0 %, 0 %
2026/07/19 10:20:02.934, 2055 MHz, 63, 13.09 W, 0 %, 0 %
2026/07/19 10:20:03.144, 2055 MHz, 63, 13.09 W, 0 %, 0 %
2026/07/19 10:20:03.354, 2055 MHz, 48, 1.20 W, 0 %, 0 %
2026/07/19 10:20:04.005, 2055 MHz, 63, 11.91 W, 0 %, 0 %
2026/07/19 10:20:04.211, 2055 MHz, 63, 11.91 W, 0 %, 0 %
2026/07/19 10:20:04.414, 2055 MHz, 63, 13.04 W, 0 %, 0 %
2026/07/19 10:20:04.615, 2055 MHz, 63, 13.04 W, 0 %, 0 %
2026/07/19 10:20:04.828, 2055 MHz, 63, 13.04 W, 0 %, 0 %
2026/07/19 10:20:05.037, 2055 MHz, 63, 13.16 W, 0 %, 0 %
2026/07/19 10:20:05.242, 2055 MHz, 63, 13.16 W, 0 %, 0 %
2026/07/19 10:20:05.448, 2055 MHz, 63, 14.42 W, 0 %, 0 %
2026/07/19 10:20:05.657, 2055 MHz, 63, 14.42 W, 0 %, 0 %
2026/07/19 10:20:05.862, 2055 MHz, 63, 14.42 W, 0 %, 0 %
2026/07/19 10:20:06.068, 2055 MHz, 63, 13.15 W, 0 %, 0 %
2026/07/19 10:20:06.270, 2055 MHz, 63, 13.15 W, 0 %, 0 %
2026/07/19 10:20:06.478, 2055 MHz, 63, 13.04 W, 0 %, 0 %
2026/07/19 10:20:06.680, 1380 MHz, 48, 590.01 W, 0 %, 0 %
2026/07/19 10:20:07.292, 2055 MHz, 63, 12.35 W, 0 %, 0 %
2026/07/19 10:20:07.494, 2055 MHz, 63, 12.35 W, 0 %, 0 %
2026/07/19 10:20:07.695, 2055 MHz, 63, 13.06 W, 0 %, 0 %
2026/07/19 10:20:07.896, 2055 MHz, 63, 13.06 W, 0 %, 0 %
2026/07/19 10:20:08.107, 2055 MHz, 63, 13.06 W, 0 %, 0 %
2026/07/19 10:20:08.309, 2055 MHz, 63, 13.03 W, 0 %, 0 %
2026/07/19 10:20:08.512, 2055 MHz, 63, 13.03 W, 0 %, 0 %
2026/07/19 10:20:08.727, 2055 MHz, 63, 13.06 W, 0 %, 0 %
2026/07/19 10:20:08.939, 2055 MHz, 63, 13.06 W, 0 %, 0 %
2026/07/19 10:20:09.140, 2055 MHz, 48, 1.20 W, 0 %, 0 %
2026/07/19 10:20:09.841, 2055 MHz, 63, 12.23 W, 0 %, 0 %
2026/07/19 10:20:10.041, 2055 MHz, 48, 1.20 W, 0 %, 0 %
2026/07/19 10:20:10.679, 2055 MHz, 63, 12.38 W, 0 %, 0 %
2026/07/19 10:20:10.892, 2055 MHz, 63, 12.38 W, 0 %, 0 %
2026/07/19 10:20:11.102, 2055 MHz, 63, 13.12 W, 0 %, 0 %
2026/07/19 10:20:11.308, 2055 MHz, 63, 13.12 W, 0 %, 0 %
2026/07/19 10:20:11.521, 2055 MHz, 63, 13.12 W, 0 %, 0 %
2026/07/19 10:20:11.723, 2055 MHz, 63, 13.28 W, 0 %, 0 %
2026/07/19 10:20:11.934, 2055 MHz, 63, 13.28 W, 0 %, 0 %
2026/07/19 10:20:12.145, 1380 MHz, 48, 590.01 W, 0 %, 0 %
2026/07/19 10:20:12.755, 2055 MHz, 63, 12.44 W, 0 %, 0 %
2026/07/19 10:20:12.959, 2055 MHz, 63, 12.44 W, 0 %, 0 %
2026/07/19 10:20:13.160, 2055 MHz, 63, 13.10 W, 0 %, 0 %
2026/07/19 10:20:13.361, 2055 MHz, 63, 13.10 W, 0 %, 0 %
2026/07/19 10:20:13.568, 2055 MHz, 63, 13.10 W, 0 %, 0 %
2026/07/19 10:20:13.775, 2055 MHz, 63, 13.10 W, 0 %, 0 %
2026/07/19 10:20:13.977, 2055 MHz, 63, 13.10 W, 0 %, 0 %
2026/07/19 10:20:14.183, 2055 MHz, 63, 13.08 W, 0 %, 0 %
2026/07/19 10:20:14.383, 2055 MHz, 63, 13.08 W, 0 %, 0 %
2026/07/19 10:20:14.585, 2055 MHz, 63, 13.08 W, 0 %, 0 %
2026/07/19 10:20:14.787, 2055 MHz, 64, 13.09 W, 0 %, 0 %
2026/07/19 10:20:14.988, 2055 MHz, 64, 13.09 W, 0 %, 0 %
2026/07/19 10:20:15.195, 2055 MHz, 64, 13.07 W, 0 %, 0 %
2026/07/19 10:20:15.398, 2055 MHz, 64, 13.07 W, 0 %, 0 %
2026/07/19 10:20:15.600, 2055 MHz, 64, 13.07 W, 0 %, 0 %
2026/07/19 10:20:15.810, 2055 MHz, 64, 13.30 W, 0 %, 0 %
2026/07/19 10:20:16.013, 1380 MHz, 48, 15.27 W, 0 %, 0 %
2026/07/19 10:20:16.636, 2055 MHz, 63, 10.89 W, 0 %, 0 %
2026/07/19 10:20:16.843, 2055 MHz, 63, 10.89 W, 0 %, 0 %
2026/07/19 10:20:17.048, 2055 MHz, 63, 13.04 W, 0 %, 0 %
2026/07/19 10:20:17.252, 2055 MHz, 63, 13.04 W, 0 %, 0 %
2026/07/19 10:20:17.465, 2055 MHz, 63, 13.04 W, 0 %, 0 %
2026/07/19 10:20:17.678, 2055 MHz, 64, 13.07 W, 0 %, 0 %
2026/07/19 10:20:17.879, 2055 MHz, 64, 13.07 W, 0 %, 0 %
2026/07/19 10:20:18.093, 2055 MHz, 63, 13.09 W, 0 %, 0 %
2026/07/19 10:20:18.297, 2055 MHz, 63, 13.09 W, 0 %, 0 %
2026/07/19 10:20:18.500, 2055 MHz, 64, 13.19 W, 0 %, 0 %
2026/07/19 10:20:18.704, 2055 MHz, 64, 13.19 W, 0 %, 0 %
2026/07/19 10:20:18.919, 2055 MHz, 64, 13.19 W, 0 %, 0 %
2026/07/19 10:20:19.121, 2055 MHz, 64, 13.31 W, 0 %, 0 %
2026/07/19 10:20:19.334, 2055 MHz, 64, 13.31 W, 0 %, 0 %
2026/07/19 10:20:19.534, 2055 MHz, 64, 13.18 W, 0 %, 0 %
2026/07/19 10:20:19.745, 2055 MHz, 64, 13.18 W, 0 %, 0 %
2026/07/19 10:20:19.950, 2055 MHz, 64, 13.18 W, 0 %, 0 %
2026/07/19 10:20:20.150, 2055 MHz, 63, 13.08 W, 0 %, 0 %
2026/07/19 10:20:20.357, 2055 MHz, 63, 13.08 W, 0 %, 0 %
2026/07/19 10:20:20.567, 2055 MHz, 64, 13.10 W, 0 %, 0 %
2026/07/19 10:20:20.772, 2055 MHz, 64, 13.10 W, 0 %, 0 %
2026/07/19 10:20:20.983, 2055 MHz, 48, 1.20 W, 0 %, 0 %
2026/07/19 10:20:21.626, 2055 MHz, 63, 11.94 W, 0 %, 0 %
2026/07/19 10:20:21.828, 2055 MHz, 63, 11.94 W, 0 %, 0 %
2026/07/19 10:20:22.043, 2055 MHz, 64, 13.14 W, 0 %, 0 %
2026/07/19 10:20:22.249, 2055 MHz, 64, 13.14 W, 0 %, 0 %
2026/07/19 10:20:22.460, 2055 MHz, 64, 13.14 W, 0 %, 0 %
2026/07/19 10:20:22.661, 2055 MHz, 64, 13.08 W, 0 %, 0 %
2026/07/19 10:20:22.866, 2055 MHz, 48, 1.20 W, 0 %, 0 %
2026/07/19 10:20:23.455, 2055 MHz, 63, 10.74 W, 0 %, 0 %
2026/07/19 10:20:23.670, 2055 MHz, 63, 10.74 W, 0 %, 0 %
2026/07/19 10:20:23.875, 2055 MHz, 64, 13.17 W, 0 %, 0 %
2026/07/19 10:20:24.086, 2055 MHz, 64, 13.17 W, 0 %, 0 %
2026/07/19 10:20:24.290, 2055 MHz, 48, 1.20 W, 0 %, 0 %
2026/07/19 10:20:24.916, 2055 MHz, 63, 12.30 W, 0 %, 0 %
2026/07/19 10:20:25.129, 2055 MHz, 63, 12.30 W, 0 %, 0 %
2026/07/19 10:20:25.334, 2055 MHz, 64, 13.09 W, 0 %, 0 %
2026/07/19 10:20:25.538, 2055 MHz, 64, 13.09 W, 0 %, 0 %
2026/07/19 10:20:25.745, 2055 MHz, 64, 13.09 W, 0 %, 0 %
2026/07/19 10:20:25.954, 2055 MHz, 64, 13.09 W, 0 %, 0 %
2026/07/19 10:20:26.167, 2055 MHz, 64, 13.09 W, 0 %, 0 %
2026/07/19 10:20:26.368, 2055 MHz, 48, 1.20 W, 0 %, 0 %
2026/07/19 10:20:27.054, 2055 MHz, 63, 10.50 W, 0 %, 0 %
2026/07/19 10:20:27.257, 2055 MHz, 63, 10.50 W, 0 %, 0 %
2026/07/19 10:20:27.461, 2055 MHz, 64, 13.10 W, 0 %, 0 %
2026/07/19 10:20:27.664, 2055 MHz, 64, 13.10 W, 0 %, 0 %
2026/07/19 10:20:27.869, 2055 MHz, 64, 13.10 W, 0 %, 0 %
2026/07/19 10:20:28.074, 2055 MHz, 64, 13.27 W, 0 %, 0 %
2026/07/19 10:20:28.279, 2055 MHz, 64, 13.27 W, 0 %, 0 %
2026/07/19 10:20:28.489, 2055 MHz, 64, 13.13 W, 0 %, 0 %
2026/07/19 10:20:28.694, 2055 MHz, 64, 13.13 W, 0 %, 0 %
2026/07/19 10:20:28.894, 2055 MHz, 64, 13.13 W, 0 %, 0 %
2026/07/19 10:20:29.100, 2055 MHz, 48, 1.20 W, 0 %, 0 %
2026/07/19 10:20:29.649, 2055 MHz, 63, 10.55 W, 0 %, 0 %
2026/07/19 10:20:29.863, 2055 MHz, 63, 10.55 W, 0 %, 0 %
2026/07/19 10:20:30.071, 2055 MHz, 64, 13.08 W, 0 %, 0 %
2026/07/19 10:20:30.286, 2055 MHz, 64, 13.08 W, 0 %, 0 %
2026/07/19 10:20:30.487, 2055 MHz, 64, 13.08 W, 0 %, 0 %
2026/07/19 10:20:30.688, 2055 MHz, 64, 13.67 W, 0 %, 0 %
2026/07/19 10:20:30.889, 2055 MHz, 64, 13.67 W, 0 %, 0 %
2026/07/19 10:20:31.090, 2055 MHz, 64, 13.81 W, 0 %, 0 %
2026/07/19 10:20:31.293, 2055 MHz, 64, 13.81 W, 0 %, 0 %
2026/07/19 10:20:31.496, 2055 MHz, 64, 13.81 W, 0 %, 0 %
2026/07/19 10:20:31.704, 2055 MHz, 64, 13.25 W, 0 %, 0 %
2026/07/19 10:20:31.904, 2055 MHz, 64, 13.25 W, 0 %, 0 %
2026/07/19 10:20:32.106, 2055 MHz, 64, 13.10 W, 0 %, 0 %
2026/07/19 10:20:32.313, 2055 MHz, 64, 13.10 W, 0 %, 0 %
2026/07/19 10:20:32.524, 2055 MHz, 64, 13.10 W, 0 %, 0 %
2026/07/19 10:20:32.739, 2055 MHz, 64, 13.11 W, 0 %, 0 %
2026/07/19 10:20:32.947, 2055 MHz, 48, 1.20 W, 0 %, 0 %
2026/07/19 10:20:33.538, 2055 MHz, 64, 12.25 W, 0 %, 0 %
2026/07/19 10:20:33.740, 2055 MHz, 64, 12.25 W, 0 %, 0 %
2026/07/19 10:20:33.956, 2055 MHz, 64, 13.11 W, 0 %, 0 %
2026/07/19 10:20:34.160, 2055 MHz, 64, 13.11 W, 0 %, 0 %
2026/07/19 10:20:34.362, 2055 MHz, 64, 13.11 W, 0 %, 0 %
2026/07/19 10:20:34.565, 2055 MHz, 64, 13.09 W, 0 %, 0 %
2026/07/19 10:20:34.768, 2055 MHz, 64, 13.09 W, 0 %, 0 %
2026/07/19 10:20:34.981, 2055 MHz, 64, 13.11 W, 0 %, 0 %
2026/07/19 10:20:35.193, 2055 MHz, 64, 13.11 W, 0 %, 0 %
2026/07/19 10:20:35.395, 2055 MHz, 64, 13.11 W, 0 %, 0 %
2026/07/19 10:20:35.606, 2055 MHz, 64, 13.10 W, 0 %, 0 %
2026/07/19 10:20:35.806, 2055 MHz, 64, 13.10 W, 0 %, 0 %
2026/07/19 10:20:36.022, 2055 MHz, 64, 13.09 W, 0 %, 0 %
2026/07/19 10:20:36.235, 2055 MHz, 64, 13.09 W, 0 %, 0 %
2026/07/19 10:20:36.437, 2055 MHz, 64, 13.36 W, 0 %, 0 %
2026/07/19 10:20:36.638, 2055 MHz, 48, 1.20 W, 0 %, 0 %
2026/07/19 10:20:37.170, 2055 MHz, 64, 10.70 W, 0 %, 0 %
2026/07/19 10:20:37.371, 2055 MHz, 64, 10.70 W, 0 %, 0 %
2026/07/19 10:20:37.587, 2055 MHz, 64, 13.11 W, 0 %, 0 %
2026/07/19 10:20:37.802, 2055 MHz, 64, 13.11 W, 0 %, 0 %
2026/07/19 10:20:38.008, 2055 MHz, 64, 13.11 W, 0 %, 0 %
2026/07/19 10:20:38.222, 2055 MHz, 64, 13.12 W, 0 %, 0 %
2026/07/19 10:20:38.423, 2055 MHz, 64, 13.12 W, 0 %, 0 %
2026/07/19 10:20:38.630, 2055 MHz, 64, 13.11 W, 0 %, 0 %
2026/07/19 10:20:38.841, 2055 MHz, 64, 13.11 W, 0 %, 0 %
2026/07/19 10:20:39.044, 2055 MHz, 64, 13.11 W, 0 %, 0 %
2026/07/19 10:20:39.245, 2055 MHz, 64, 13.43 W, 0 %, 0 %
2026/07/19 10:20:39.459, 2055 MHz, 64, 13.43 W, 0 %, 0 %
2026/07/19 10:20:39.674, 2055 MHz, 64, 13.13 W, 0 %, 0 %
2026/07/19 10:20:39.875, 2055 MHz, 64, 13.13 W, 0 %, 0 %
2026/07/19 10:20:40.076, 2055 MHz, 64, 13.18 W, 0 %, 0 %
2026/07/19 10:20:40.290, 2055 MHz, 64, 13.18 W, 0 %, 0 %
2026/07/19 10:20:40.499, 2055 MHz, 64, 13.18 W, 0 %, 0 %
2026/07/19 10:20:40.708, 2055 MHz, 64, 13.36 W, 0 %, 0 %
2026/07/19 10:20:40.911, 2055 MHz, 64, 13.36 W, 0 %, 0 %
2026/07/19 10:20:41.121, 2055 MHz, 64, 13.18 W, 0 %, 0 %
2026/07/19 10:20:41.326, 2055 MHz, 64, 13.18 W, 0 %, 0 %
2026/07/19 10:20:41.528, 2055 MHz, 64, 13.18 W, 0 %, 0 %
2026/07/19 10:20:41.740, 2055 MHz, 48, 1.20 W, 0 %, 0 %
2026/07/19 10:20:42.438, 2055 MHz, 64, 10.85 W, 0 %, 0 %
2026/07/19 10:20:42.651, 2055 MHz, 64, 10.85 W, 0 %, 0 %
2026/07/19 10:20:42.853, 2055 MHz, 64, 13.15 W, 0 %, 0 %
2026/07/19 10:20:43.058, 2055 MHz, 64, 13.15 W, 0 %, 0 %
2026/07/19 10:20:43.266, 2055 MHz, 64, 13.15 W, 0 %, 0 %
2026/07/19 10:20:43.472, 2055 MHz, 64, 13.15 W, 0 %, 0 %
2026/07/19 10:20:43.675, 1380 MHz, 48, 15.31 W, 0 %, 0 %
2026/07/19 10:20:44.297, 2055 MHz, 64, 10.90 W, 0 %, 0 %
2026/07/19 10:20:44.498, 2055 MHz, 64, 10.90 W, 0 %, 0 %
2026/07/19 10:20:44.703, 2055 MHz, 64, 13.26 W, 0 %, 0 %
2026/07/19 10:20:44.904, 2055 MHz, 64, 13.26 W, 0 %, 0 %
2026/07/19 10:20:45.110, 2055 MHz, 64, 13.26 W, 0 %, 0 %
2026/07/19 10:20:45.312, 2055 MHz, 64, 13.11 W, 0 %, 0 %
2026/07/19 10:20:45.515, 2055 MHz, 64, 13.11 W, 0 %, 0 %
2026/07/19 10:20:45.720, 2055 MHz, 64, 13.09 W, 0 %, 0 %
2026/07/19 10:20:45.934, 2055 MHz, 64, 13.09 W, 0 %, 0 %
2026/07/19 10:20:46.148, 2055 MHz, 64, 13.09 W, 0 %, 0 %
2026/07/19 10:20:46.362, 2055 MHz, 64, 13.10 W, 0 %, 0 %
2026/07/19 10:20:46.563, 2055 MHz, 64, 13.10 W, 0 %, 0 %
2026/07/19 10:20:46.778, 2055 MHz, 64, 13.08 W, 0 %, 0 %
2026/07/19 10:20:46.981, 2055 MHz, 64, 13.08 W, 0 %, 0 %
2026/07/19 10:20:47.185, 2055 MHz, 64, 13.19 W, 0 %, 0 %
2026/07/19 10:20:47.399, 2055 MHz, 64, 13.19 W, 0 %, 0 %
2026/07/19 10:20:47.613, 2055 MHz, 64, 13.19 W, 0 %, 0 %
2026/07/19 10:20:47.822, 2055 MHz, 48, 1.20 W, 0 %, 0 %
2026/07/19 10:20:48.366, 2055 MHz, 64, 12.28 W, 0 %, 0 %
2026/07/19 10:20:48.568, 2055 MHz, 64, 12.28 W, 0 %, 0 %
2026/07/19 10:20:48.770, 2055 MHz, 64, 13.12 W, 0 %, 0 %
2026/07/19 10:20:48.985, 2055 MHz, 64, 13.12 W, 0 %, 0 %
2026/07/19 10:20:49.186, 2055 MHz, 64, 13.12 W, 0 %, 0 %
2026/07/19 10:20:49.389, 2055 MHz, 64, 13.11 W, 0 %, 0 %
2026/07/19 10:20:49.603, 2055 MHz, 64, 13.11 W, 0 %, 0 %
2026/07/19 10:20:49.817, 2055 MHz, 64, 13.08 W, 0 %, 0 %
2026/07/19 10:20:50.018, 2055 MHz, 64, 13.08 W, 0 %, 0 %
2026/07/19 10:20:50.227, 2055 MHz, 48, 1.20 W, 0 %, 0 %
2026/07/19 10:20:50.906, 2055 MHz, 64, 11.93 W, 0 %, 0 %
2026/07/19 10:20:51.120, 2055 MHz, 64, 11.93 W, 0 %, 0 %
2026/07/19 10:20:51.333, 2055 MHz, 64, 13.13 W, 0 %, 0 %
2026/07/19 10:20:51.547, 2055 MHz, 64, 13.13 W, 0 %, 0 %
2026/07/19 10:20:51.757, 2055 MHz, 64, 13.13 W, 0 %, 0 %
2026/07/19 10:20:51.961, 2055 MHz, 64, 13.11 W, 0 %, 0 %
2026/07/19 10:20:52.164, 2055 MHz, 64, 13.11 W, 0 %, 0 %
2026/07/19 10:20:52.367, 2055 MHz, 64, 13.18 W, 0 %, 0 %
2026/07/19 10:20:52.571, 2055 MHz, 64, 13.18 W, 0 %, 0 %
2026/07/19 10:20:52.774, 2055 MHz, 64, 13.18 W, 0 %, 0 %
2026/07/19 10:20:52.975, 2055 MHz, 64, 13.21 W, 0 %, 0 %
2026/07/19 10:20:53.179, 2055 MHz, 64, 13.21 W, 0 %, 0 %
2026/07/19 10:20:53.387, 2055 MHz, 64, 13.11 W, 0 %, 0 %
2026/07/19 10:20:53.603, 2055 MHz, 64, 13.11 W, 0 %, 0 %
2026/07/19 10:20:53.805, 2055 MHz, 64, 13.11 W, 0 %, 0 %
2026/07/19 10:20:54.006, 2055 MHz, 64, 13.11 W, 0 %, 0 %
2026/07/19 10:20:54.215, 2055 MHz, 64, 13.11 W, 0 %, 0 %
2026/07/19 10:20:54.420, 2055 MHz, 64, 13.11 W, 0 %, 0 %
2026/07/19 10:20:54.632, 2055 MHz, 64, 13.11 W, 0 %, 0 %
2026/07/19 10:20:54.845, 2055 MHz, 64, 13.11 W, 0 %, 0 %
2026/07/19 10:20:55.048, 2055 MHz, 64, 13.11 W, 0 %, 0 %
2026/07/19 10:20:55.250, 2055 MHz, 48, 1.20 W, 0 %, 0 %
2026/07/19 10:20:55.936, 2055 MHz, 64, 10.57 W, 0 %, 0 %
2026/07/19 10:20:56.136, 2055 MHz, 64, 10.57 W, 0 %, 0 %
2026/07/19 10:20:56.346, 2055 MHz, 64, 13.18 W, 0 %, 0 %
2026/07/19 10:20:56.550, 2055 MHz, 64, 13.18 W, 0 %, 0 %
2026/07/19 10:20:56.763, 2055 MHz, 64, 13.18 W, 0 %, 0 %
2026/07/19 10:20:56.971, 2055 MHz, 64, 13.10 W, 0 %, 0 %
2026/07/19 10:20:57.183, 2055 MHz, 64, 13.10 W, 0 %, 0 %
2026/07/19 10:20:57.384, 2055 MHz, 64, 13.12 W, 0 %, 0 %
2026/07/19 10:20:57.591, 2055 MHz, 64, 13.12 W, 0 %, 0 %
2026/07/19 10:20:57.803, 2055 MHz, 64, 13.12 W, 0 %, 0 %
2026/07/19 10:20:58.007, 2055 MHz, 64, 13.12 W, 0 %, 0 %
2026/07/19 10:20:58.212, 2055 MHz, 64, 13.12 W, 0 %, 0 %
2026/07/19 10:20:58.413, 2055 MHz, 64, 13.13 W, 0 %, 0 %
2026/07/19 10:20:58.615, 2055 MHz, 64, 13.13 W, 0 %, 0 %
2026/07/19 10:20:58.826, 2055 MHz, 48, 1.20 W, 0 %, 0 %
2026/07/19 10:20:59.524, 2055 MHz, 64, 10.75 W, 0 %, 0 %
2026/07/19 10:20:59.725, 2055 MHz, 64, 10.75 W, 0 %, 0 %
2026/07/19 10:20:59.926, 2055 MHz, 64, 13.22 W, 0 %, 0 %
2026/07/19 10:21:00.127, 2055 MHz, 64, 13.22 W, 0 %, 0 %
2026/07/19 10:21:00.329, 2055 MHz, 64, 13.22 W, 0 %, 0 %
2026/07/19 10:21:00.535, 2055 MHz, 64, 13.08 W, 0 %, 0 %
2026/07/19 10:21:00.749, 2055 MHz, 64, 13.08 W, 0 %, 0 %
2026/07/19 10:21:00.952, 2055 MHz, 64, 13.11 W, 0 %, 0 %
2026/07/19 10:21:01.162, 2055 MHz, 64, 13.11 W, 0 %, 0 %
2026/07/19 10:21:01.377, 2055 MHz, 64, 13.11 W, 0 %, 0 %
2026/07/19 10:21:01.591, 2055 MHz, 64, 13.29 W, 0 %, 0 %
2026/07/19 10:21:01.797, 2055 MHz, 64, 13.29 W, 0 %, 0 %
2026/07/19 10:21:01.998, 2055 MHz, 64, 13.13 W, 0 %, 0 %
2026/07/19 10:21:02.199, 2055 MHz, 64, 13.13 W, 0 %, 0 %
2026/07/19 10:21:02.404, 2055 MHz, 64, 13.14 W, 0 %, 0 %
2026/07/19 10:21:02.619, 2055 MHz, 64, 13.14 W, 0 %, 0 %
2026/07/19 10:21:02.825, 2055 MHz, 64, 13.14 W, 0 %, 0 %
2026/07/19 10:21:03.026, 2055 MHz, 64, 13.11 W, 0 %, 0 %
2026/07/19 10:21:03.232, 2055 MHz, 64, 13.11 W, 0 %, 0 %
2026/07/19 10:21:03.447, 2055 MHz, 64, 13.15 W, 0 %, 0 %
2026/07/19 10:21:03.648, 2055 MHz, 64, 13.15 W, 0 %, 0 %
2026/07/19 10:21:03.852, 2055 MHz, 64, 13.15 W, 0 %, 0 %
2026/07/19 10:21:04.054, 2055 MHz, 64, 13.30 W, 0 %, 0 %
2026/07/19 10:21:04.256, 2055 MHz, 64, 13.30 W, 0 %, 0 %
2026/07/19 10:21:04.467, 2055 MHz, 64, 13.20 W, 0 %, 0 %
2026/07/19 10:21:04.670, 2055 MHz, 64, 13.20 W, 0 %, 0 %
2026/07/19 10:21:04.871, 2055 MHz, 64, 13.20 W, 0 %, 0 %
2026/07/19 10:21:05.072, 2055 MHz, 48, 1.20 W, 0 %, 0 %
2026/07/19 10:21:05.640, 2055 MHz, 64, 15.31 W, 0 %, 0 %
2026/07/19 10:21:05.844, 2055 MHz, 64, 15.31 W, 0 %, 0 %
2026/07/19 10:21:06.052, 2055 MHz, 64, 13.19 W, 0 %, 0 %
2026/07/19 10:21:06.256, 2055 MHz, 64, 13.19 W, 0 %, 0 %
2026/07/19 10:21:06.458, 2055 MHz, 64, 13.19 W, 0 %, 0 %
2026/07/19 10:21:06.662, 2055 MHz, 64, 13.27 W, 0 %, 0 %
2026/07/19 10:21:06.865, 2055 MHz, 64, 13.27 W, 0 %, 0 %
2026/07/19 10:21:07.074, 2055 MHz, 64, 13.12 W, 0 %, 0 %
2026/07/19 10:21:07.277, 2055 MHz, 64, 13.12 W, 0 %, 0 %
2026/07/19 10:21:07.489, 2055 MHz, 48, 1.20 W, 0 %, 0 %
2026/07/19 10:21:08.163, 2055 MHz, 64, 11.93 W, 0 %, 0 %
2026/07/19 10:21:08.364, 2055 MHz, 64, 11.93 W, 0 %, 0 %
2026/07/19 10:21:08.566, 2055 MHz, 64, 13.07 W, 0 %, 0 %
2026/07/19 10:21:08.767, 2055 MHz, 64, 13.07 W, 0 %, 0 %
2026/07/19 10:21:08.981, 2055 MHz, 64, 13.07 W, 0 %, 0 %
2026/07/19 10:21:09.187, 2055 MHz, 64, 13.09 W, 0 %, 0 %
2026/07/19 10:21:09.389, 2055 MHz, 64, 13.09 W, 0 %, 0 %
2026/07/19 10:21:09.596, 2055 MHz, 64, 13.07 W, 0 %, 0 %
2026/07/19 10:21:09.799, 2055 MHz, 64, 13.07 W, 0 %, 0 %
2026/07/19 10:21:10.006, 2055 MHz, 64, 13.07 W, 0 %, 0 %
2026/07/19 10:21:10.208, 2055 MHz, 64, 13.19 W, 0 %, 0 %
2026/07/19 10:21:10.412, 2055 MHz, 64, 13.19 W, 0 %, 0 %
2026/07/19 10:21:10.624, 2055 MHz, 64, 13.09 W, 0 %, 0 %
2026/07/19 10:21:10.830, 2055 MHz, 64, 13.09 W, 0 %, 0 %
2026/07/19 10:21:11.035, 2055 MHz, 64, 13.09 W, 0 %, 0 %
2026/07/19 10:21:11.238, 2055 MHz, 64, 13.08 W, 0 %, 0 %
2026/07/19 10:21:11.442, 2055 MHz, 64, 13.08 W, 0 %, 0 %
2026/07/19 10:21:11.652, 2055 MHz, 64, 13.10 W, 0 %, 0 %
2026/07/19 10:21:11.855, 2055 MHz, 64, 13.10 W, 0 %, 0 %
2026/07/19 10:21:12.065, 2055 MHz, 64, 13.10 W, 0 %, 0 %
2026/07/19 10:21:12.280, 2055 MHz, 64, 13.10 W, 0 %, 0 %
2026/07/19 10:21:12.486, 2055 MHz, 64, 13.10 W, 0 %, 0 %
2026/07/19 10:21:12.699, 2055 MHz, 64, 13.10 W, 0 %, 0 %
2026/07/19 10:21:12.912, 2055 MHz, 64, 13.10 W, 0 %, 0 %
2026/07/19 10:21:13.121, 2055 MHz, 64, 13.12 W, 0 %, 0 %
2026/07/19 10:21:13.333, 2055 MHz, 64, 13.12 W, 0 %, 0 %
2026/07/19 10:21:13.542, 2055 MHz, 64, 13.11 W, 0 %, 0 %
2026/07/19 10:21:13.752, 2055 MHz, 64, 13.11 W, 0 %, 0 %
2026/07/19 10:21:13.960, 2055 MHz, 64, 13.11 W, 0 %, 0 %
2026/07/19 10:21:14.162, 2055 MHz, 64, 13.16 W, 0 %, 0 %
2026/07/19 10:21:14.365, 2055 MHz, 64, 13.16 W, 0 %, 0 %
2026/07/19 10:21:14.579, 2055 MHz, 64, 13.22 W, 0 %, 0 %
2026/07/19 10:21:14.785, 2055 MHz, 64, 13.22 W, 0 %, 0 %
2026/07/19 10:21:14.989, 2055 MHz, 64, 13.22 W, 0 %, 0 %
2026/07/19 10:21:15.193, 2055 MHz, 64, 13.09 W, 0 %, 0 %
2026/07/19 10:21:15.399, 2055 MHz, 64, 13.09 W, 0 %, 0 %
2026/07/19 10:21:15.608, 2055 MHz, 64, 13.12 W, 0 %, 0 %
2026/07/19 10:21:15.811, 2055 MHz, 64, 13.12 W, 0 %, 0 %
2026/07/19 10:21:16.014, 2055 MHz, 64, 13.12 W, 0 %, 0 %
2026/07/19 10:21:16.219, 2055 MHz, 48, 1.20 W, 0 %, 0 %
2026/07/19 10:21:16.868, 2055 MHz, 64, 11.90 W, 0 %, 0 %
2026/07/19 10:21:17.083, 2055 MHz, 64, 11.90 W, 0 %, 0 %
2026/07/19 10:21:17.285, 2055 MHz, 64, 13.16 W, 0 %, 0 %
2026/07/19 10:21:17.498, 2055 MHz, 48, 1.20 W, 0 %, 0 %
2026/07/19 10:21:18.168, 2055 MHz, 64, 12.03 W, 0 %, 0 %
2026/07/19 10:21:18.369, 2055 MHz, 64, 12.03 W, 0 %, 0 %
2026/07/19 10:21:18.576, 2055 MHz, 64, 13.19 W, 0 %, 0 %
2026/07/19 10:21:18.777, 2055 MHz, 64, 13.19 W, 0 %, 0 %
2026/07/19 10:21:18.989, 2055 MHz, 64, 13.19 W, 0 %, 0 %
2026/07/19 10:21:19.199, 2055 MHz, 48, 1.20 W, 0 %, 0 %
2026/07/19 10:21:19.751, 2055 MHz, 64, 12.32 W, 0 %, 0 %
2026/07/19 10:21:19.956, 2055 MHz, 64, 12.32 W, 0 %, 0 %
2026/07/19 10:21:20.169, 2055 MHz, 64, 13.39 W, 0 %, 0 %
2026/07/19 10:21:20.375, 2055 MHz, 64, 13.39 W, 0 %, 0 %
2026/07/19 10:21:20.580, 2055 MHz, 64, 13.39 W, 0 %, 0 %
2026/07/19 10:21:20.782, 2055 MHz, 64, 13.23 W, 0 %, 0 %
2026/07/19 10:21:20.988, 2055 MHz, 64, 13.23 W, 0 %, 0 %
2026/07/19 10:21:21.192, 2055 MHz, 64, 13.16 W, 0 %, 0 %
2026/07/19 10:21:21.397, 2055 MHz, 64, 13.16 W, 0 %, 0 %
2026/07/19 10:21:21.608, 2055 MHz, 64, 13.16 W, 0 %, 0 %
2026/07/19 10:21:21.817, 2055 MHz, 64, 13.10 W, 0 %, 0 %
2026/07/19 10:21:22.031, 2055 MHz, 64, 13.10 W, 0 %, 0 %
2026/07/19 10:21:22.247, 2055 MHz, 64, 13.13 W, 0 %, 0 %
2026/07/19 10:21:22.452, 2055 MHz, 64, 13.13 W, 0 %, 0 %
2026/07/19 10:21:22.666, 2055 MHz, 64, 13.15 W, 0 %, 0 %
2026/07/19 10:21:22.874, 2055 MHz, 64, 13.15 W, 0 %, 0 %
2026/07/19 10:21:23.078, 2055 MHz, 64, 13.15 W, 0 %, 0 %
2026/07/19 10:21:23.286, 2055 MHz, 64, 13.15 W, 0 %, 0 %
2026/07/19 10:21:23.495, 2055 MHz, 64, 13.15 W, 0 %, 0 %
2026/07/19 10:21:23.696, 2055 MHz, 48, 1.20 W, 0 %, 0 %
2026/07/19 10:21:24.321, 2055 MHz, 64, 10.75 W, 0 %, 0 %
2026/07/19 10:21:24.533, 2055 MHz, 64, 10.75 W, 0 %, 0 %
2026/07/19 10:21:24.735, 2055 MHz, 64, 13.21 W, 0 %, 0 %
2026/07/19 10:21:24.936, 2055 MHz, 64, 13.21 W, 0 %, 0 %
2026/07/19 10:21:25.137, 2055 MHz, 64, 13.21 W, 0 %, 0 %
2026/07/19 10:21:25.340, 2055 MHz, 64, 13.15 W, 0 %, 0 %
2026/07/19 10:21:25.548, 2055 MHz, 64, 13.15 W, 0 %, 0 %
2026/07/19 10:21:25.752, 2055 MHz, 64, 13.18 W, 0 %, 0 %
2026/07/19 10:21:25.953, 2055 MHz, 64, 13.18 W, 0 %, 0 %
2026/07/19 10:21:26.166, 2055 MHz, 64, 13.18 W, 0 %, 0 %
2026/07/19 10:21:26.378, 2055 MHz, 64, 13.18 W, 0 %, 0 %
2026/07/19 10:21:26.581, 2055 MHz, 64, 13.18 W, 0 %, 0 %
2026/07/19 10:21:26.784, 2055 MHz, 64, 13.15 W, 0 %, 0 %
2026/07/19 10:21:26.990, 2055 MHz, 64, 13.15 W, 0 %, 0 %
2026/07/19 10:21:27.191, 2055 MHz, 48, 1.20 W, 0 %, 0 %
2026/07/19 10:21:27.769, 2055 MHz, 64, 10.74 W, 0 %, 0 %
2026/07/19 10:21:27.976, 2055 MHz, 64, 10.74 W, 0 %, 0 %
2026/07/19 10:21:28.178, 2055 MHz, 64, 13.17 W, 0 %, 0 %
2026/07/19 10:21:28.390, 2055 MHz, 64, 13.17 W, 0 %, 0 %
2026/07/19 10:21:28.602, 2055 MHz, 64, 13.17 W, 0 %, 0 %
2026/07/19 10:21:28.806, 2055 MHz, 64, 13.17 W, 0 %, 0 %
2026/07/19 10:21:29.017, 2055 MHz, 48, 1.20 W, 0 %, 0 %
2026/07/19 10:21:29.721, 2055 MHz, 64, 12.35 W, 0 %, 0 %
2026/07/19 10:21:29.932, 2055 MHz, 64, 12.35 W, 0 %, 0 %
2026/07/19 10:21:30.134, 2055 MHz, 64, 13.22 W, 0 %, 0 %
2026/07/19 10:21:30.336, 2055 MHz, 64, 13.22 W, 0 %, 0 %
2026/07/19 10:21:30.537, 2055 MHz, 64, 13.22 W, 0 %, 0 %
2026/07/19 10:21:30.739, 2055 MHz, 64, 13.15 W, 0 %, 0 %
2026/07/19 10:21:30.942, 1380 MHz, 48, 590.01 W, 0 %, 0 %
2026/07/19 10:21:31.567, 2055 MHz, 64, 12.49 W, 0 %, 0 %
2026/07/19 10:21:31.770, 2055 MHz, 64, 12.49 W, 0 %, 0 %
2026/07/19 10:21:31.976, 2055 MHz, 64, 13.16 W, 0 %, 0 %
2026/07/19 10:21:32.188, 2055 MHz, 64, 13.16 W, 0 %, 0 %
2026/07/19 10:21:32.398, 2055 MHz, 64, 13.16 W, 0 %, 0 %
2026/07/19 10:21:32.603, 2055 MHz, 64, 13.18 W, 0 %, 0 %
2026/07/19 10:21:32.807, 2055 MHz, 64, 13.18 W, 0 %, 0 %
2026/07/19 10:21:33.009, 2055 MHz, 64, 13.12 W, 0 %, 0 %
2026/07/19 10:21:33.210, 2055 MHz, 64, 13.12 W, 0 %, 0 %
2026/07/19 10:21:33.412, 1380 MHz, 48, 15.40 W, 0 %, 0 %
2026/07/19 10:21:34.029, 2055 MHz, 64, 10.86 W, 0 %, 0 %
2026/07/19 10:21:34.231, 2055 MHz, 64, 10.86 W, 0 %, 0 %
2026/07/19 10:21:34.441, 2055 MHz, 64, 13.10 W, 0 %, 0 %
2026/07/19 10:21:34.657, 2055 MHz, 64, 13.10 W, 0 %, 0 %
2026/07/19 10:21:34.859, 2055 MHz, 64, 13.10 W, 0 %, 0 %
2026/07/19 10:21:35.062, 2055 MHz, 64, 13.28 W, 0 %, 0 %
2026/07/19 10:21:35.265, 2055 MHz, 64, 13.28 W, 0 %, 0 %
2026/07/19 10:21:35.468, 2055 MHz, 64, 13.19 W, 0 %, 0 %
2026/07/19 10:21:35.674, 2055 MHz, 64, 13.19 W, 0 %, 0 %
2026/07/19 10:21:35.888, 2055 MHz, 64, 13.29 W, 0 %, 0 %
2026/07/19 10:21:36.095, 2055 MHz, 64, 13.29 W, 0 %, 0 %
2026/07/19 10:21:36.296, 2055 MHz, 64, 13.29 W, 0 %, 0 %
2026/07/19 10:21:36.497, 2055 MHz, 64, 13.14 W, 0 %, 0 %
2026/07/19 10:21:36.700, 2055 MHz, 64, 13.14 W, 0 %, 0 %
2026/07/19 10:21:36.914, 2055 MHz, 64, 13.12 W, 0 %, 0 %
2026/07/19 10:21:37.117, 2055 MHz, 48, 1.20 W, 0 %, 0 %
2026/07/19 10:21:37.714, 2055 MHz, 64, 10.70 W, 0 %, 0 %
2026/07/19 10:21:37.923, 2055 MHz, 64, 10.70 W, 0 %, 0 %
2026/07/19 10:21:38.127, 2055 MHz, 64, 13.22 W, 0 %, 0 %
2026/07/19 10:21:38.333, 2055 MHz, 64, 13.22 W, 0 %, 0 %
2026/07/19 10:21:38.538, 2055 MHz, 64, 13.22 W, 0 %, 0 %
2026/07/19 10:21:38.748, 2055 MHz, 64, 13.19 W, 0 %, 0 %
2026/07/19 10:21:38.959, 2055 MHz, 64, 13.19 W, 0 %, 0 %
2026/07/19 10:21:39.168, 2055 MHz, 64, 13.16 W, 0 %, 0 %
2026/07/19 10:21:39.375, 2055 MHz, 64, 13.16 W, 0 %, 0 %
2026/07/19 10:21:39.581, 2055 MHz, 64, 13.16 W, 0 %, 0 %
2026/07/19 10:21:39.793, 2055 MHz, 64, 13.13 W, 0 %, 0 %
2026/07/19 10:21:39.996, 2055 MHz, 64, 13.13 W, 0 %, 0 %
2026/07/19 10:21:40.208, 2055 MHz, 48, 1.20 W, 0 %, 0 %
2026/07/19 10:21:40.869, 2055 MHz, 64, 10.77 W, 0 %, 0 %
2026/07/19 10:21:41.072, 2055 MHz, 64, 10.77 W, 0 %, 0 %
2026/07/19 10:21:41.274, 2055 MHz, 64, 13.13 W, 0 %, 0 %
2026/07/19 10:21:41.485, 2055 MHz, 64, 13.13 W, 0 %, 0 %
2026/07/19 10:21:41.688, 2055 MHz, 64, 13.13 W, 0 %, 0 %
2026/07/19 10:21:41.903, 2055 MHz, 48, 1.20 W, 0 %, 0 %
2026/07/19 10:21:42.587, 2055 MHz, 64, 10.74 W, 0 %, 0 %
2026/07/19 10:21:42.791, 2055 MHz, 64, 10.74 W, 0 %, 0 %
2026/07/19 10:21:42.996, 2055 MHz, 64, 13.14 W, 0 %, 0 %
2026/07/19 10:21:43.199, 2055 MHz, 64, 13.14 W, 0 %, 0 %
2026/07/19 10:21:43.405, 2055 MHz, 64, 13.14 W, 0 %, 0 %
2026/07/19 10:21:43.618, 2055 MHz, 64, 13.08 W, 0 %, 0 %
2026/07/19 10:21:43.819, 2055 MHz, 64, 13.08 W, 0 %, 0 %
2026/07/19 10:21:44.022, 2055 MHz, 64, 13.26 W, 0 %, 0 %
2026/07/19 10:21:44.226, 2055 MHz, 64, 13.26 W, 0 %, 0 %
2026/07/19 10:21:44.428, 2055 MHz, 64, 13.26 W, 0 %, 0 %
2026/07/19 10:21:44.631, 2055 MHz, 64, 13.40 W, 0 %, 0 %
2026/07/19 10:21:44.841, 2055 MHz, 64, 13.40 W, 0 %, 0 %
2026/07/19 10:21:45.050, 2055 MHz, 64, 13.16 W, 0 %, 0 %
2026/07/19 10:21:45.251, 2055 MHz, 64, 13.16 W, 0 %, 0 %
2026/07/19 10:21:45.463, 2055 MHz, 64, 13.16 W, 0 %, 0 %
2026/07/19 10:21:45.675, 2055 MHz, 64, 13.24 W, 0 %, 0 %
2026/07/19 10:21:45.887, 2055 MHz, 64, 13.24 W, 0 %, 0 %
2026/07/19 10:21:46.090, 2055 MHz, 64, 13.10 W, 0 %, 0 %
2026/07/19 10:21:46.296, 2055 MHz, 64, 13.10 W, 0 %, 0 %
2026/07/19 10:21:46.507, 2055 MHz, 64, 13.10 W, 0 %, 0 %
2026/07/19 10:21:46.713, 2055 MHz, 64, 13.10 W, 0 %, 0 %
2026/07/19 10:21:46.913, 2055 MHz, 64, 13.10 W, 0 %, 0 %
2026/07/19 10:21:47.117, 2055 MHz, 64, 13.13 W, 0 %, 0 %
2026/07/19 10:21:47.332, 2055 MHz, 64, 13.13 W, 0 %, 0 %
2026/07/19 10:21:47.534, 2055 MHz, 64, 13.12 W, 0 %, 0 %
2026/07/19 10:21:47.745, 2055 MHz, 64, 13.12 W, 0 %, 0 %
2026/07/19 10:21:47.957, 2055 MHz, 64, 13.12 W, 0 %, 0 %
2026/07/19 10:21:48.164, 2055 MHz, 64, 13.10 W, 0 %, 0 %
2026/07/19 10:21:48.367, 2055 MHz, 64, 13.10 W, 0 %, 0 %
2026/07/19 10:21:48.573, 2055 MHz, 64, 13.14 W, 0 %, 0 %
2026/07/19 10:21:48.781, 2055 MHz, 64, 13.14 W, 0 %, 0 %
2026/07/19 10:21:48.983, 2055 MHz, 64, 13.14 W, 0 %, 0 %
2026/07/19 10:21:49.184, 2055 MHz, 64, 13.14 W, 0 %, 0 %
2026/07/19 10:21:49.399, 2055 MHz, 64, 13.14 W, 0 %, 0 %
2026/07/19 10:21:49.608, 2055 MHz, 64, 13.14 W, 0 %, 0 %
2026/07/19 10:21:49.823, 2055 MHz, 48, 1.20 W, 0 %, 0 %
2026/07/19 10:21:50.563, 2055 MHz, 64, 10.61 W, 0 %, 0 %
2026/07/19 10:21:50.772, 2055 MHz, 64, 10.61 W, 0 %, 0 %
2026/07/19 10:21:50.975, 2055 MHz, 48, 1.20 W, 0 %, 0 %
2026/07/19 10:21:51.659, 2055 MHz, 64, 10.79 W, 0 %, 0 %
2026/07/19 10:21:51.862, 2055 MHz, 64, 10.79 W, 0 %, 0 %
2026/07/19 10:21:52.066, 2055 MHz, 64, 13.21 W, 0 %, 0 %
2026/07/19 10:21:52.267, 2055 MHz, 64, 13.21 W, 0 %, 0 %
2026/07/19 10:21:52.468, 2055 MHz, 64, 13.21 W, 0 %, 0 %
2026/07/19 10:21:52.668, 2055 MHz, 64, 13.36 W, 0 %, 0 %
2026/07/19 10:21:52.880, 2055 MHz, 64, 13.36 W, 0 %, 0 %
2026/07/19 10:21:53.081, 2055 MHz, 64, 13.14 W, 0 %, 0 %
2026/07/19 10:21:53.284, 2055 MHz, 64, 13.14 W, 0 %, 0 %
2026/07/19 10:21:53.488, 2055 MHz, 64, 13.14 W, 0 %, 0 %
2026/07/19 10:21:53.691, 2055 MHz, 64, 13.22 W, 0 %, 0 %
2026/07/19 10:21:53.891, 2055 MHz, 64, 13.22 W, 0 %, 0 %
2026/07/19 10:21:54.106, 2055 MHz, 64, 13.11 W, 0 %, 0 %
2026/07/19 10:21:54.321, 2055 MHz, 64, 13.11 W, 0 %, 0 %
2026/07/19 10:21:54.533, 2055 MHz, 64, 13.11 W, 0 %, 0 %
2026/07/19 10:21:54.738, 2055 MHz, 64, 13.15 W, 0 %, 0 %
2026/07/19 10:21:54.945, 2055 MHz, 64, 13.15 W, 0 %, 0 %
2026/07/19 10:21:55.159, 2055 MHz, 64, 13.13 W, 0 %, 0 %
2026/07/19 10:21:55.362, 2055 MHz, 64, 13.13 W, 0 %, 0 %
2026/07/19 10:21:55.565, 2055 MHz, 64, 13.15 W, 0 %, 0 %
2026/07/19 10:21:55.775, 2055 MHz, 64, 13.15 W, 0 %, 0 %
2026/07/19 10:21:55.984, 2055 MHz, 64, 13.15 W, 0 %, 0 %
2026/07/19 10:21:56.185, 2055 MHz, 64, 13.15 W, 0 %, 0 %
2026/07/19 10:21:56.393, 2055 MHz, 64, 13.15 W, 0 %, 0 %
2026/07/19 10:21:56.597, 2055 MHz, 64, 13.14 W, 0 %, 0 %
2026/07/19 10:21:56.800, 2055 MHz, 64, 13.14 W, 0 %, 0 %
2026/07/19 10:21:57.001, 2055 MHz, 64, 13.14 W, 0 %, 0 %
2026/07/19 10:21:57.202, 2055 MHz, 64, 13.13 W, 0 %, 0 %
2026/07/19 10:21:57.409, 2055 MHz, 64, 13.13 W, 0 %, 0 %
2026/07/19 10:21:57.612, 2055 MHz, 64, 13.13 W, 0 %, 0 %
2026/07/19 10:21:57.825, 2055 MHz, 64, 13.13 W, 0 %, 0 %
2026/07/19 10:21:58.028, 2055 MHz, 64, 13.13 W, 0 %, 0 %
2026/07/19 10:21:58.229, 2055 MHz, 64, 13.13 W, 0 %, 0 %
2026/07/19 10:21:58.435, 2055 MHz, 64, 13.13 W, 0 %, 0 %
2026/07/19 10:21:58.645, 2055 MHz, 64, 13.12 W, 0 %, 0 %
2026/07/19 10:21:58.855, 2055 MHz, 64, 13.12 W, 0 %, 0 %
2026/07/19 10:21:59.056, 2055 MHz, 64, 13.12 W, 0 %, 0 %
2026/07/19 10:21:59.259, 2055 MHz, 48, 1.20 W, 0 %, 0 %
2026/07/19 10:21:59.913, 2055 MHz, 64, 10.70 W, 0 %, 0 %
2026/07/19 10:22:00.118, 2055 MHz, 64, 10.70 W, 0 %, 0 %
2026/07/19 10:22:00.319, 2055 MHz, 64, 13.14 W, 0 %, 0 %
2026/07/19 10:22:00.524, 2055 MHz, 64, 13.14 W, 0 %, 0 %
2026/07/19 10:22:00.725, 2055 MHz, 64, 13.14 W, 0 %, 0 %
2026/07/19 10:22:00.929, 2055 MHz, 64, 13.17 W, 0 %, 0 %
2026/07/19 10:22:01.132, 2055 MHz, 64, 13.17 W, 0 %, 0 %
2026/07/19 10:22:01.341, 2055 MHz, 64, 13.13 W, 0 %, 0 %
2026/07/19 10:22:01.549, 2055 MHz, 64, 13.13 W, 0 %, 0 %
2026/07/19 10:22:01.756, 2055 MHz, 64, 13.13 W, 0 %, 0 %
2026/07/19 10:22:01.959, 2055 MHz, 64, 13.16 W, 0 %, 0 %
2026/07/19 10:22:02.161, 2055 MHz, 64, 13.16 W, 0 %, 0 %
2026/07/19 10:22:02.363, 2055 MHz, 65, 13.15 W, 0 %, 0 %
2026/07/19 10:22:02.566, 2055 MHz, 65, 13.15 W, 0 %, 0 %
2026/07/19 10:22:02.768, 2055 MHz, 65, 13.15 W, 0 %, 0 %
2026/07/19 10:22:02.970, 2055 MHz, 64, 13.12 W, 0 %, 0 %
2026/07/19 10:22:03.181, 2055 MHz, 64, 13.12 W, 0 %, 0 %
2026/07/19 10:22:03.389, 2055 MHz, 64, 13.15 W, 0 %, 0 %
2026/07/19 10:22:03.597, 2055 MHz, 64, 13.15 W, 0 %, 0 %
2026/07/19 10:22:03.808, 1380 MHz, 48, 15.34 W, 0 %, 0 %
2026/07/19 10:22:04.437, 2055 MHz, 64, 10.81 W, 0 %, 0 %
2026/07/19 10:22:04.647, 2055 MHz, 64, 10.81 W, 0 %, 0 %
2026/07/19 10:22:04.855, 2055 MHz, 65, 13.17 W, 0 %, 0 %
2026/07/19 10:22:05.068, 2055 MHz, 65, 13.17 W, 0 %, 0 %
2026/07/19 10:22:05.275, 2055 MHz, 48, 1.20 W, 0 %, 0 %
2026/07/19 10:22:05.900, 2055 MHz, 64, 12.09 W, 0 %, 0 %
2026/07/19 10:22:06.103, 2055 MHz, 64, 12.09 W, 0 %, 0 %
2026/07/19 10:22:06.314, 2055 MHz, 65, 13.17 W, 0 %, 0 %
2026/07/19 10:22:06.518, 2055 MHz, 65, 13.17 W, 0 %, 0 %
2026/07/19 10:22:06.723, 2055 MHz, 65, 13.17 W, 0 %, 0 %
2026/07/19 10:22:06.928, 2055 MHz, 65, 13.18 W, 0 %, 0 %
2026/07/19 10:22:07.132, 2055 MHz, 65, 13.18 W, 0 %, 0 %
2026/07/19 10:22:07.338, 2055 MHz, 65, 13.16 W, 0 %, 0 %
2026/07/19 10:22:07.548, 2055 MHz, 48, 1.20 W, 0 %, 0 %
2026/07/19 10:22:08.241, 2055 MHz, 64, 12.36 W, 0 %, 0 %
2026/07/19 10:22:08.448, 2055 MHz, 64, 12.36 W, 0 %, 0 %
2026/07/19 10:22:08.663, 2055 MHz, 65, 13.16 W, 0 %, 0 %
2026/07/19 10:22:08.878, 2055 MHz, 65, 13.16 W, 0 %, 0 %
2026/07/19 10:22:09.082, 2055 MHz, 65, 13.16 W, 0 %, 0 %
2026/07/19 10:22:09.295, 2055 MHz, 65, 13.17 W, 0 %, 0 %
2026/07/19 10:22:09.509, 2055 MHz, 65, 13.17 W, 0 %, 0 %
2026/07/19 10:22:09.724, 2055 MHz, 65, 13.18 W, 0 %, 0 %
2026/07/19 10:22:09.930, 2055 MHz, 65, 13.18 W, 0 %, 0 %
2026/07/19 10:22:10.138, 2055 MHz, 65, 13.18 W, 0 %, 0 %
2026/07/19 10:22:10.347, 2055 MHz, 65, 13.18 W, 0 %, 0 %
2026/07/19 10:22:10.557, 2055 MHz, 65, 13.18 W, 0 %, 0 %
2026/07/19 10:22:10.768, 2055 MHz, 65, 13.19 W, 0 %, 0 %
2026/07/19 10:22:10.969, 2055 MHz, 65, 13.19 W, 0 %, 0 %
2026/07/19 10:22:11.170, 2055 MHz, 65, 13.18 W, 0 %, 0 %
2026/07/19 10:22:11.372, 2055 MHz, 65, 13.18 W, 0 %, 0 %
2026/07/19 10:22:11.574, 2055 MHz, 65, 13.18 W, 0 %, 0 %
2026/07/19 10:22:11.784, 2055 MHz, 65, 13.13 W, 0 %, 0 %
2026/07/19 10:22:11.989, 2055 MHz, 65, 13.13 W, 0 %, 0 %
2026/07/19 10:22:12.200, 2055 MHz, 65, 13.14 W, 0 %, 0 %
2026/07/19 10:22:12.401, 2055 MHz, 65, 13.14 W, 0 %, 0 %
2026/07/19 10:22:12.607, 2055 MHz, 48, 1.20 W, 0 %, 0 %
2026/07/19 10:22:13.310, 2055 MHz, 64, 10.74 W, 0 %, 0 %
2026/07/19 10:22:13.514, 2055 MHz, 64, 10.74 W, 0 %, 0 %
2026/07/19 10:22:13.723, 2055 MHz, 65, 13.10 W, 0 %, 0 %
2026/07/19 10:22:13.934, 2055 MHz, 65, 13.10 W, 0 %, 0 %
2026/07/19 10:22:14.140, 2055 MHz, 65, 13.10 W, 0 %, 0 %
2026/07/19 10:22:14.345, 2055 MHz, 65, 13.28 W, 0 %, 0 %
2026/07/19 10:22:14.552, 2055 MHz, 65, 13.28 W, 0 %, 0 %
2026/07/19 10:22:14.757, 2055 MHz, 65, 13.18 W, 0 %, 0 %
2026/07/19 10:22:14.961, 2055 MHz, 48, 1.20 W, 0 %, 0 %
2026/07/19 10:22:15.691, 2055 MHz, 64, 10.74 W, 0 %, 0 %
2026/07/19 10:22:15.903, 2055 MHz, 64, 10.74 W, 0 %, 0 %
2026/07/19 10:22:16.109, 2055 MHz, 65, 13.23 W, 0 %, 0 %
2026/07/19 10:22:16.310, 2055 MHz, 65, 13.23 W, 0 %, 0 %
2026/07/19 10:22:16.523, 2055 MHz, 65, 13.23 W, 0 %, 0 %
2026/07/19 10:22:16.729, 2055 MHz, 65, 13.14 W, 0 %, 0 %
2026/07/19 10:22:16.933, 2055 MHz, 48, 1.20 W, 0 %, 0 %
2026/07/19 10:22:17.573, 2055 MHz, 64, 10.82 W, 0 %, 0 %
2026/07/19 10:22:17.785, 2055 MHz, 64, 10.82 W, 0 %, 0 %
2026/07/19 10:22:17.988, 2055 MHz, 65, 13.19 W, 0 %, 0 %
2026/07/19 10:22:18.201, 2055 MHz, 65, 13.19 W, 0 %, 0 %
2026/07/19 10:22:18.402, 2055 MHz, 65, 13.19 W, 0 %, 0 %
2026/07/19 10:22:18.610, 2055 MHz, 65, 13.37 W, 0 %, 0 %
2026/07/19 10:22:18.812, 2055 MHz, 65, 13.37 W, 0 %, 0 %
2026/07/19 10:22:19.015, 2055 MHz, 65, 13.15 W, 0 %, 0 %
2026/07/19 10:22:19.230, 2055 MHz, 65, 13.15 W, 0 %, 0 %
2026/07/19 10:22:19.439, 2055 MHz, 65, 13.15 W, 0 %, 0 %
2026/07/19 10:22:19.647, 2055 MHz, 48, 1.20 W, 0 %, 0 %
2026/07/19 10:22:20.254, 2055 MHz, 64, 10.82 W, 0 %, 0 %
2026/07/19 10:22:20.457, 2055 MHz, 64, 10.82 W, 0 %, 0 %
2026/07/19 10:22:20.659, 2055 MHz, 65, 13.16 W, 0 %, 0 %
2026/07/19 10:22:20.863, 2055 MHz, 65, 13.16 W, 0 %, 0 %
2026/07/19 10:22:21.067, 2055 MHz, 65, 13.16 W, 0 %, 0 %
2026/07/19 10:22:21.269, 2055 MHz, 65, 13.18 W, 0 %, 0 %
2026/07/19 10:22:21.472, 2055 MHz, 65, 13.18 W, 0 %, 0 %
2026/07/19 10:22:21.674, 2055 MHz, 65, 13.19 W, 0 %, 0 %
2026/07/19 10:22:21.885, 2055 MHz, 65, 13.19 W, 0 %, 0 %
2026/07/19 10:22:22.087, 2055 MHz, 65, 13.19 W, 0 %, 0 %
2026/07/19 10:22:22.291, 2055 MHz, 65, 13.37 W, 0 %, 0 %
2026/07/19 10:22:22.505, 2055 MHz, 48, 1.20 W, 0 %, 0 %
2026/07/19 10:22:23.214, 2055 MHz, 64, 10.84 W, 0 %, 0 %
2026/07/19 10:22:23.416, 2055 MHz, 64, 10.84 W, 0 %, 0 %
2026/07/19 10:22:23.616, 2055 MHz, 65, 13.17 W, 0 %, 0 %
2026/07/19 10:22:23.828, 2055 MHz, 65, 13.17 W, 0 %, 0 %
2026/07/19 10:22:24.030, 2055 MHz, 65, 13.17 W, 0 %, 0 %
2026/07/19 10:22:24.233, 2055 MHz, 65, 13.18 W, 0 %, 0 %
2026/07/19 10:22:24.438, 2055 MHz, 65, 13.18 W, 0 %, 0 %
2026/07/19 10:22:24.644, 2055 MHz, 65, 13.24 W, 0 %, 0 %
2026/07/19 10:22:24.851, 2055 MHz, 65, 13.24 W, 0 %, 0 %
2026/07/19 10:22:25.055, 2055 MHz, 65, 13.24 W, 0 %, 0 %
2026/07/19 10:22:25.259, 2055 MHz, 65, 13.19 W, 0 %, 0 %
2026/07/19 10:22:25.464, 1380 MHz, 48, 15.46 W, 0 %, 0 %
2026/07/19 10:22:26.096, 2055 MHz, 64, 10.89 W, 0 %, 0 %
2026/07/19 10:22:26.300, 2055 MHz, 64, 10.89 W, 0 %, 0 %
2026/07/19 10:22:26.501, 2055 MHz, 65, 13.17 W, 0 %, 0 %
2026/07/19 10:22:26.713, 2055 MHz, 65, 13.17 W, 0 %, 0 %
2026/07/19 10:22:26.919, 2055 MHz, 65, 13.17 W, 0 %, 0 %
2026/07/19 10:22:27.126, 2055 MHz, 48, 1.20 W, 0 %, 0 %
2026/07/19 10:22:27.765, 2055 MHz, 64, 10.75 W, 0 %, 0 %
2026/07/19 10:22:27.967, 2055 MHz, 64, 10.75 W, 0 %, 0 %
2026/07/19 10:22:28.171, 2055 MHz, 48, 1.20 W, 0 %, 0 %
2026/07/19 10:22:28.840, 2055 MHz, 64, 12.29 W, 0 %, 0 %
2026/07/19 10:22:29.041, 2055 MHz, 64, 12.29 W, 0 %, 0 %
2026/07/19 10:22:29.248, 2055 MHz, 48, 1.20 W, 0 %, 0 %
2026/07/19 10:22:29.759, 2055 MHz, 64, 10.89 W, 0 %, 0 %
2026/07/19 10:22:29.974, 2055 MHz, 64, 10.89 W, 0 %, 0 %
2026/07/19 10:22:30.176, 2055 MHz, 65, 13.29 W, 0 %, 0 %
2026/07/19 10:22:30.386, 2055 MHz, 65, 13.29 W, 0 %, 0 %
2026/07/19 10:22:30.592, 2055 MHz, 65, 13.29 W, 0 %, 0 %
2026/07/19 10:22:30.796, 2055 MHz, 65, 13.21 W, 0 %, 0 %
2026/07/19 10:22:31.003, 2055 MHz, 65, 13.21 W, 0 %, 0 %
2026/07/19 10:22:31.214, 2055 MHz, 65, 13.19 W, 0 %, 0 %
2026/07/19 10:22:31.415, 2055 MHz, 48, 1.20 W, 0 %, 0 %
2026/07/19 10:22:32.075, 2055 MHz, 64, 10.77 W, 0 %, 0 %
2026/07/19 10:22:32.290, 2055 MHz, 64, 10.77 W, 0 %, 0 %
2026/07/19 10:22:32.502, 2055 MHz, 65, 13.20 W, 0 %, 0 %
2026/07/19 10:22:32.702, 2055 MHz, 65, 13.20 W, 0 %, 0 %
2026/07/19 10:22:32.906, 2055 MHz, 65, 13.20 W, 0 %, 0 %
2026/07/19 10:22:33.115, 2055 MHz, 65, 13.29 W, 0 %, 0 %
2026/07/19 10:22:33.317, 2055 MHz, 65, 13.29 W, 0 %, 0 %
2026/07/19 10:22:33.524, 2055 MHz, 65, 13.19 W, 0 %, 0 %
2026/07/19 10:22:33.726, 2055 MHz, 65, 13.19 W, 0 %, 0 %
2026/07/19 10:22:33.935, 2055 MHz, 65, 13.19 W, 0 %, 0 %
2026/07/19 10:22:34.136, 2055 MHz, 65, 13.19 W, 0 %, 0 %
2026/07/19 10:22:34.340, 2055 MHz, 65, 13.19 W, 0 %, 0 %
2026/07/19 10:22:34.546, 2055 MHz, 65, 13.21 W, 0 %, 0 %
2026/07/19 10:22:34.760, 2055 MHz, 65, 13.21 W, 0 %, 0 %
2026/07/19 10:22:34.968, 2055 MHz, 48, 1.20 W, 0 %, 0 %
2026/07/19 10:22:35.526, 2055 MHz, 65, 10.64 W, 0 %, 0 %
2026/07/19 10:22:35.735, 2055 MHz, 65, 10.64 W, 0 %, 0 %
2026/07/19 10:22:35.937, 2055 MHz, 65, 13.20 W, 0 %, 0 %
2026/07/19 10:22:36.142, 2055 MHz, 65, 13.20 W, 0 %, 0 %
2026/07/19 10:22:36.345, 2055 MHz, 65, 13.20 W, 0 %, 0 %
2026/07/19 10:22:36.548, 2055 MHz, 65, 13.20 W, 0 %, 0 %
2026/07/19 10:22:36.753, 2055 MHz, 65, 13.20 W, 0 %, 0 %
2026/07/19 10:22:36.964, 2055 MHz, 48, 1.20 W, 0 %, 0 %
2026/07/19 10:22:37.696, 2055 MHz, 65, 12.32 W, 0 %, 0 %
2026/07/19 10:22:37.900, 2055 MHz, 48, 1.20 W, 0 %, 0 %
2026/07/19 10:22:38.546, 2055 MHz, 65, 12.43 W, 0 %, 0 %
2026/07/19 10:22:38.749, 2055 MHz, 65, 12.43 W, 0 %, 0 %
2026/07/19 10:22:38.956, 2055 MHz, 65, 13.26 W, 0 %, 0 %
2026/07/19 10:22:39.157, 2055 MHz, 65, 13.26 W, 0 %, 0 %
2026/07/19 10:22:39.372, 2055 MHz, 65, 13.26 W, 0 %, 0 %
2026/07/19 10:22:39.575, 2055 MHz, 65, 13.23 W, 0 %, 0 %
2026/07/19 10:22:39.776, 2055 MHz, 65, 13.23 W, 0 %, 0 %
2026/07/19 10:22:39.981, 2055 MHz, 65, 13.22 W, 0 %, 0 %
2026/07/19 10:22:40.190, 2055 MHz, 65, 13.22 W, 0 %, 0 %
2026/07/19 10:22:40.400, 2055 MHz, 65, 13.22 W, 0 %, 0 %
2026/07/19 10:22:40.614, 2055 MHz, 65, 13.22 W, 0 %, 0 %
2026/07/19 10:22:40.817, 2055 MHz, 65, 13.22 W, 0 %, 0 %
2026/07/19 10:22:41.020, 2055 MHz, 65, 13.21 W, 0 %, 0 %
2026/07/19 10:22:41.220, 2055 MHz, 65, 13.21 W, 0 %, 0 %
2026/07/19 10:22:41.423, 2055 MHz, 65, 13.41 W, 0 %, 0 %
2026/07/19 10:22:41.626, 2055 MHz, 65, 13.41 W, 0 %, 0 %
2026/07/19 10:22:41.833, 2055 MHz, 65, 13.41 W, 0 %, 0 %
2026/07/19 10:22:42.040, 2055 MHz, 65, 13.28 W, 0 %, 0 %
2026/07/19 10:22:42.249, 2055 MHz, 65, 13.28 W, 0 %, 0 %
2026/07/19 10:22:42.451, 2055 MHz, 65, 13.22 W, 0 %, 0 %
2026/07/19 10:22:42.653, 2055 MHz, 65, 13.22 W, 0 %, 0 %
2026/07/19 10:22:42.855, 2055 MHz, 65, 13.22 W, 0 %, 0 %
2026/07/19 10:22:43.055, 2055 MHz, 65, 13.22 W, 0 %, 0 %
2026/07/19 10:22:43.263, 2055 MHz, 48, 1.20 W, 0 %, 0 %
2026/07/19 10:22:43.857, 2055 MHz, 65, 15.51 W, 0 %, 0 %
2026/07/19 10:22:44.065, 2055 MHz, 65, 15.51 W, 0 %, 0 %
2026/07/19 10:22:44.266, 2055 MHz, 65, 13.28 W, 0 %, 0 %
2026/07/19 10:22:44.475, 2055 MHz, 65, 13.28 W, 0 %, 0 %
2026/07/19 10:22:44.684, 2055 MHz, 65, 13.28 W, 0 %, 0 %
2026/07/19 10:22:44.887, 2055 MHz, 65, 13.27 W, 0 %, 0 %
2026/07/19 10:22:45.100, 2055 MHz, 65, 13.27 W, 0 %, 0 %
2026/07/19 10:22:45.305, 2055 MHz, 48, 1.20 W, 0 %, 0 %
2026/07/19 10:22:45.846, 2055 MHz, 65, 12.12 W, 0 %, 0 %
2026/07/19 10:22:46.049, 2055 MHz, 65, 12.12 W, 0 %, 0 %
2026/07/19 10:22:46.261, 2055 MHz, 65, 13.28 W, 0 %, 0 %
2026/07/19 10:22:46.463, 2055 MHz, 65, 13.28 W, 0 %, 0 %
2026/07/19 10:22:46.664, 2055 MHz, 65, 13.28 W, 0 %, 0 %
2026/07/19 10:22:46.874, 2055 MHz, 65, 13.25 W, 0 %, 0 %
2026/07/19 10:22:47.095, 2055 MHz, 48, 1.20 W, 0 %, 0 %
2026/07/19 10:22:47.759, 2055 MHz, 65, 10.83 W, 0 %, 0 %
2026/07/19 10:22:47.960, 2055 MHz, 65, 10.83 W, 0 %, 0 %
2026/07/19 10:22:48.162, 2055 MHz, 65, 13.30 W, 0 %, 0 %
2026/07/19 10:22:48.377, 2055 MHz, 65, 13.30 W, 0 %, 0 %
2026/07/19 10:22:48.583, 2055 MHz, 65, 13.30 W, 0 %, 0 %
2026/07/19 10:22:48.798, 2055 MHz, 48, 1.20 W, 0 %, 0 %
2026/07/19 10:22:49.463, 2055 MHz, 65, 12.32 W, 0 %, 0 %
2026/07/19 10:22:49.664, 2055 MHz, 65, 12.32 W, 0 %, 0 %
2026/07/19 10:22:49.870, 2055 MHz, 65, 13.65 W, 0 %, 0 %
2026/07/19 10:22:50.074, 2055 MHz, 65, 13.65 W, 0 %, 0 %
2026/07/19 10:22:50.283, 2055 MHz, 65, 13.65 W, 0 %, 0 %
2026/07/19 10:22:50.485, 2055 MHz, 65, 13.22 W, 0 %, 0 %
2026/07/19 10:22:50.693, 2055 MHz, 65, 13.22 W, 0 %, 0 %
2026/07/19 10:22:50.895, 2055 MHz, 65, 13.40 W, 0 %, 0 %
2026/07/19 10:22:51.097, 2055 MHz, 65, 13.40 W, 0 %, 0 %
2026/07/19 10:22:51.305, 2055 MHz, 65, 13.40 W, 0 %, 0 %
2026/07/19 10:22:51.513, 2055 MHz, 65, 13.22 W, 0 %, 0 %
2026/07/19 10:22:51.717, 2055 MHz, 65, 13.22 W, 0 %, 0 %
2026/07/19 10:22:51.928, 2055 MHz, 65, 13.22 W, 0 %, 0 %
2026/07/19 10:22:52.134, 2055 MHz, 65, 13.22 W, 0 %, 0 %
2026/07/19 10:22:52.345, 2055 MHz, 65, 13.22 W, 0 %, 0 %
2026/07/19 10:22:52.554, 2055 MHz, 48, 1.20 W, 0 %, 0 %
2026/07/19 10:22:53.181, 2055 MHz, 65, 10.78 W, 0 %, 0 %
2026/07/19 10:22:53.389, 2055 MHz, 65, 10.78 W, 0 %, 0 %
2026/07/19 10:22:53.595, 2055 MHz, 65, 13.27 W, 0 %, 0 %
2026/07/19 10:22:53.797, 2055 MHz, 65, 13.27 W, 0 %, 0 %
2026/07/19 10:22:53.999, 2055 MHz, 65, 13.27 W, 0 %, 0 %
2026/07/19 10:22:54.206, 2055 MHz, 65, 13.20 W, 0 %, 0 %
2026/07/19 10:22:54.421, 2055 MHz, 65, 13.20 W, 0 %, 0 %
2026/07/19 10:22:54.628, 2055 MHz, 65, 13.21 W, 0 %, 0 %
2026/07/19 10:22:54.830, 2055 MHz, 65, 13.21 W, 0 %, 0 %
2026/07/19 10:22:55.043, 2055 MHz, 65, 13.36 W, 0 %, 0 %
2026/07/19 10:22:55.248, 2055 MHz, 65, 13.36 W, 0 %, 0 %
2026/07/19 10:22:55.459, 2055 MHz, 65, 13.36 W, 0 %, 0 %
2026/07/19 10:22:55.662, 2055 MHz, 65, 14.46 W, 0 %, 0 %
2026/07/19 10:22:55.869, 2055 MHz, 65, 14.46 W, 0 %, 0 %
2026/07/19 10:22:56.079, 2055 MHz, 65, 13.26 W, 0 %, 0 %
2026/07/19 10:22:56.293, 2055 MHz, 65, 13.26 W, 0 %, 0 %
2026/07/19 10:22:56.501, 2055 MHz, 65, 13.26 W, 0 %, 0 %
2026/07/19 10:22:56.705, 2055 MHz, 65, 13.23 W, 0 %, 0 %
2026/07/19 10:22:56.916, 2055 MHz, 65, 13.23 W, 0 %, 0 %
2026/07/19 10:22:57.131, 2055 MHz, 65, 13.28 W, 0 %, 0 %
2026/07/19 10:22:57.344, 2055 MHz, 65, 13.28 W, 0 %, 0 %
2026/07/19 10:22:57.547, 2055 MHz, 65, 13.21 W, 0 %, 0 %
2026/07/19 10:22:57.749, 2055 MHz, 65, 13.21 W, 0 %, 0 %
2026/07/19 10:22:57.953, 2055 MHz, 65, 13.21 W, 0 %, 0 %
2026/07/19 10:22:58.154, 2055 MHz, 65, 13.21 W, 0 %, 0 %
2026/07/19 10:22:58.357, 2055 MHz, 48, 1.20 W, 0 %, 0 %
2026/07/19 10:22:59.063, 2055 MHz, 65, 10.79 W, 0 %, 0 %
2026/07/19 10:22:59.275, 2055 MHz, 65, 10.79 W, 0 %, 0 %
2026/07/19 10:22:59.486, 2055 MHz, 65, 13.18 W, 0 %, 0 %
2026/07/19 10:22:59.688, 2055 MHz, 65, 13.18 W, 0 %, 0 %
2026/07/19 10:22:59.891, 2055 MHz, 65, 13.18 W, 0 %, 0 %
2026/07/19 10:23:00.092, 2055 MHz, 65, 14.55 W, 0 %, 0 %
2026/07/19 10:23:00.301, 2055 MHz, 48, 1.20 W, 0 %, 0 %
2026/07/19 10:23:01.001, 2055 MHz, 65, 10.80 W, 0 %, 0 %
2026/07/19 10:23:01.203, 2055 MHz, 48, 1.20 W, 0 %, 0 %
2026/07/19 10:23:01.863, 2055 MHz, 65, 12.49 W, 0 %, 0 %
2026/07/19 10:23:02.063, 2055 MHz, 65, 12.49 W, 0 %, 0 %
2026/07/19 10:23:02.271, 2055 MHz, 65, 13.29 W, 0 %, 0 %
2026/07/19 10:23:02.473, 2055 MHz, 65, 13.29 W, 0 %, 0 %
2026/07/19 10:23:02.673, 2055 MHz, 65, 13.29 W, 0 %, 0 %
2026/07/19 10:23:02.883, 2055 MHz, 65, 13.23 W, 0 %, 0 %
2026/07/19 10:23:03.097, 2055 MHz, 65, 13.23 W, 0 %, 0 %
2026/07/19 10:23:03.300, 2055 MHz, 65, 13.22 W, 0 %, 0 %
2026/07/19 10:23:03.514, 2055 MHz, 65, 13.22 W, 0 %, 0 %
2026/07/19 10:23:03.720, 2055 MHz, 65, 13.22 W, 0 %, 0 %
2026/07/19 10:23:03.928, 2055 MHz, 65, 13.24 W, 0 %, 0 %
2026/07/19 10:23:04.136, 2055 MHz, 65, 13.24 W, 0 %, 0 %
2026/07/19 10:23:04.345, 2055 MHz, 65, 13.22 W, 0 %, 0 %
2026/07/19 10:23:04.560, 2055 MHz, 65, 13.22 W, 0 %, 0 %
2026/07/19 10:23:04.775, 2055 MHz, 65, 13.20 W, 0 %, 0 %
2026/07/19 10:23:04.987, 2055 MHz, 65, 13.20 W, 0 %, 0 %
2026/07/19 10:23:05.195, 2055 MHz, 65, 13.20 W, 0 %, 0 %
2026/07/19 10:23:05.406, 2055 MHz, 65, 13.20 W, 0 %, 0 %
2026/07/19 10:23:05.617, 2055 MHz, 48, 1.20 W, 0 %, 0 %
2026/07/19 10:23:06.288, 2055 MHz, 65, 10.77 W, 0 %, 0 %
2026/07/19 10:23:06.490, 2055 MHz, 65, 10.77 W, 0 %, 0 %
2026/07/19 10:23:06.695, 2055 MHz, 65, 13.22 W, 0 %, 0 %
2026/07/19 10:23:06.899, 2055 MHz, 65, 13.22 W, 0 %, 0 %
2026/07/19 10:23:07.103, 2055 MHz, 65, 13.22 W, 0 %, 0 %
2026/07/19 10:23:07.306, 2055 MHz, 65, 13.59 W, 0 %, 0 %
2026/07/19 10:23:07.515, 2055 MHz, 65, 13.59 W, 0 %, 0 %
2026/07/19 10:23:07.723, 2055 MHz, 65, 13.23 W, 0 %, 0 %
2026/07/19 10:23:07.927, 2055 MHz, 65, 13.23 W, 0 %, 0 %
2026/07/19 10:23:08.132, 2055 MHz, 65, 13.23 W, 0 %, 0 %
2026/07/19 10:23:08.338, 2055 MHz, 65, 13.23 W, 0 %, 0 %
2026/07/19 10:23:08.551, 2055 MHz, 65, 13.23 W, 0 %, 0 %
2026/07/19 10:23:08.754, 2055 MHz, 65, 13.28 W, 0 %, 0 %
2026/07/19 10:23:08.964, 2055 MHz, 65, 13.28 W, 0 %, 0 %
2026/07/19 10:23:09.167, 2055 MHz, 65, 13.28 W, 0 %, 0 %
2026/07/19 10:23:09.374, 2055 MHz, 65, 13.28 W, 0 %, 0 %
2026/07/19 10:23:09.585, 2055 MHz, 65, 13.28 W, 0 %, 0 %
2026/07/19 10:23:09.787, 2055 MHz, 65, 13.23 W, 0 %, 0 %
2026/07/19 10:23:09.990, 2055 MHz, 65, 13.23 W, 0 %, 0 %
2026/07/19 10:23:10.200, 2055 MHz, 48, 1.20 W, 0 %, 0 %
2026/07/19 10:23:10.812, 2055 MHz, 65, 12.34 W, 0 %, 0 %
2026/07/19 10:23:11.017, 2055 MHz, 65, 12.34 W, 0 %, 0 %
2026/07/19 10:23:11.225, 2055 MHz, 65, 13.31 W, 0 %, 0 %
2026/07/19 10:23:11.436, 2055 MHz, 65, 13.31 W, 0 %, 0 %
2026/07/19 10:23:11.645, 2055 MHz, 65, 13.31 W, 0 %, 0 %
2026/07/19 10:23:11.846, 2055 MHz, 65, 13.29 W, 0 %, 0 %
2026/07/19 10:23:12.049, 2055 MHz, 48, 1.20 W, 0 %, 0 %
2026/07/19 10:23:12.655, 2055 MHz, 65, 12.37 W, 0 %, 0 %
2026/07/19 10:23:12.856, 2055 MHz, 65, 12.37 W, 0 %, 0 %
2026/07/19 10:23:13.060, 2055 MHz, 48, 1.20 W, 0 %, 0 %
2026/07/19 10:23:13.707, 2055 MHz, 65, 12.09 W, 0 %, 0 %
2026/07/19 10:23:13.908, 2055 MHz, 65, 12.09 W, 0 %, 0 %
2026/07/19 10:23:14.119, 2055 MHz, 65, 13.34 W, 0 %, 0 %
2026/07/19 10:23:14.322, 2055 MHz, 65, 13.34 W, 0 %, 0 %
2026/07/19 10:23:14.526, 2055 MHz, 65, 13.34 W, 0 %, 0 %
2026/07/19 10:23:14.731, 2055 MHz, 65, 13.30 W, 0 %, 0 %
2026/07/19 10:23:14.933, 2055 MHz, 65, 13.30 W, 0 %, 0 %
2026/07/19 10:23:15.145, 2055 MHz, 65, 13.26 W, 0 %, 0 %
2026/07/19 10:23:15.353, 2055 MHz, 65, 13.26 W, 0 %, 0 %
2026/07/19 10:23:15.555, 2055 MHz, 65, 13.26 W, 0 %, 0 %
2026/07/19 10:23:15.759, 2055 MHz, 65, 13.27 W, 0 %, 0 %
2026/07/19 10:23:15.962, 2055 MHz, 48, 1.20 W, 0 %, 0 %
2026/07/19 10:23:16.539, 2055 MHz, 65, 12.44 W, 0 %, 0 %
2026/07/19 10:23:16.739, 2055 MHz, 65, 12.44 W, 0 %, 0 %
2026/07/19 10:23:16.942, 2055 MHz, 65, 13.33 W, 0 %, 0 %
2026/07/19 10:23:17.147, 2055 MHz, 65, 13.33 W, 0 %, 0 %
2026/07/19 10:23:17.354, 2055 MHz, 65, 13.33 W, 0 %, 0 %
2026/07/19 10:23:17.554, 2055 MHz, 65, 13.30 W, 0 %, 0 %
2026/07/19 10:23:17.756, 2055 MHz, 65, 13.30 W, 0 %, 0 %
2026/07/19 10:23:17.963, 2055 MHz, 65, 13.31 W, 0 %, 0 %
2026/07/19 10:23:18.165, 2055 MHz, 65, 13.31 W, 0 %, 0 %
2026/07/19 10:23:18.367, 2055 MHz, 65, 13.31 W, 0 %, 0 %
2026/07/19 10:23:18.570, 2055 MHz, 48, 1.20 W, 0 %, 0 %
2026/07/19 10:23:19.252, 2055 MHz, 65, 10.85 W, 0 %, 0 %
2026/07/19 10:23:19.459, 2055 MHz, 65, 10.85 W, 0 %, 0 %
2026/07/19 10:23:19.662, 2055 MHz, 65, 13.28 W, 0 %, 0 %
2026/07/19 10:23:19.873, 2055 MHz, 65, 13.28 W, 0 %, 0 %
2026/07/19 10:23:20.078, 2055 MHz, 65, 13.28 W, 0 %, 0 %
2026/07/19 10:23:20.291, 2055 MHz, 66, 13.28 W, 0 %, 0 %
2026/07/19 10:23:20.498, 2055 MHz, 66, 13.28 W, 0 %, 0 %
2026/07/19 10:23:20.699, 2055 MHz, 66, 13.26 W, 0 %, 0 %
2026/07/19 10:23:20.907, 2055 MHz, 66, 13.26 W, 0 %, 0 %
2026/07/19 10:23:21.109, 2055 MHz, 66, 13.26 W, 0 %, 0 %
2026/07/19 10:23:21.311, 2055 MHz, 66, 13.26 W, 0 %, 0 %
2026/07/19 10:23:21.525, 2055 MHz, 66, 13.26 W, 0 %, 0 %
2026/07/19 10:23:21.736, 2055 MHz, 66, 13.23 W, 0 %, 0 %
2026/07/19 10:23:21.938, 2055 MHz, 66, 13.23 W, 0 %, 0 %
2026/07/19 10:23:22.140, 2055 MHz, 66, 13.27 W, 0 %, 0 %
2026/07/19 10:23:22.345, 2055 MHz, 66, 13.27 W, 0 %, 0 %
2026/07/19 10:23:22.550, 2055 MHz, 66, 13.27 W, 0 %, 0 %
2026/07/19 10:23:22.758, 2055 MHz, 66, 13.28 W, 0 %, 0 %
2026/07/19 10:23:22.964, 2055 MHz, 66, 13.28 W, 0 %, 0 %
2026/07/19 10:23:23.166, 2055 MHz, 66, 13.32 W, 0 %, 0 %
2026/07/19 10:23:23.366, 2055 MHz, 66, 13.32 W, 0 %, 0 %
2026/07/19 10:23:23.568, 2055 MHz, 66, 13.32 W, 0 %, 0 %
2026/07/19 10:23:23.780, 2055 MHz, 66, 13.31 W, 0 %, 0 %
2026/07/19 10:23:23.984, 2055 MHz, 66, 13.31 W, 0 %, 0 %
2026/07/19 10:23:24.186, 2055 MHz, 66, 13.27 W, 0 %, 0 %
2026/07/19 10:23:24.388, 2055 MHz, 66, 13.27 W, 0 %, 0 %
2026/07/19 10:23:24.590, 2055 MHz, 66, 13.27 W, 0 %, 0 %
2026/07/19 10:23:24.791, 2055 MHz, 66, 13.27 W, 0 %, 0 %
2026/07/19 10:23:25.003, 2055 MHz, 66, 13.27 W, 0 %, 0 %
2026/07/19 10:23:25.208, 2055 MHz, 66, 13.30 W, 0 %, 0 %
2026/07/19 10:23:25.421, 2055 MHz, 66, 13.30 W, 0 %, 0 %
2026/07/19 10:23:25.636, 2055 MHz, 66, 13.31 W, 0 %, 0 %
2026/07/19 10:23:25.837, 2055 MHz, 66, 13.31 W, 0 %, 0 %
2026/07/19 10:23:26.037, 2055 MHz, 66, 13.31 W, 0 %, 0 %
2026/07/19 10:23:26.241, 2055 MHz, 66, 13.30 W, 0 %, 0 %
2026/07/19 10:23:26.445, 2055 MHz, 66, 13.30 W, 0 %, 0 %
2026/07/19 10:23:26.661, 2055 MHz, 66, 13.28 W, 0 %, 0 %
2026/07/19 10:23:26.869, 2055 MHz, 66, 13.28 W, 0 %, 0 %
2026/07/19 10:23:27.074, 2055 MHz, 66, 13.28 W, 0 %, 0 %
2026/07/19 10:23:27.289, 2055 MHz, 48, 1.20 W, 0 %, 0 %
2026/07/19 10:23:27.914, 2055 MHz, 65, 10.94 W, 0 %, 0 %
2026/07/19 10:23:28.126, 2055 MHz, 65, 10.94 W, 0 %, 0 %
2026/07/19 10:23:28.337, 2055 MHz, 66, 13.31 W, 0 %, 0 %
2026/07/19 10:23:28.548, 2055 MHz, 66, 13.31 W, 0 %, 0 %
2026/07/19 10:23:28.763, 2055 MHz, 66, 13.31 W, 0 %, 0 %
2026/07/19 10:23:28.974, 2055 MHz, 66, 13.30 W, 0 %, 0 %
2026/07/19 10:23:29.181, 2055 MHz, 66, 13.30 W, 0 %, 0 %
2026/07/19 10:23:29.389, 2055 MHz, 66, 13.28 W, 0 %, 0 %
2026/07/19 10:23:29.598, 2055 MHz, 66, 13.28 W, 0 %, 0 %
2026/07/19 10:23:29.805, 2055 MHz, 66, 13.28 W, 0 %, 0 %
2026/07/19 10:23:30.008, 2055 MHz, 66, 13.28 W, 0 %, 0 %
2026/07/19 10:23:30.219, 2055 MHz, 66, 13.28 W, 0 %, 0 %
2026/07/19 10:23:30.430, 2055 MHz, 66, 13.24 W, 0 %, 0 %
2026/07/19 10:23:30.641, 2055 MHz, 66, 13.24 W, 0 %, 0 %
2026/07/19 10:23:30.844, 2055 MHz, 66, 13.38 W, 0 %, 0 %
2026/07/19 10:23:31.050, 2055 MHz, 66, 13.38 W, 0 %, 0 %
2026/07/19 10:23:31.262, 2055 MHz, 66, 13.38 W, 0 %, 0 %
2026/07/19 10:23:31.466, 2055 MHz, 66, 13.32 W, 0 %, 0 %
2026/07/19 10:23:31.671, 2055 MHz, 66, 13.32 W, 0 %, 0 %
2026/07/19 10:23:31.873, 2055 MHz, 48, 1.20 W, 0 %, 0 %
2026/07/19 10:23:32.422, 2055 MHz, 65, 10.60 W, 0 %, 0 %
2026/07/19 10:23:32.626, 2055 MHz, 65, 10.60 W, 0 %, 0 %
2026/07/19 10:23:32.828, 2055 MHz, 66, 13.27 W, 0 %, 0 %
2026/07/19 10:23:33.033, 2055 MHz, 66, 13.27 W, 0 %, 0 %
2026/07/19 10:23:33.240, 2055 MHz, 66, 13.27 W, 0 %, 0 %
2026/07/19 10:23:33.440, 2055 MHz, 66, 14.57 W, 0 %, 0 %
2026/07/19 10:23:33.656, 2055 MHz, 66, 14.57 W, 0 %, 0 %
2026/07/19 10:23:33.859, 2055 MHz, 66, 13.28 W, 0 %, 0 %
2026/07/19 10:23:34.069, 2055 MHz, 66, 13.28 W, 0 %, 0 %
2026/07/19 10:23:34.277, 2055 MHz, 66, 13.28 W, 0 %, 0 %
2026/07/19 10:23:34.478, 2055 MHz, 66, 13.32 W, 0 %, 0 %
2026/07/19 10:23:34.684, 2055 MHz, 66, 13.32 W, 0 %, 0 %
2026/07/19 10:23:34.884, 2055 MHz, 66, 13.30 W, 0 %, 0 %
2026/07/19 10:23:35.099, 2055 MHz, 66, 13.30 W, 0 %, 0 %
2026/07/19 10:23:35.304, 2055 MHz, 66, 13.39 W, 0 %, 0 %
2026/07/19 10:23:35.519, 2055 MHz, 66, 13.39 W, 0 %, 0 %
2026/07/19 10:23:35.727, 2055 MHz, 66, 13.39 W, 0 %, 0 %
2026/07/19 10:23:35.932, 2055 MHz, 66, 13.30 W, 0 %, 0 %
2026/07/19 10:23:36.135, 2055 MHz, 48, 1.20 W, 0 %, 0 %
2026/07/19 10:23:36.854, 2055 MHz, 65, 10.91 W, 0 %, 0 %
2026/07/19 10:23:37.057, 2055 MHz, 65, 10.91 W, 0 %, 0 %
2026/07/19 10:23:37.257, 2055 MHz, 66, 13.30 W, 0 %, 0 %
2026/07/19 10:23:37.459, 2055 MHz, 66, 13.30 W, 0 %, 0 %
2026/07/19 10:23:37.665, 2055 MHz, 66, 13.30 W, 0 %, 0 %
2026/07/19 10:23:37.869, 2055 MHz, 66, 13.26 W, 0 %, 0 %
2026/07/19 10:23:38.079, 2055 MHz, 66, 13.26 W, 0 %, 0 %
2026/07/19 10:23:38.280, 2055 MHz, 66, 13.27 W, 0 %, 0 %
2026/07/19 10:23:38.486, 2055 MHz, 66, 13.27 W, 0 %, 0 %
2026/07/19 10:23:38.695, 2055 MHz, 66, 13.27 W, 0 %, 0 %
2026/07/19 10:23:38.896, 2055 MHz, 66, 13.36 W, 0 %, 0 %
2026/07/19 10:23:39.099, 2055 MHz, 66, 13.36 W, 0 %, 0 %
2026/07/19 10:23:39.310, 2055 MHz, 66, 13.24 W, 0 %, 0 %
2026/07/19 10:23:39.523, 2055 MHz, 66, 13.24 W, 0 %, 0 %
2026/07/19 10:23:39.726, 2055 MHz, 66, 13.24 W, 0 %, 0 %
2026/07/19 10:23:39.941, 2055 MHz, 66, 13.34 W, 0 %, 0 %
2026/07/19 10:23:40.148, 2055 MHz, 66, 13.34 W, 0 %, 0 %
2026/07/19 10:23:40.350, 2055 MHz, 66, 13.42 W, 0 %, 0 %
2026/07/19 10:23:40.562, 2055 MHz, 66, 13.42 W, 0 %, 0 %
2026/07/19 10:23:40.773, 2055 MHz, 66, 13.30 W, 0 %, 0 %
2026/07/19 10:23:40.979, 2055 MHz, 66, 13.30 W, 0 %, 0 %
2026/07/19 10:23:41.180, 2055 MHz, 66, 13.30 W, 0 %, 0 %
2026/07/19 10:23:41.381, 2055 MHz, 66, 13.29 W, 0 %, 0 %
2026/07/19 10:23:41.583, 2055 MHz, 66, 13.29 W, 0 %, 0 %
2026/07/19 10:23:41.794, 2055 MHz, 66, 13.26 W, 0 %, 0 %
2026/07/19 10:23:41.996, 2055 MHz, 66, 13.26 W, 0 %, 0 %
2026/07/19 10:23:42.211, 2055 MHz, 66, 13.26 W, 0 %, 0 %
2026/07/19 10:23:42.413, 2055 MHz, 66, 13.26 W, 0 %, 0 %
2026/07/19 10:23:42.622, 2055 MHz, 48, 1.20 W, 0 %, 0 %
2026/07/19 10:23:43.288, 2055 MHz, 65, 14.47 W, 0 %, 0 %
2026/07/19 10:23:43.495, 2055 MHz, 65, 14.47 W, 0 %, 0 %
2026/07/19 10:23:43.698, 2055 MHz, 66, 13.64 W, 0 %, 0 %
2026/07/19 10:23:43.908, 2055 MHz, 66, 13.64 W, 0 %, 0 %
2026/07/19 10:23:44.113, 2055 MHz, 66, 13.64 W, 0 %, 0 %
2026/07/19 10:23:44.314, 2055 MHz, 66, 13.30 W, 0 %, 0 %
2026/07/19 10:23:44.527, 2055 MHz, 66, 13.30 W, 0 %, 0 %
2026/07/19 10:23:44.728, 2055 MHz, 66, 13.35 W, 0 %, 0 %
2026/07/19 10:23:44.938, 2055 MHz, 48, 1.20 W, 0 %, 0 %
2026/07/19 10:23:45.603, 2055 MHz, 65, 10.84 W, 0 %, 0 %
2026/07/19 10:23:45.808, 2055 MHz, 65, 10.84 W, 0 %, 0 %
2026/07/19 10:23:46.009, 210 MHz, 48, 14.57 W, 0 %, 0 %
2026/07/19 10:23:46.631, 2055 MHz, 65, 11.09 W, 0 %, 0 %
2026/07/19 10:23:46.833, 2055 MHz, 65, 11.09 W, 0 %, 0 %
2026/07/19 10:23:47.036, 2055 MHz, 66, 13.28 W, 0 %, 0 %
2026/07/19 10:23:47.244, 2055 MHz, 66, 13.28 W, 0 %, 0 %
2026/07/19 10:23:47.445, 2055 MHz, 66, 13.28 W, 0 %, 0 %
2026/07/19 10:23:47.654, 2055 MHz, 66, 13.27 W, 0 %, 0 %
2026/07/19 10:23:47.864, 2055 MHz, 48, 1.20 W, 0 %, 0 %
2026/07/19 10:23:48.526, 2055 MHz, 65, 10.85 W, 0 %, 0 %
2026/07/19 10:23:48.728, 2055 MHz, 65, 10.85 W, 0 %, 0 %
2026/07/19 10:23:48.943, 2055 MHz, 66, 13.36 W, 0 %, 0 %
2026/07/19 10:23:49.144, 2055 MHz, 66, 13.36 W, 0 %, 0 %
2026/07/19 10:23:49.347, 2055 MHz, 66, 13.36 W, 0 %, 0 %
2026/07/19 10:23:49.555, 2055 MHz, 66, 13.26 W, 0 %, 0 %
2026/07/19 10:23:49.757, 2055 MHz, 66, 13.26 W, 0 %, 0 %
2026/07/19 10:23:49.973, 2055 MHz, 66, 13.28 W, 0 %, 0 %
2026/07/19 10:23:50.183, 2055 MHz, 66, 13.28 W, 0 %, 0 %
2026/07/19 10:23:50.387, 2055 MHz, 66, 13.28 W, 0 %, 0 %
2026/07/19 10:23:50.593, 2055 MHz, 66, 13.29 W, 0 %, 0 %
2026/07/19 10:23:50.805, 2055 MHz, 66, 13.29 W, 0 %, 0 %
2026/07/19 10:23:51.009, 2055 MHz, 66, 13.26 W, 0 %, 0 %
2026/07/19 10:23:51.215, 2055 MHz, 66, 13.26 W, 0 %, 0 %
2026/07/19 10:23:51.430, 2055 MHz, 66, 13.28 W, 0 %, 0 %
2026/07/19 10:23:51.631, 2055 MHz, 66, 13.28 W, 0 %, 0 %
2026/07/19 10:23:51.839, 2055 MHz, 66, 13.28 W, 0 %, 0 %
2026/07/19 10:23:52.041, 2055 MHz, 66, 13.37 W, 0 %, 0 %
2026/07/19 10:23:52.245, 2055 MHz, 66, 13.37 W, 0 %, 0 %
2026/07/19 10:23:52.449, 2055 MHz, 66, 13.24 W, 0 %, 0 %
2026/07/19 10:23:52.654, 2055 MHz, 66, 13.24 W, 0 %, 0 %
2026/07/19 10:23:52.859, 2055 MHz, 66, 13.24 W, 0 %, 0 %
2026/07/19 10:23:53.061, 2055 MHz, 66, 13.35 W, 0 %, 0 %
2026/07/19 10:23:53.276, 2055 MHz, 66, 13.35 W, 0 %, 0 %
2026/07/19 10:23:53.483, 2055 MHz, 66, 13.29 W, 0 %, 0 %
2026/07/19 10:23:53.689, 2055 MHz, 66, 13.29 W, 0 %, 0 %
2026/07/19 10:23:53.902, 1380 MHz, 48, 15.49 W, 0 %, 0 %
2026/07/19 10:23:54.526, 2055 MHz, 65, 11.03 W, 0 %, 0 %
2026/07/19 10:23:54.736, 2055 MHz, 65, 11.03 W, 0 %, 0 %
2026/07/19 10:23:54.941, 2055 MHz, 66, 13.25 W, 0 %, 0 %
2026/07/19 10:23:55.146, 2055 MHz, 66, 13.25 W, 0 %, 0 %
2026/07/19 10:23:55.348, 2055 MHz, 66, 13.25 W, 0 %, 0 %
2026/07/19 10:23:55.550, 2055 MHz, 66, 13.28 W, 0 %, 0 %
2026/07/19 10:23:55.753, 2055 MHz, 66, 13.28 W, 0 %, 0 %
2026/07/19 10:23:55.964, 2055 MHz, 66, 13.28 W, 0 %, 0 %
2026/07/19 10:23:56.176, 2055 MHz, 66, 13.28 W, 0 %, 0 %
2026/07/19 10:23:56.377, 2055 MHz, 66, 13.28 W, 0 %, 0 %
2026/07/19 10:23:56.579, 2055 MHz, 66, 13.26 W, 0 %, 0 %
2026/07/19 10:23:56.781, 2055 MHz, 66, 13.26 W, 0 %, 0 %
2026/07/19 10:23:56.992, 2055 MHz, 66, 13.33 W, 0 %, 0 %
2026/07/19 10:23:57.205, 2055 MHz, 66, 13.33 W, 0 %, 0 %
2026/07/19 10:23:57.420, 2055 MHz, 66, 13.29 W, 0 %, 0 %
2026/07/19 10:23:57.621, 2055 MHz, 66, 13.29 W, 0 %, 0 %
2026/07/19 10:23:57.824, 2055 MHz, 66, 13.29 W, 0 %, 0 %
2026/07/19 10:23:58.027, 2055 MHz, 66, 13.29 W, 0 %, 0 %
2026/07/19 10:23:58.233, 2055 MHz, 66, 13.29 W, 0 %, 0 %
2026/07/19 10:23:58.444, 2055 MHz, 66, 13.30 W, 0 %, 0 %
2026/07/19 10:23:58.655, 2055 MHz, 66, 13.30 W, 0 %, 0 %
2026/07/19 10:23:58.857, 2055 MHz, 48, 1.20 W, 0 %, 0 %
2026/07/19 10:23:59.542, 2055 MHz, 65, 12.41 W, 0 %, 0 %
2026/07/19 10:23:59.747, 2055 MHz, 65, 12.41 W, 0 %, 0 %
2026/07/19 10:23:59.961, 2055 MHz, 66, 13.45 W, 0 %, 0 %
2026/07/19 10:24:00.165, 2055 MHz, 66, 13.45 W, 0 %, 0 %
2026/07/19 10:24:00.380, 2055 MHz, 66, 13.45 W, 0 %, 0 %
2026/07/19 10:24:00.581, 2055 MHz, 66, 13.29 W, 0 %, 0 %
2026/07/19 10:24:00.788, 2055 MHz, 48, 1.20 W, 0 %, 0 %
2026/07/19 10:24:01.507, 2055 MHz, 65, 10.90 W, 0 %, 0 %
2026/07/19 10:24:01.713, 2055 MHz, 65, 10.90 W, 0 %, 0 %
2026/07/19 10:24:01.915, 2055 MHz, 66, 13.48 W, 0 %, 0 %
2026/07/19 10:24:02.129, 2055 MHz, 66, 13.48 W, 0 %, 0 %
2026/07/19 10:24:02.341, 2055 MHz, 66, 13.48 W, 0 %, 0 %
2026/07/19 10:24:02.542, 1380 MHz, 48, 590.01 W, 0 %, 0 %
2026/07/19 10:24:03.167, 2055 MHz, 65, 12.60 W, 0 %, 0 %
2026/07/19 10:24:03.373, 2055 MHz, 65, 12.60 W, 0 %, 0 %
2026/07/19 10:24:03.577, 2055 MHz, 66, 13.35 W, 0 %, 0 %
2026/07/19 10:24:03.792, 2055 MHz, 66, 13.35 W, 0 %, 0 %
2026/07/19 10:24:04.005, 2055 MHz, 48, 1.20 W, 0 %, 0 %
2026/07/19 10:24:04.638, 2055 MHz, 65, 12.42 W, 0 %, 0 %
2026/07/19 10:24:04.843, 2055 MHz, 65, 12.42 W, 0 %, 0 %
2026/07/19 10:24:05.049, 2055 MHz, 66, 13.32 W, 0 %, 0 %
2026/07/19 10:24:05.251, 2055 MHz, 66, 13.32 W, 0 %, 0 %
2026/07/19 10:24:05.455, 2055 MHz, 66, 13.32 W, 0 %, 0 %
2026/07/19 10:24:05.659, 2055 MHz, 66, 13.31 W, 0 %, 0 %
2026/07/19 10:24:05.861, 2055 MHz, 66, 13.31 W, 0 %, 0 %
2026/07/19 10:24:06.075, 2055 MHz, 66, 13.33 W, 0 %, 0 %
2026/07/19 10:24:06.277, 2055 MHz, 66, 13.33 W, 0 %, 0 %
2026/07/19 10:24:06.486, 2055 MHz, 66, 13.33 W, 0 %, 0 %
2026/07/19 10:24:06.692, 1380 MHz, 48, 590.01 W, 0 %, 0 %
2026/07/19 10:24:07.310, 2055 MHz, 66, 12.57 W, 0 %, 0 %
2026/07/19 10:24:07.510, 2055 MHz, 66, 12.57 W, 0 %, 0 %
2026/07/19 10:24:07.713, 2055 MHz, 66, 13.33 W, 0 %, 0 %
2026/07/19 10:24:07.915, 2055 MHz, 66, 13.33 W, 0 %, 0 %
2026/07/19 10:24:08.124, 2055 MHz, 66, 13.33 W, 0 %, 0 %
2026/07/19 10:24:08.331, 2055 MHz, 66, 13.31 W, 0 %, 0 %
2026/07/19 10:24:08.538, 2055 MHz, 66, 13.31 W, 0 %, 0 %
2026/07/19 10:24:08.747, 2055 MHz, 66, 13.27 W, 0 %, 0 %
2026/07/19 10:24:08.954, 2055 MHz, 66, 13.27 W, 0 %, 0 %
2026/07/19 10:24:09.165, 2055 MHz, 66, 13.27 W, 0 %, 0 %
2026/07/19 10:24:09.378, 2055 MHz, 66, 13.27 W, 0 %, 0 %
2026/07/19 10:24:09.585, 2055 MHz, 66, 13.27 W, 0 %, 0 %
2026/07/19 10:24:09.785, 2055 MHz, 48, 1.20 W, 0 %, 0 %
2026/07/19 10:24:10.479, 2055 MHz, 66, 10.86 W, 0 %, 0 %
2026/07/19 10:24:10.692, 2055 MHz, 66, 10.86 W, 0 %, 0 %
2026/07/19 10:24:10.894, 2055 MHz, 66, 13.34 W, 0 %, 0 %
2026/07/19 10:24:11.101, 2055 MHz, 66, 13.34 W, 0 %, 0 %
2026/07/19 10:24:11.302, 2055 MHz, 66, 13.34 W, 0 %, 0 %
2026/07/19 10:24:11.506, 2055 MHz, 48, 1.20 W, 0 %, 0 %
2026/07/19 10:24:12.122, 2055 MHz, 66, 11.00 W, 0 %, 0 %
2026/07/19 10:24:12.334, 2055 MHz, 66, 11.00 W, 0 %, 0 %
2026/07/19 10:24:12.543, 2055 MHz, 66, 13.36 W, 0 %, 0 %
2026/07/19 10:24:12.750, 2055 MHz, 66, 13.36 W, 0 %, 0 %
2026/07/19 10:24:12.958, 2055 MHz, 66, 13.36 W, 0 %, 0 %
2026/07/19 10:24:13.164, 2055 MHz, 66, 13.43 W, 0 %, 0 %
2026/07/19 10:24:13.371, 2055 MHz, 66, 13.43 W, 0 %, 0 %
2026/07/19 10:24:13.582, 2055 MHz, 66, 13.27 W, 0 %, 0 %
2026/07/19 10:24:13.787, 2055 MHz, 66, 13.27 W, 0 %, 0 %
2026/07/19 10:24:13.989, 2055 MHz, 66, 13.27 W, 0 %, 0 %
2026/07/19 10:24:14.193, 2055 MHz, 66, 13.30 W, 0 %, 0 %
2026/07/19 10:24:14.399, 2055 MHz, 66, 13.30 W, 0 %, 0 %
2026/07/19 10:24:14.603, 2055 MHz, 48, 1.20 W, 0 %, 0 %
2026/07/19 10:24:15.203, 2055 MHz, 66, 10.69 W, 0 %, 0 %
2026/07/19 10:24:15.415, 2055 MHz, 66, 10.69 W, 0 %, 0 %
2026/07/19 10:24:15.622, 2055 MHz, 66, 13.27 W, 0 %, 0 %
2026/07/19 10:24:15.833, 2055 MHz, 66, 13.27 W, 0 %, 0 %
2026/07/19 10:24:16.042, 2055 MHz, 66, 13.27 W, 0 %, 0 %
2026/07/19 10:24:16.248, 2055 MHz, 66, 13.31 W, 0 %, 0 %
2026/07/19 10:24:16.453, 2055 MHz, 66, 13.31 W, 0 %, 0 %
2026/07/19 10:24:16.657, 2055 MHz, 66, 13.24 W, 0 %, 0 %
2026/07/19 10:24:16.869, 2055 MHz, 66, 13.24 W, 0 %, 0 %
2026/07/19 10:24:17.080, 2055 MHz, 66, 13.23 W, 0 %, 0 %
2026/07/19 10:24:17.293, 2055 MHz, 66, 13.23 W, 0 %, 0 %
2026/07/19 10:24:17.507, 2055 MHz, 66, 13.23 W, 0 %, 0 %
2026/07/19 10:24:17.710, 2055 MHz, 66, 13.27 W, 0 %, 0 %
2026/07/19 10:24:17.923, 2055 MHz, 66, 13.27 W, 0 %, 0 %
2026/07/19 10:24:18.126, 2055 MHz, 66, 13.54 W, 0 %, 0 %
2026/07/19 10:24:18.331, 2055 MHz, 66, 13.54 W, 0 %, 0 %
2026/07/19 10:24:18.534, 2055 MHz, 66, 13.54 W, 0 %, 0 %
2026/07/19 10:24:18.746, 2055 MHz, 66, 13.30 W, 0 %, 0 %
2026/07/19 10:24:18.959, 2055 MHz, 66, 13.30 W, 0 %, 0 %
2026/07/19 10:24:19.174, 2055 MHz, 66, 13.26 W, 0 %, 0 %
2026/07/19 10:24:19.378, 2055 MHz, 66, 13.26 W, 0 %, 0 %
2026/07/19 10:24:19.580, 2055 MHz, 66, 13.25 W, 0 %, 0 %
2026/07/19 10:24:19.787, 2055 MHz, 66, 13.25 W, 0 %, 0 %
2026/07/19 10:24:19.997, 2055 MHz, 66, 13.25 W, 0 %, 0 %
2026/07/19 10:24:20.199, 2055 MHz, 66, 13.28 W, 0 %, 0 %
2026/07/19 10:24:20.409, 1380 MHz, 48, 14.14 W, 0 %, 0 %
2026/07/19 10:24:21.030, 2055 MHz, 66, 10.76 W, 0 %, 0 %
2026/07/19 10:24:21.244, 2055 MHz, 66, 10.76 W, 0 %, 0 %
2026/07/19 10:24:21.451, 2055 MHz, 66, 13.26 W, 0 %, 0 %
2026/07/19 10:24:21.665, 2055 MHz, 66, 13.26 W, 0 %, 0 %
2026/07/19 10:24:21.869, 2055 MHz, 66, 13.26 W, 0 %, 0 %
2026/07/19 10:24:22.071, 2055 MHz, 66, 13.29 W, 0 %, 0 %
2026/07/19 10:24:22.285, 2055 MHz, 66, 13.29 W, 0 %, 0 %
2026/07/19 10:24:22.494, 2055 MHz, 48, 1.20 W, 0 %, 0 %
2026/07/19 10:24:23.088, 2055 MHz, 66, 12.36 W, 0 %, 0 %
2026/07/19 10:24:23.292, 2055 MHz, 66, 12.36 W, 0 %, 0 %
2026/07/19 10:24:23.495, 1380 MHz, 48, 15.53 W, 0 %, 0 %
2026/07/19 10:24:24.118, 2055 MHz, 66, 11.02 W, 0 %, 0 %
2026/07/19 10:24:24.321, 2055 MHz, 66, 11.02 W, 0 %, 0 %
2026/07/19 10:24:24.525, 2055 MHz, 66, 13.26 W, 0 %, 0 %
2026/07/19 10:24:24.731, 2055 MHz, 66, 13.26 W, 0 %, 0 %
2026/07/19 10:24:24.945, 2055 MHz, 66, 13.26 W, 0 %, 0 %
2026/07/19 10:24:25.150, 2055 MHz, 66, 13.42 W, 0 %, 0 %
2026/07/19 10:24:25.353, 2055 MHz, 66, 13.42 W, 0 %, 0 %
2026/07/19 10:24:25.557, 2055 MHz, 66, 13.26 W, 0 %, 0 %
2026/07/19 10:24:25.760, 2055 MHz, 66, 13.26 W, 0 %, 0 %
2026/07/19 10:24:25.970, 2055 MHz, 66, 13.26 W, 0 %, 0 %
2026/07/19 10:24:26.173, 2055 MHz, 66, 13.26 W, 0 %, 0 %
2026/07/19 10:24:26.375, 2055 MHz, 66, 13.26 W, 0 %, 0 %
2026/07/19 10:24:26.581, 2055 MHz, 66, 13.36 W, 0 %, 0 %
2026/07/19 10:24:26.786, 2055 MHz, 66, 13.36 W, 0 %, 0 %
2026/07/19 10:24:26.995, 2055 MHz, 66, 13.44 W, 0 %, 0 %
2026/07/19 10:24:27.202, 2055 MHz, 66, 13.44 W, 0 %, 0 %
2026/07/19 10:24:27.417, 2055 MHz, 66, 13.44 W, 0 %, 0 %
2026/07/19 10:24:27.621, 2055 MHz, 66, 13.30 W, 0 %, 0 %
2026/07/19 10:24:27.826, 2055 MHz, 66, 13.30 W, 0 %, 0 %
2026/07/19 10:24:28.034, 2055 MHz, 66, 13.28 W, 0 %, 0 %
2026/07/19 10:24:28.235, 2055 MHz, 66, 13.28 W, 0 %, 0 %
2026/07/19 10:24:28.436, 2055 MHz, 66, 13.28 W, 0 %, 0 %
2026/07/19 10:24:28.638, 2055 MHz, 66, 13.24 W, 0 %, 0 %
2026/07/19 10:24:28.840, 2055 MHz, 66, 13.24 W, 0 %, 0 %
2026/07/19 10:24:29.054, 2055 MHz, 66, 13.30 W, 0 %, 0 %
2026/07/19 10:24:29.260, 2055 MHz, 48, 1.20 W, 0 %, 0 %
2026/07/19 10:24:29.980, 2055 MHz, 65, 11.88 W, 0 %, 0 %
2026/07/19 10:24:30.187, 2055 MHz, 65, 11.88 W, 0 %, 0 %
2026/07/19 10:24:30.391, 2055 MHz, 66, 13.33 W, 0 %, 0 %
2026/07/19 10:24:30.597, 2055 MHz, 66, 13.33 W, 0 %, 0 %
2026/07/19 10:24:30.804, 2055 MHz, 66, 13.33 W, 0 %, 0 %
2026/07/19 10:24:31.006, 2055 MHz, 66, 13.31 W, 0 %, 0 %
2026/07/19 10:24:31.211, 2055 MHz, 66, 13.31 W, 0 %, 0 %
2026/07/19 10:24:31.413, 2055 MHz, 66, 13.28 W, 0 %, 0 %
2026/07/19 10:24:31.621, 2055 MHz, 66, 13.28 W, 0 %, 0 %
2026/07/19 10:24:31.822, 2055 MHz, 66, 13.28 W, 0 %, 0 %
2026/07/19 10:24:32.034, 2055 MHz, 66, 13.34 W, 0 %, 0 %
2026/07/19 10:24:32.243, 2055 MHz, 66, 13.34 W, 0 %, 0 %
2026/07/19 10:24:32.452, 2055 MHz, 66, 13.32 W, 0 %, 0 %
2026/07/19 10:24:32.655, 2055 MHz, 66, 13.32 W, 0 %, 0 %
2026/07/19 10:24:32.856, 2055 MHz, 66, 13.31 W, 0 %, 0 %
2026/07/19 10:24:33.062, 2055 MHz, 66, 13.31 W, 0 %, 0 %
2026/07/19 10:24:33.276, 2055 MHz, 66, 13.31 W, 0 %, 0 %
2026/07/19 10:24:33.477, 2055 MHz, 66, 13.30 W, 0 %, 0 %
2026/07/19 10:24:33.679, 2055 MHz, 66, 13.30 W, 0 %, 0 %
2026/07/19 10:24:33.891, 2055 MHz, 66, 13.29 W, 0 %, 0 %
2026/07/19 10:24:34.095, 2055 MHz, 66, 13.29 W, 0 %, 0 %
2026/07/19 10:24:34.308, 2055 MHz, 66, 13.29 W, 0 %, 0 %
2026/07/19 10:24:34.514, 2055 MHz, 66, 13.39 W, 0 %, 0 %
2026/07/19 10:24:34.719, 2055 MHz, 66, 13.39 W, 0 %, 0 %
2026/07/19 10:24:34.935, 2055 MHz, 66, 13.43 W, 0 %, 0 %
2026/07/19 10:24:35.141, 2055 MHz, 66, 13.43 W, 0 %, 0 %
2026/07/19 10:24:35.346, 2055 MHz, 66, 13.43 W, 0 %, 0 %
2026/07/19 10:24:35.554, 2055 MHz, 66, 13.34 W, 0 %, 0 %
2026/07/19 10:24:35.760, 2055 MHz, 66, 13.34 W, 0 %, 0 %
2026/07/19 10:24:35.964, 2055 MHz, 66, 13.29 W, 0 %, 0 %
2026/07/19 10:24:36.177, 2055 MHz, 66, 13.29 W, 0 %, 0 %
2026/07/19 10:24:36.379, 2055 MHz, 66, 13.33 W, 0 %, 0 %
2026/07/19 10:24:36.580, 2055 MHz, 66, 13.33 W, 0 %, 0 %
2026/07/19 10:24:36.782, 2055 MHz, 66, 13.33 W, 0 %, 0 %
2026/07/19 10:24:36.990, 2055 MHz, 66, 13.39 W, 0 %, 0 %
2026/07/19 10:24:37.198, 2055 MHz, 66, 13.39 W, 0 %, 0 %
2026/07/19 10:24:37.410, 2055 MHz, 66, 13.36 W, 0 %, 0 %
2026/07/19 10:24:37.614, 1380 MHz, 48, 590.01 W, 0 %, 0 %
2026/07/19 10:24:38.247, 2055 MHz, 66, 12.65 W, 0 %, 0 %
2026/07/19 10:24:38.456, 2055 MHz, 66, 12.65 W, 0 %, 0 %
2026/07/19 10:24:38.671, 2055 MHz, 66, 13.30 W, 0 %, 0 %
2026/07/19 10:24:38.876, 2055 MHz, 66, 13.30 W, 0 %, 0 %
2026/07/19 10:24:39.089, 2055 MHz, 66, 13.30 W, 0 %, 0 %
2026/07/19 10:24:39.301, 2055 MHz, 66, 13.28 W, 0 %, 0 %
2026/07/19 10:24:39.510, 2055 MHz, 66, 13.28 W, 0 %, 0 %
2026/07/19 10:24:39.718, 2055 MHz, 66, 13.30 W, 0 %, 0 %
2026/07/19 10:24:39.923, 2055 MHz, 48, 1.20 W, 0 %, 0 %
2026/07/19 10:24:40.618, 2055 MHz, 66, 10.74 W, 0 %, 0 %
2026/07/19 10:24:40.827, 2055 MHz, 66, 10.74 W, 0 %, 0 %
2026/07/19 10:24:41.042, 2055 MHz, 66, 13.57 W, 0 %, 0 %
2026/07/19 10:24:41.254, 2055 MHz, 66, 13.57 W, 0 %, 0 %
2026/07/19 10:24:41.456, 2055 MHz, 66, 13.57 W, 0 %, 0 %
2026/07/19 10:24:41.661, 2055 MHz, 66, 13.30 W, 0 %, 0 %
2026/07/19 10:24:41.867, 2055 MHz, 66, 13.30 W, 0 %, 0 %
2026/07/19 10:24:42.071, 2055 MHz, 66, 13.38 W, 0 %, 0 %
2026/07/19 10:24:42.275, 2055 MHz, 66, 13.38 W, 0 %, 0 %
2026/07/19 10:24:42.480, 2055 MHz, 66, 13.38 W, 0 %, 0 %
2026/07/19 10:24:42.685, 2055 MHz, 66, 13.26 W, 0 %, 0 %
2026/07/19 10:24:42.888, 2055 MHz, 66, 13.26 W, 0 %, 0 %
2026/07/19 10:24:43.091, 2055 MHz, 66, 13.40 W, 0 %, 0 %
2026/07/19 10:24:43.297, 2055 MHz, 66, 13.40 W, 0 %, 0 %
2026/07/19 10:24:43.500, 2055 MHz, 66, 13.33 W, 0 %, 0 %
2026/07/19 10:24:43.703, 2055 MHz, 66, 13.33 W, 0 %, 0 %
2026/07/19 10:24:43.904, 2055 MHz, 66, 13.33 W, 0 %, 0 %
2026/07/19 10:24:44.114, 2055 MHz, 66, 13.30 W, 0 %, 0 %
2026/07/19 10:24:44.319, 2055 MHz, 66, 13.30 W, 0 %, 0 %
2026/07/19 10:24:44.520, 2055 MHz, 66, 13.44 W, 0 %, 0 %
2026/07/19 10:24:44.729, 2055 MHz, 66, 13.44 W, 0 %, 0 %
2026/07/19 10:24:44.933, 2055 MHz, 66, 13.44 W, 0 %, 0 %
2026/07/19 10:24:45.138, 2055 MHz, 66, 14.66 W, 0 %, 0 %
2026/07/19 10:24:45.353, 2055 MHz, 66, 14.66 W, 0 %, 0 %
2026/07/19 10:24:45.563, 2055 MHz, 66, 13.26 W, 0 %, 0 %
2026/07/19 10:24:45.770, 2055 MHz, 66, 13.26 W, 0 %, 0 %
2026/07/19 10:24:45.985, 2055 MHz, 66, 13.26 W, 0 %, 0 %
2026/07/19 10:24:46.194, 2055 MHz, 48, 14.86 W, 0 %, 0 %
2026/07/19 10:24:46.853, 2055 MHz, 66, 14.59 W, 0 %, 0 %
2026/07/19 10:24:47.060, 2055 MHz, 66, 14.59 W, 0 %, 0 %
2026/07/19 10:24:47.261, 2055 MHz, 66, 13.29 W, 0 %, 0 %
2026/07/19 10:24:47.464, 2055 MHz, 66, 13.29 W, 0 %, 0 %
2026/07/19 10:24:47.674, 2055 MHz, 66, 13.37 W, 0 %, 0 %
2026/07/19 10:24:47.887, 2055 MHz, 66, 13.37 W, 0 %, 0 %
2026/07/19 10:24:48.100, 2055 MHz, 66, 13.37 W, 0 %, 0 %
2026/07/19 10:24:48.308, 2055 MHz, 66, 13.39 W, 0 %, 0 %
2026/07/19 10:24:48.509, 2055 MHz, 66, 13.39 W, 0 %, 0 %
2026/07/19 10:24:48.723, 2055 MHz, 66, 13.39 W, 0 %, 0 %
2026/07/19 10:24:48.933, 2055 MHz, 66, 13.39 W, 0 %, 0 %
2026/07/19 10:24:49.139, 2055 MHz, 66, 13.39 W, 0 %, 0 %
2026/07/19 10:24:49.346, 2055 MHz, 66, 13.30 W, 0 %, 0 %
2026/07/19 10:24:49.547, 2055 MHz, 66, 13.30 W, 0 %, 0 %
2026/07/19 10:24:49.751, 2055 MHz, 66, 13.32 W, 0 %, 0 %
2026/07/19 10:24:49.964, 2055 MHz, 66, 13.32 W, 0 %, 0 %
2026/07/19 10:24:50.179, 2055 MHz, 66, 13.31 W, 0 %, 0 %
2026/07/19 10:24:50.394, 2055 MHz, 66, 13.31 W, 0 %, 0 %
2026/07/19 10:24:50.595, 2055 MHz, 66, 13.31 W, 0 %, 0 %
2026/07/19 10:24:50.802, 2055 MHz, 66, 13.30 W, 0 %, 0 %
2026/07/19 10:24:51.003, 2055 MHz, 48, 1.20 W, 0 %, 0 %
2026/07/19 10:24:51.559, 2055 MHz, 66, 10.69 W, 0 %, 0 %
2026/07/19 10:24:51.767, 2055 MHz, 66, 10.69 W, 0 %, 0 %
2026/07/19 10:24:51.979, 2055 MHz, 66, 13.27 W, 0 %, 0 %
2026/07/19 10:24:52.189, 2055 MHz, 66, 13.27 W, 0 %, 0 %
2026/07/19 10:24:52.403, 2055 MHz, 66, 13.27 W, 0 %, 0 %
2026/07/19 10:24:52.606, 2055 MHz, 66, 13.31 W, 0 %, 0 %
2026/07/19 10:24:52.815, 2055 MHz, 66, 13.31 W, 0 %, 0 %
2026/07/19 10:24:53.020, 2055 MHz, 66, 13.44 W, 0 %, 0 %
2026/07/19 10:24:53.229, 2055 MHz, 66, 13.44 W, 0 %, 0 %
2026/07/19 10:24:53.431, 2055 MHz, 66, 13.44 W, 0 %, 0 %
2026/07/19 10:24:53.634, 2055 MHz, 66, 13.33 W, 0 %, 0 %
2026/07/19 10:24:53.844, 2055 MHz, 66, 13.33 W, 0 %, 0 %
2026/07/19 10:24:54.051, 2055 MHz, 66, 13.31 W, 0 %, 0 %
2026/07/19 10:24:54.265, 2055 MHz, 66, 13.31 W, 0 %, 0 %
2026/07/19 10:24:54.471, 2055 MHz, 66, 13.40 W, 0 %, 0 %
2026/07/19 10:24:54.675, 1380 MHz, 48, 590.01 W, 0 %, 0 %
2026/07/19 10:24:55.285, 2055 MHz, 66, 12.55 W, 0 %, 0 %
2026/07/19 10:24:55.500, 2055 MHz, 66, 12.55 W, 0 %, 0 %
2026/07/19 10:24:55.713, 2055 MHz, 48, 1.20 W, 0 %, 0 %
2026/07/19 10:24:56.410, 2055 MHz, 66, 10.84 W, 0 %, 0 %
2026/07/19 10:24:56.616, 2055 MHz, 48, 1.20 W, 0 %, 0 %
2026/07/19 10:24:57.279, 2055 MHz, 66, 12.47 W, 0 %, 0 %
2026/07/19 10:24:57.484, 2055 MHz, 66, 12.47 W, 0 %, 0 %
2026/07/19 10:24:57.689, 2055 MHz, 66, 13.33 W, 0 %, 0 %
2026/07/19 10:24:57.900, 2055 MHz, 66, 13.33 W, 0 %, 0 %
2026/07/19 10:24:58.103, 2055 MHz, 66, 13.33 W, 0 %, 0 %
2026/07/19 10:24:58.319, 2055 MHz, 66, 13.49 W, 0 %, 0 %
2026/07/19 10:24:58.523, 2055 MHz, 66, 13.49 W, 0 %, 0 %
2026/07/19 10:24:58.732, 2055 MHz, 66, 13.25 W, 0 %, 0 %
2026/07/19 10:24:58.933, 2055 MHz, 66, 13.25 W, 0 %, 0 %
2026/07/19 10:24:59.143, 2055 MHz, 48, 1.20 W, 0 %, 0 %
2026/07/19 10:24:59.718, 2055 MHz, 66, 10.90 W, 0 %, 0 %
2026/07/19 10:24:59.922, 2055 MHz, 66, 10.90 W, 0 %, 0 %
2026/07/19 10:25:00.133, 2055 MHz, 66, 13.30 W, 0 %, 0 %
2026/07/19 10:25:00.338, 2055 MHz, 66, 13.30 W, 0 %, 0 %
2026/07/19 10:25:00.541, 2055 MHz, 66, 13.30 W, 0 %, 0 %
2026/07/19 10:25:00.749, 2055 MHz, 48, 1.20 W, 0 %, 0 %
2026/07/19 10:25:01.449, 2055 MHz, 66, 12.38 W, 0 %, 0 %
2026/07/19 10:25:01.657, 2055 MHz, 66, 12.38 W, 0 %, 0 %
2026/07/19 10:25:01.863, 2055 MHz, 66, 13.39 W, 0 %, 0 %
2026/07/19 10:25:02.065, 2055 MHz, 66, 13.39 W, 0 %, 0 %
2026/07/19 10:25:02.270, 2055 MHz, 48, 1.20 W, 0 %, 0 %
2026/07/19 10:25:02.919, 2055 MHz, 66, 10.82 W, 0 %, 0 %
2026/07/19 10:25:03.123, 2055 MHz, 66, 10.82 W, 0 %, 0 %
2026/07/19 10:25:03.333, 2055 MHz, 48, 1.20 W, 0 %, 0 %
2026/07/19 10:25:03.925, 2055 MHz, 66, 10.98 W, 0 %, 0 %
2026/07/19 10:25:04.134, 2055 MHz, 66, 10.98 W, 0 %, 0 %
2026/07/19 10:25:04.340, 2055 MHz, 66, 13.40 W, 0 %, 0 %
2026/07/19 10:25:04.546, 2055 MHz, 66, 13.40 W, 0 %, 0 %
2026/07/19 10:25:04.749, 2055 MHz, 66, 13.40 W, 0 %, 0 %
2026/07/19 10:25:04.952, 2055 MHz, 66, 13.34 W, 0 %, 0 %
2026/07/19 10:25:05.154, 2055 MHz, 66, 13.34 W, 0 %, 0 %
2026/07/19 10:25:05.356, 2055 MHz, 66, 13.30 W, 0 %, 0 %
2026/07/19 10:25:05.564, 2055 MHz, 66, 13.30 W, 0 %, 0 %
2026/07/19 10:25:05.765, 2055 MHz, 66, 13.30 W, 0 %, 0 %
2026/07/19 10:25:05.979, 2055 MHz, 66, 13.32 W, 0 %, 0 %
2026/07/19 10:25:06.188, 2055 MHz, 66, 13.32 W, 0 %, 0 %
2026/07/19 10:25:06.390, 2055 MHz, 66, 13.32 W, 0 %, 0 %
2026/07/19 10:25:06.591, 2055 MHz, 66, 13.32 W, 0 %, 0 %
2026/07/19 10:25:06.804, 2055 MHz, 48, 1.20 W, 0 %, 0 %
2026/07/19 10:25:07.528, 2055 MHz, 66, 12.42 W, 0 %, 0 %
2026/07/19 10:25:07.732, 2055 MHz, 66, 12.42 W, 0 %, 0 %
2026/07/19 10:25:07.933, 2055 MHz, 66, 13.35 W, 0 %, 0 %
2026/07/19 10:25:08.148, 2055 MHz, 66, 13.35 W, 0 %, 0 %
2026/07/19 10:25:08.351, 2055 MHz, 66, 13.35 W, 0 %, 0 %
2026/07/19 10:25:08.557, 2055 MHz, 66, 13.33 W, 0 %, 0 %
2026/07/19 10:25:08.757, 2055 MHz, 66, 13.33 W, 0 %, 0 %
2026/07/19 10:25:08.971, 2055 MHz, 66, 13.32 W, 0 %, 0 %
2026/07/19 10:25:09.178, 2055 MHz, 66, 13.32 W, 0 %, 0 %
2026/07/19 10:25:09.380, 2055 MHz, 66, 13.32 W, 0 %, 0 %
2026/07/19 10:25:09.582, 2055 MHz, 66, 13.33 W, 0 %, 0 %
2026/07/19 10:25:09.789, 2055 MHz, 66, 13.33 W, 0 %, 0 %
2026/07/19 10:25:09.996, 2055 MHz, 66, 13.33 W, 0 %, 0 %
2026/07/19 10:25:10.202, 2055 MHz, 66, 13.33 W, 0 %, 0 %
2026/07/19 10:25:10.403, 1380 MHz, 48, 590.01 W, 0 %, 0 %
2026/07/19 10:25:11.017, 2055 MHz, 66, 12.63 W, 0 %, 0 %
2026/07/19 10:25:11.223, 2055 MHz, 66, 12.63 W, 0 %, 0 %
2026/07/19 10:25:11.428, 2055 MHz, 66, 13.35 W, 0 %, 0 %
2026/07/19 10:25:11.632, 2055 MHz, 66, 13.35 W, 0 %, 0 %
2026/07/19 10:25:11.833, 2055 MHz, 66, 13.35 W, 0 %, 0 %
2026/07/19 10:25:12.044, 1380 MHz, 48, 590.01 W, 0 %, 0 %
2026/07/19 10:25:12.667, 2055 MHz, 66, 12.65 W, 0 %, 0 %
2026/07/19 10:25:12.874, 2055 MHz, 66, 12.65 W, 0 %, 0 %
2026/07/19 10:25:13.078, 2055 MHz, 66, 13.32 W, 0 %, 0 %
2026/07/19 10:25:13.289, 2055 MHz, 66, 13.32 W, 0 %, 0 %
2026/07/19 10:25:13.493, 2055 MHz, 66, 13.32 W, 0 %, 0 %
2026/07/19 10:25:13.705, 2055 MHz, 66, 13.33 W, 0 %, 0 %
2026/07/19 10:25:13.912, 2055 MHz, 66, 13.33 W, 0 %, 0 %
2026/07/19 10:25:14.122, 2055 MHz, 66, 13.34 W, 0 %, 0 %
2026/07/19 10:25:14.326, 2055 MHz, 66, 13.34 W, 0 %, 0 %
2026/07/19 10:25:14.528, 2055 MHz, 66, 13.33 W, 0 %, 0 %
2026/07/19 10:25:14.732, 2055 MHz, 66, 13.33 W, 0 %, 0 %
2026/07/19 10:25:14.940, 2055 MHz, 66, 13.33 W, 0 %, 0 %
2026/07/19 10:25:15.143, 2055 MHz, 66, 13.32 W, 0 %, 0 %
2026/07/19 10:25:15.347, 2055 MHz, 66, 13.32 W, 0 %, 0 %
2026/07/19 10:25:15.551, 2055 MHz, 66, 13.83 W, 0 %, 0 %
2026/07/19 10:25:15.755, 2055 MHz, 66, 13.83 W, 0 %, 0 %
2026/07/19 10:25:15.961, 2055 MHz, 66, 13.83 W, 0 %, 0 %
2026/07/19 10:25:16.176, 2055 MHz, 66, 13.40 W, 0 %, 0 %
2026/07/19 10:25:16.379, 2055 MHz, 66, 13.40 W, 0 %, 0 %
2026/07/19 10:25:16.583, 2055 MHz, 66, 13.51 W, 0 %, 0 %
2026/07/19 10:25:16.784, 2055 MHz, 66, 13.51 W, 0 %, 0 %
2026/07/19 10:25:16.994, 2055 MHz, 66, 13.51 W, 0 %, 0 %
2026/07/19 10:25:17.199, 2055 MHz, 66, 13.36 W, 0 %, 0 %
2026/07/19 10:25:17.410, 2055 MHz, 66, 13.36 W, 0 %, 0 %
2026/07/19 10:25:17.620, 2055 MHz, 66, 13.43 W, 0 %, 0 %
2026/07/19 10:25:17.833, 2055 MHz, 66, 13.43 W, 0 %, 0 %
2026/07/19 10:25:18.039, 2055 MHz, 66, 14.78 W, 0 %, 0 %
2026/07/19 10:25:18.251, 2055 MHz, 66, 14.78 W, 0 %, 0 %
2026/07/19 10:25:18.458, 2055 MHz, 66, 14.78 W, 0 %, 0 %
2026/07/19 10:25:18.663, 2055 MHz, 66, 13.34 W, 0 %, 0 %
2026/07/19 10:25:18.865, 2055 MHz, 66, 13.34 W, 0 %, 0 %
2026/07/19 10:25:19.070, 2055 MHz, 48, 1.20 W, 0 %, 0 %
2026/07/19 10:25:19.662, 2055 MHz, 66, 12.07 W, 0 %, 0 %
2026/07/19 10:25:19.867, 2055 MHz, 48, 1.20 W, 0 %, 0 %
2026/07/19 10:25:20.507, 2055 MHz, 66, 10.86 W, 0 %, 0 %
2026/07/19 10:25:20.709, 2055 MHz, 66, 10.86 W, 0 %, 0 %
2026/07/19 10:25:20.920, 2055 MHz, 48, 1.20 W, 0 %, 0 %
2026/07/19 10:25:21.579, 2055 MHz, 66, 10.93 W, 0 %, 0 %
2026/07/19 10:25:21.786, 2055 MHz, 66, 10.93 W, 0 %, 0 %
2026/07/19 10:25:21.992, 2055 MHz, 66, 13.37 W, 0 %, 0 %
2026/07/19 10:25:22.206, 2055 MHz, 66, 13.37 W, 0 %, 0 %
2026/07/19 10:25:22.408, 2055 MHz, 66, 13.37 W, 0 %, 0 %
2026/07/19 10:25:22.615, 2055 MHz, 66, 13.38 W, 0 %, 0 %
2026/07/19 10:25:22.818, 2055 MHz, 66, 13.38 W, 0 %, 0 %
2026/07/19 10:25:23.029, 2055 MHz, 66, 13.35 W, 0 %, 0 %
2026/07/19 10:25:23.243, 2055 MHz, 66, 13.35 W, 0 %, 0 %
2026/07/19 10:25:23.450, 2055 MHz, 66, 13.35 W, 0 %, 0 %
2026/07/19 10:25:23.660, 2055 MHz, 66, 13.44 W, 0 %, 0 %
2026/07/19 10:25:23.862, 2055 MHz, 66, 13.44 W, 0 %, 0 %
2026/07/19 10:25:24.067, 2055 MHz, 66, 13.33 W, 0 %, 0 %
2026/07/19 10:25:24.278, 2055 MHz, 66, 13.33 W, 0 %, 0 %
2026/07/19 10:25:24.491, 2055 MHz, 66, 13.31 W, 0 %, 0 %
2026/07/19 10:25:24.695, 2055 MHz, 66, 13.31 W, 0 %, 0 %
2026/07/19 10:25:24.910, 2055 MHz, 66, 13.31 W, 0 %, 0 %
2026/07/19 10:25:25.119, 2055 MHz, 66, 13.34 W, 0 %, 0 %
2026/07/19 10:25:25.326, 2055 MHz, 66, 13.34 W, 0 %, 0 %
2026/07/19 10:25:25.530, 2055 MHz, 66, 13.30 W, 0 %, 0 %
2026/07/19 10:25:25.734, 2055 MHz, 66, 13.30 W, 0 %, 0 %
2026/07/19 10:25:25.936, 2055 MHz, 66, 13.30 W, 0 %, 0 %
2026/07/19 10:25:26.140, 2055 MHz, 66, 13.35 W, 0 %, 0 %
2026/07/19 10:25:26.345, 2055 MHz, 66, 13.35 W, 0 %, 0 %
2026/07/19 10:25:26.548, 2055 MHz, 66, 13.35 W, 0 %, 0 %
2026/07/19 10:25:26.757, 2055 MHz, 66, 13.35 W, 0 %, 0 %
2026/07/19 10:25:26.959, 2055 MHz, 66, 13.44 W, 0 %, 0 %
2026/07/19 10:25:27.164, 2055 MHz, 66, 13.44 W, 0 %, 0 %
2026/07/19 10:25:27.367, 2055 MHz, 66, 13.44 W, 0 %, 0 %
2026/07/19 10:25:27.571, 2055 MHz, 66, 13.31 W, 0 %, 0 %
2026/07/19 10:25:27.777, 2055 MHz, 66, 13.31 W, 0 %, 0 %
2026/07/19 10:25:27.979, 2055 MHz, 66, 13.28 W, 0 %, 0 %
2026/07/19 10:25:28.184, 2055 MHz, 66, 13.28 W, 0 %, 0 %
2026/07/19 10:25:28.387, 2055 MHz, 66, 13.28 W, 0 %, 0 %
2026/07/19 10:25:28.590, 2055 MHz, 66, 13.42 W, 0 %, 0 %
2026/07/19 10:25:28.804, 2055 MHz, 66, 13.42 W, 0 %, 0 %
2026/07/19 10:25:29.008, 2055 MHz, 48, 1.20 W, 0 %, 0 %
2026/07/19 10:25:29.578, 2055 MHz, 66, 10.98 W, 0 %, 0 %
2026/07/19 10:25:29.793, 2055 MHz, 48, 1.20 W, 0 %, 0 %
2026/07/19 10:25:30.442, 2055 MHz, 66, 12.56 W, 0 %, 0 %
2026/07/19 10:25:30.645, 2055 MHz, 66, 12.56 W, 0 %, 0 %
2026/07/19 10:25:30.859, 2055 MHz, 66, 13.34 W, 0 %, 0 %
2026/07/19 10:25:31.064, 2055 MHz, 66, 13.34 W, 0 %, 0 %
2026/07/19 10:25:31.266, 2055 MHz, 66, 13.34 W, 0 %, 0 %
2026/07/19 10:25:31.471, 2055 MHz, 66, 13.33 W, 0 %, 0 %
2026/07/19 10:25:31.673, 2055 MHz, 66, 13.33 W, 0 %, 0 %
2026/07/19 10:25:31.879, 2055 MHz, 66, 13.38 W, 0 %, 0 %
2026/07/19 10:25:32.084, 2055 MHz, 66, 13.38 W, 0 %, 0 %
2026/07/19 10:25:32.286, 2055 MHz, 66, 13.38 W, 0 %, 0 %
2026/07/19 10:25:32.490, 2055 MHz, 66, 13.34 W, 0 %, 0 %
2026/07/19 10:25:32.694, 2055 MHz, 66, 13.34 W, 0 %, 0 %
2026/07/19 10:25:32.898, 2055 MHz, 66, 13.36 W, 0 %, 0 %
2026/07/19 10:25:33.113, 2055 MHz, 66, 13.36 W, 0 %, 0 %
2026/07/19 10:25:33.315, 2055 MHz, 66, 13.36 W, 0 %, 0 %
2026/07/19 10:25:33.516, 2055 MHz, 66, 13.37 W, 0 %, 0 %
2026/07/19 10:25:33.721, 2055 MHz, 66, 13.37 W, 0 %, 0 %
2026/07/19 10:25:33.936, 2055 MHz, 66, 13.33 W, 0 %, 0 %
2026/07/19 10:25:34.140, 2055 MHz, 66, 13.33 W, 0 %, 0 %
2026/07/19 10:25:34.351, 2055 MHz, 66, 13.39 W, 0 %, 0 %
2026/07/19 10:25:34.555, 1380 MHz, 48, 15.54 W, 0 %, 0 %
2026/07/19 10:25:35.173, 2055 MHz, 66, 11.09 W, 0 %, 0 %
2026/07/19 10:25:35.374, 2055 MHz, 66, 11.09 W, 0 %, 0 %
2026/07/19 10:25:35.589, 2055 MHz, 66, 13.32 W, 0 %, 0 %
2026/07/19 10:25:35.792, 2055 MHz, 66, 13.32 W, 0 %, 0 %
2026/07/19 10:25:35.995, 2055 MHz, 66, 13.32 W, 0 %, 0 %
2026/07/19 10:25:36.197, 2055 MHz, 66, 13.36 W, 0 %, 0 %
2026/07/19 10:25:36.406, 2055 MHz, 66, 13.36 W, 0 %, 0 %
2026/07/19 10:25:36.608, 2055 MHz, 66, 13.39 W, 0 %, 0 %
2026/07/19 10:25:36.812, 2055 MHz, 66, 13.39 W, 0 %, 0 %
2026/07/19 10:25:37.016, 2055 MHz, 66, 13.39 W, 0 %, 0 %
2026/07/19 10:25:37.220, 2055 MHz, 66, 13.37 W, 0 %, 0 %
2026/07/19 10:25:37.423, 2055 MHz, 66, 13.37 W, 0 %, 0 %
2026/07/19 10:25:37.632, 2055 MHz, 66, 13.37 W, 0 %, 0 %
2026/07/19 10:25:37.838, 2055 MHz, 48, 1.20 W, 0 %, 0 %
2026/07/19 10:25:38.436, 2055 MHz, 66, 12.28 W, 0 %, 0 %
2026/07/19 10:25:38.645, 2055 MHz, 66, 12.28 W, 0 %, 0 %
2026/07/19 10:25:38.856, 2055 MHz, 66, 13.42 W, 0 %, 0 %
2026/07/19 10:25:39.071, 2055 MHz, 66, 13.42 W, 0 %, 0 %
2026/07/19 10:25:39.279, 2055 MHz, 66, 13.42 W, 0 %, 0 %
2026/07/19 10:25:39.481, 2055 MHz, 66, 13.38 W, 0 %, 0 %
2026/07/19 10:25:39.684, 2055 MHz, 66, 13.38 W, 0 %, 0 %
2026/07/19 10:25:39.886, 2055 MHz, 66, 13.37 W, 0 %, 0 %
2026/07/19 10:25:40.095, 2055 MHz, 48, 1.20 W, 0 %, 0 %
2026/07/19 10:25:40.734, 2055 MHz, 66, 12.54 W, 0 %, 0 %
2026/07/19 10:25:40.936, 2055 MHz, 66, 12.54 W, 0 %, 0 %
2026/07/19 10:25:41.143, 2055 MHz, 66, 13.43 W, 0 %, 0 %
2026/07/19 10:25:41.344, 2055 MHz, 66, 13.43 W, 0 %, 0 %
2026/07/19 10:25:41.553, 2055 MHz, 48, 1.20 W, 0 %, 0 %
2026/07/19 10:25:42.202, 2055 MHz, 66, 12.51 W, 0 %, 0 %
2026/07/19 10:25:42.404, 2055 MHz, 66, 12.51 W, 0 %, 0 %
2026/07/19 10:25:42.616, 2055 MHz, 66, 13.41 W, 0 %, 0 %
2026/07/19 10:25:42.824, 2055 MHz, 66, 13.41 W, 0 %, 0 %
2026/07/19 10:25:43.026, 2055 MHz, 66, 13.41 W, 0 %, 0 %
2026/07/19 10:25:43.228, 2055 MHz, 66, 13.38 W, 0 %, 0 %
2026/07/19 10:25:43.438, 2055 MHz, 66, 13.38 W, 0 %, 0 %
2026/07/19 10:25:43.652, 2055 MHz, 66, 13.37 W, 0 %, 0 %
2026/07/19 10:25:43.860, 2055 MHz, 66, 13.37 W, 0 %, 0 %
2026/07/19 10:25:44.071, 2055 MHz, 66, 13.37 W, 0 %, 0 %
2026/07/19 10:25:44.275, 2055 MHz, 66, 13.37 W, 0 %, 0 %
2026/07/19 10:25:44.476, 2055 MHz, 66, 13.37 W, 0 %, 0 %
2026/07/19 10:25:44.684, 2055 MHz, 67, 13.37 W, 0 %, 0 %
2026/07/19 10:25:44.897, 2055 MHz, 67, 13.37 W, 0 %, 0 %
2026/07/19 10:25:45.111, 2055 MHz, 67, 13.37 W, 0 %, 0 %
2026/07/19 10:25:45.319, 2055 MHz, 67, 13.37 W, 0 %, 0 %
2026/07/19 10:25:45.521, 2055 MHz, 67, 13.37 W, 0 %, 0 %
2026/07/19 10:25:45.725, 2055 MHz, 66, 13.37 W, 0 %, 0 %
2026/07/19 10:25:45.938, 2055 MHz, 66, 13.37 W, 0 %, 0 %
2026/07/19 10:25:46.143, 2055 MHz, 66, 13.37 W, 0 %, 0 %
2026/07/19 10:25:46.347, 2055 MHz, 66, 13.37 W, 0 %, 0 %
2026/07/19 10:25:46.551, 2055 MHz, 66, 13.37 W, 0 %, 0 %
2026/07/19 10:25:46.752, 2055 MHz, 48, 1.20 W, 0 %, 0 %
2026/07/19 10:25:47.438, 2055 MHz, 66, 12.10 W, 0 %, 0 %
2026/07/19 10:25:47.641, 2055 MHz, 66, 12.10 W, 0 %, 0 %
2026/07/19 10:25:47.850, 2055 MHz, 67, 13.40 W, 0 %, 0 %
2026/07/19 10:25:48.052, 2055 MHz, 67, 13.40 W, 0 %, 0 %
2026/07/19 10:25:48.266, 2055 MHz, 67, 13.40 W, 0 %, 0 %
2026/07/19 10:25:48.471, 2055 MHz, 48, 1.20 W, 0 %, 0 %
2026/07/19 10:25:49.118, 2055 MHz, 66, 10.91 W, 0 %, 0 %
2026/07/19 10:25:49.324, 2055 MHz, 66, 10.91 W, 0 %, 0 %
2026/07/19 10:25:49.531, 2055 MHz, 66, 13.33 W, 0 %, 0 %
2026/07/19 10:25:49.736, 2055 MHz, 66, 13.33 W, 0 %, 0 %
2026/07/19 10:25:49.941, 2055 MHz, 66, 13.33 W, 0 %, 0 %
2026/07/19 10:25:50.153, 2055 MHz, 66, 13.35 W, 0 %, 0 %
2026/07/19 10:25:50.368, 2055 MHz, 66, 13.35 W, 0 %, 0 %
2026/07/19 10:25:50.568, 2055 MHz, 66, 13.35 W, 0 %, 0 %
2026/07/19 10:25:50.772, 2055 MHz, 66, 13.35 W, 0 %, 0 %
2026/07/19 10:25:50.978, 2055 MHz, 66, 13.35 W, 0 %, 0 %
2026/07/19 10:25:51.189, 2055 MHz, 66, 13.36 W, 0 %, 0 %
2026/07/19 10:25:51.402, 2055 MHz, 66, 13.36 W, 0 %, 0 %
2026/07/19 10:25:51.613, 2055 MHz, 66, 13.36 W, 0 %, 0 %
2026/07/19 10:25:51.824, 2055 MHz, 66, 13.36 W, 0 %, 0 %
2026/07/19 10:25:52.034, 2055 MHz, 66, 13.37 W, 0 %, 0 %
2026/07/19 10:25:52.239, 2055 MHz, 66, 13.37 W, 0 %, 0 %
2026/07/19 10:25:52.446, 2055 MHz, 66, 13.37 W, 0 %, 0 %
2026/07/19 10:25:52.652, 2055 MHz, 66, 13.35 W, 0 %, 0 %
2026/07/19 10:25:52.854, 2055 MHz, 66, 13.35 W, 0 %, 0 %
2026/07/19 10:25:53.057, 2055 MHz, 66, 13.33 W, 0 %, 0 %
2026/07/19 10:25:53.264, 2055 MHz, 66, 13.33 W, 0 %, 0 %
2026/07/19 10:25:53.475, 2055 MHz, 66, 13.33 W, 0 %, 0 %
2026/07/19 10:25:53.685, 2055 MHz, 48, 1.20 W, 0 %, 0 %
2026/07/19 10:25:54.391, 2055 MHz, 66, 12.49 W, 0 %, 0 %
2026/07/19 10:25:54.592, 2055 MHz, 66, 12.49 W, 0 %, 0 %
2026/07/19 10:25:54.802, 2055 MHz, 66, 13.36 W, 0 %, 0 %
2026/07/19 10:25:55.007, 2055 MHz, 48, 1.20 W, 0 %, 0 %
2026/07/19 10:25:55.557, 2055 MHz, 66, 10.88 W, 0 %, 0 %
2026/07/19 10:25:55.770, 2055 MHz, 48, 1.20 W, 0 %, 0 %
2026/07/19 10:25:56.411, 2055 MHz, 66, 11.02 W, 0 %, 0 %
2026/07/19 10:25:56.620, 2055 MHz, 66, 11.02 W, 0 %, 0 %
2026/07/19 10:25:56.827, 2055 MHz, 66, 13.37 W, 0 %, 0 %
2026/07/19 10:25:57.032, 2055 MHz, 66, 13.37 W, 0 %, 0 %
2026/07/19 10:25:57.246, 1380 MHz, 48, 590.01 W, 0 %, 0 %
2026/07/19 10:25:57.873, 2055 MHz, 66, 12.78 W, 0 %, 0 %
2026/07/19 10:25:58.086, 2055 MHz, 66, 12.78 W, 0 %, 0 %
2026/07/19 10:25:58.300, 2055 MHz, 66, 13.36 W, 0 %, 0 %
2026/07/19 10:25:58.509, 2055 MHz, 66, 13.36 W, 0 %, 0 %
2026/07/19 10:25:58.713, 2055 MHz, 66, 13.36 W, 0 %, 0 %
2026/07/19 10:25:58.929, 2055 MHz, 48, 1.20 W, 0 %, 0 %
2026/07/19 10:25:59.480, 2055 MHz, 66, 10.97 W, 0 %, 0 %
2026/07/19 10:25:59.682, 2055 MHz, 66, 10.97 W, 0 %, 0 %
2026/07/19 10:25:59.887, 2055 MHz, 48, 1.20 W, 0 %, 0 %
2026/07/19 10:26:00.463, 2055 MHz, 66, 12.04 W, 0 %, 0 %
2026/07/19 10:26:00.668, 2055 MHz, 66, 12.04 W, 0 %, 0 %
2026/07/19 10:26:00.883, 2055 MHz, 66, 13.50 W, 0 %, 0 %
2026/07/19 10:26:01.086, 2055 MHz, 66, 13.50 W, 0 %, 0 %
2026/07/19 10:26:01.301, 2055 MHz, 66, 13.50 W, 0 %, 0 %
2026/07/19 10:26:01.510, 2055 MHz, 66, 13.45 W, 0 %, 0 %
2026/07/19 10:26:01.712, 2055 MHz, 66, 13.45 W, 0 %, 0 %
2026/07/19 10:26:01.920, 2055 MHz, 66, 13.39 W, 0 %, 0 %
2026/07/19 10:26:02.122, 2055 MHz, 66, 13.39 W, 0 %, 0 %
2026/07/19 10:26:02.328, 2055 MHz, 66, 13.39 W, 0 %, 0 %
2026/07/19 10:26:02.532, 2055 MHz, 66, 13.36 W, 0 %, 0 %
2026/07/19 10:26:02.737, 2055 MHz, 66, 13.36 W, 0 %, 0 %
2026/07/19 10:26:02.950, 2055 MHz, 66, 13.34 W, 0 %, 0 %
2026/07/19 10:26:03.155, 2055 MHz, 66, 13.34 W, 0 %, 0 %
2026/07/19 10:26:03.357, 2055 MHz, 66, 13.34 W, 0 %, 0 %
2026/07/19 10:26:03.562, 2055 MHz, 66, 13.34 W, 0 %, 0 %
2026/07/19 10:26:03.776, 2055 MHz, 66, 13.34 W, 0 %, 0 %
2026/07/19 10:26:03.978, 2055 MHz, 48, 1.20 W, 0 %, 0 %
2026/07/19 10:26:04.605, 2055 MHz, 66, 12.15 W, 0 %, 0 %
2026/07/19 10:26:04.805, 2055 MHz, 66, 12.15 W, 0 %, 0 %
2026/07/19 10:26:05.009, 2055 MHz, 66, 13.59 W, 0 %, 0 %
2026/07/19 10:26:05.210, 2055 MHz, 66, 13.59 W, 0 %, 0 %
2026/07/19 10:26:05.415, 2055 MHz, 66, 13.59 W, 0 %, 0 %
2026/07/19 10:26:05.627, 2055 MHz, 66, 13.52 W, 0 %, 0 %
2026/07/19 10:26:05.836, 2055 MHz, 66, 13.52 W, 0 %, 0 %
2026/07/19 10:26:06.042, 2055 MHz, 66, 13.33 W, 0 %, 0 %
2026/07/19 10:26:06.254, 2055 MHz, 48, 1.20 W, 0 %, 0 %
2026/07/19 10:26:06.928, 2055 MHz, 66, 10.99 W, 0 %, 0 %
2026/07/19 10:26:07.129, 2055 MHz, 66, 10.99 W, 0 %, 0 %
2026/07/19 10:26:07.336, 2055 MHz, 66, 13.44 W, 0 %, 0 %
2026/07/19 10:26:07.541, 2055 MHz, 66, 13.44 W, 0 %, 0 %
2026/07/19 10:26:07.746, 2055 MHz, 66, 13.44 W, 0 %, 0 %
2026/07/19 10:26:07.949, 2055 MHz, 66, 14.01 W, 0 %, 0 %
2026/07/19 10:26:08.161, 2055 MHz, 66, 14.01 W, 0 %, 0 %
2026/07/19 10:26:08.367, 2055 MHz, 66, 13.35 W, 0 %, 0 %
2026/07/19 10:26:08.568, 2055 MHz, 66, 13.35 W, 0 %, 0 %
2026/07/19 10:26:08.784, 2055 MHz, 66, 13.35 W, 0 %, 0 %
2026/07/19 10:26:08.985, 2055 MHz, 66, 13.35 W, 0 %, 0 %
2026/07/19 10:26:09.193, 2055 MHz, 48, 1.20 W, 0 %, 0 %
2026/07/19 10:26:09.825, 2055 MHz, 66, 10.94 W, 0 %, 0 %
2026/07/19 10:26:10.032, 2055 MHz, 66, 10.94 W, 0 %, 0 %
2026/07/19 10:26:10.240, 2055 MHz, 66, 13.33 W, 0 %, 0 %
2026/07/19 10:26:10.454, 2055 MHz, 66, 13.33 W, 0 %, 0 %
2026/07/19 10:26:10.664, 2055 MHz, 66, 13.33 W, 0 %, 0 %
2026/07/19 10:26:10.879, 2055 MHz, 66, 13.43 W, 0 %, 0 %
2026/07/19 10:26:11.093, 2055 MHz, 66, 13.43 W, 0 %, 0 %
2026/07/19 10:26:11.306, 2055 MHz, 66, 13.34 W, 0 %, 0 %
2026/07/19 10:26:11.515, 2055 MHz, 66, 13.34 W, 0 %, 0 %
2026/07/19 10:26:11.716, 2055 MHz, 66, 13.37 W, 0 %, 0 %
2026/07/19 10:26:11.922, 2055 MHz, 66, 13.37 W, 0 %, 0 %
2026/07/19 10:26:12.129, 2055 MHz, 66, 13.37 W, 0 %, 0 %
2026/07/19 10:26:12.342, 2055 MHz, 66, 13.40 W, 0 %, 0 %
2026/07/19 10:26:12.546, 2055 MHz, 66, 13.40 W, 0 %, 0 %
2026/07/19 10:26:12.749, 2055 MHz, 66, 13.40 W, 0 %, 0 %
2026/07/19 10:26:12.952, 2055 MHz, 48, 1.20 W, 0 %, 0 %
2026/07/19 10:26:13.628, 2055 MHz, 66, 10.95 W, 0 %, 0 %
2026/07/19 10:26:13.839, 2055 MHz, 66, 10.95 W, 0 %, 0 %
2026/07/19 10:26:14.043, 2055 MHz, 66, 13.36 W, 0 %, 0 %
2026/07/19 10:26:14.253, 2055 MHz, 66, 13.36 W, 0 %, 0 %
2026/07/19 10:26:14.456, 2055 MHz, 66, 13.36 W, 0 %, 0 %
2026/07/19 10:26:14.658, 2055 MHz, 66, 14.69 W, 0 %, 0 %
2026/07/19 10:26:14.872, 2055 MHz, 66, 14.69 W, 0 %, 0 %
2026/07/19 10:26:15.077, 2055 MHz, 66, 13.42 W, 0 %, 0 %
2026/07/19 10:26:15.289, 2055 MHz, 66, 13.42 W, 0 %, 0 %
2026/07/19 10:26:15.492, 2055 MHz, 66, 13.42 W, 0 %, 0 %
2026/07/19 10:26:15.693, 2055 MHz, 66, 13.49 W, 0 %, 0 %
2026/07/19 10:26:15.898, 2055 MHz, 66, 13.49 W, 0 %, 0 %
2026/07/19 10:26:16.103, 2055 MHz, 66, 13.42 W, 0 %, 0 %
2026/07/19 10:26:16.313, 2055 MHz, 66, 13.42 W, 0 %, 0 %
2026/07/19 10:26:16.513, 2055 MHz, 66, 13.58 W, 0 %, 0 %
2026/07/19 10:26:16.716, 2055 MHz, 66, 13.58 W, 0 %, 0 %
2026/07/19 10:26:16.929, 2055 MHz, 66, 13.58 W, 0 %, 0 %
2026/07/19 10:26:17.129, 2055 MHz, 66, 13.34 W, 0 %, 0 %
2026/07/19 10:26:17.332, 2055 MHz, 66, 13.34 W, 0 %, 0 %
2026/07/19 10:26:17.547, 2055 MHz, 66, 13.42 W, 0 %, 0 %
2026/07/19 10:26:17.757, 2055 MHz, 66, 13.42 W, 0 %, 0 %
2026/07/19 10:26:17.959, 2055 MHz, 66, 13.42 W, 0 %, 0 %
2026/07/19 10:26:18.160, 2055 MHz, 66, 13.35 W, 0 %, 0 %
2026/07/19 10:26:18.376, 2055 MHz, 66, 13.35 W, 0 %, 0 %
2026/07/19 10:26:18.590, 2055 MHz, 66, 13.36 W, 0 %, 0 %
2026/07/19 10:26:18.794, 2055 MHz, 66, 13.36 W, 0 %, 0 %
2026/07/19 10:26:18.998, 2055 MHz, 66, 13.36 W, 0 %, 0 %
2026/07/19 10:26:19.213, 2055 MHz, 66, 13.37 W, 0 %, 0 %
2026/07/19 10:26:19.413, 2055 MHz, 66, 13.37 W, 0 %, 0 %
2026/07/19 10:26:19.617, 2055 MHz, 66, 13.37 W, 0 %, 0 %
2026/07/19 10:26:19.823, 2055 MHz, 48, 1.20 W, 0 %, 0 %
2026/07/19 10:26:20.415, 2055 MHz, 66, 15.47 W, 0 %, 0 %
2026/07/19 10:26:20.616, 2055 MHz, 66, 15.47 W, 0 %, 0 %
2026/07/19 10:26:20.821, 2055 MHz, 66, 13.35 W, 0 %, 0 %
2026/07/19 10:26:21.024, 2055 MHz, 66, 13.35 W, 0 %, 0 %
2026/07/19 10:26:21.231, 2055 MHz, 66, 13.35 W, 0 %, 0 %
2026/07/19 10:26:21.447, 2055 MHz, 66, 13.44 W, 0 %, 0 %
2026/07/19 10:26:21.657, 2055 MHz, 66, 13.44 W, 0 %, 0 %
2026/07/19 10:26:21.858, 2055 MHz, 66, 14.59 W, 0 %, 0 %
2026/07/19 10:26:22.070, 2055 MHz, 48, 1.20 W, 0 %, 0 %
2026/07/19 10:26:22.755, 2055 MHz, 66, 12.47 W, 0 %, 0 %
2026/07/19 10:26:22.959, 2055 MHz, 66, 12.47 W, 0 %, 0 %
2026/07/19 10:26:23.170, 2055 MHz, 66, 13.45 W, 0 %, 0 %
2026/07/19 10:26:23.370, 2055 MHz, 66, 13.45 W, 0 %, 0 %
2026/07/19 10:26:23.575, 1380 MHz, 48, 590.01 W, 0 %, 0 %
2026/07/19 10:26:24.207, 2055 MHz, 66, 12.84 W, 0 %, 0 %
2026/07/19 10:26:24.421, 2055 MHz, 66, 12.84 W, 0 %, 0 %
2026/07/19 10:26:24.624, 2055 MHz, 66, 14.73 W, 0 %, 0 %
2026/07/19 10:26:24.839, 2055 MHz, 66, 14.73 W, 0 %, 0 %
2026/07/19 10:26:25.040, 2055 MHz, 66, 14.73 W, 0 %, 0 %
2026/07/19 10:26:25.244, 2055 MHz, 66, 13.41 W, 0 %, 0 %
2026/07/19 10:26:25.457, 2055 MHz, 48, 1.20 W, 0 %, 0 %
2026/07/19 10:26:26.185, 2055 MHz, 66, 10.80 W, 0 %, 0 %
2026/07/19 10:26:26.388, 2055 MHz, 48, 1.20 W, 0 %, 0 %
2026/07/19 10:26:27.048, 2055 MHz, 66, 12.59 W, 0 %, 0 %
2026/07/19 10:26:27.262, 2055 MHz, 66, 12.59 W, 0 %, 0 %
2026/07/19 10:26:27.464, 2055 MHz, 48, 1.20 W, 0 %, 0 %
2026/07/19 10:26:28.195, 2055 MHz, 66, 10.99 W, 0 %, 0 %
2026/07/19 10:26:28.400, 2055 MHz, 66, 10.99 W, 0 %, 0 %
2026/07/19 10:26:28.606, 2055 MHz, 66, 13.39 W, 0 %, 0 %
2026/07/19 10:26:28.806, 2055 MHz, 66, 13.39 W, 0 %, 0 %
2026/07/19 10:26:29.018, 2055 MHz, 66, 13.39 W, 0 %, 0 %
2026/07/19 10:26:29.226, 2055 MHz, 66, 13.40 W, 0 %, 0 %
2026/07/19 10:26:29.433, 2055 MHz, 66, 13.40 W, 0 %, 0 %
2026/07/19 10:26:29.635, 2055 MHz, 66, 13.36 W, 0 %, 0 %
2026/07/19 10:26:29.836, 2055 MHz, 66, 13.36 W, 0 %, 0 %
2026/07/19 10:26:30.043, 2055 MHz, 66, 13.36 W, 0 %, 0 %
2026/07/19 10:26:30.251, 2055 MHz, 66, 13.49 W, 0 %, 0 %
2026/07/19 10:26:30.458, 2055 MHz, 66, 13.49 W, 0 %, 0 %
2026/07/19 10:26:30.659, 2055 MHz, 66, 13.31 W, 0 %, 0 %
2026/07/19 10:26:30.862, 2055 MHz, 66, 13.31 W, 0 %, 0 %
2026/07/19 10:26:31.069, 2055 MHz, 66, 13.43 W, 0 %, 0 %
2026/07/19 10:26:31.278, 2055 MHz, 48, 1.20 W, 0 %, 0 %
2026/07/19 10:26:31.900, 2055 MHz, 66, 12.23 W, 0 %, 0 %
2026/07/19 10:26:32.101, 2055 MHz, 66, 12.23 W, 0 %, 0 %
2026/07/19 10:26:32.308, 2055 MHz, 66, 13.38 W, 0 %, 0 %
2026/07/19 10:26:32.520, 2055 MHz, 66, 13.38 W, 0 %, 0 %
2026/07/19 10:26:32.729, 2055 MHz, 66, 13.38 W, 0 %, 0 %
2026/07/19 10:26:32.935, 2055 MHz, 66, 13.36 W, 0 %, 0 %
2026/07/19 10:26:33.142, 2055 MHz, 66, 13.36 W, 0 %, 0 %
2026/07/19 10:26:33.349, 2055 MHz, 66, 13.34 W, 0 %, 0 %
2026/07/19 10:26:33.564, 2055 MHz, 66, 13.34 W, 0 %, 0 %
2026/07/19 10:26:33.765, 2055 MHz, 66, 13.34 W, 0 %, 0 %
2026/07/19 10:26:33.972, 2055 MHz, 66, 13.30 W, 0 %, 0 %
2026/07/19 10:26:34.173, 2055 MHz, 66, 13.30 W, 0 %, 0 %
2026/07/19 10:26:34.384, 2055 MHz, 66, 13.35 W, 0 %, 0 %
2026/07/19 10:26:34.587, 2055 MHz, 66, 13.35 W, 0 %, 0 %
2026/07/19 10:26:34.789, 2055 MHz, 66, 13.52 W, 0 %, 0 %
2026/07/19 10:26:34.994, 2055 MHz, 66, 13.52 W, 0 %, 0 %
2026/07/19 10:26:35.197, 2055 MHz, 66, 13.52 W, 0 %, 0 %
2026/07/19 10:26:35.411, 2055 MHz, 66, 13.37 W, 0 %, 0 %
2026/07/19 10:26:35.611, 2055 MHz, 66, 13.37 W, 0 %, 0 %
2026/07/19 10:26:35.821, 2055 MHz, 66, 13.37 W, 0 %, 0 %
2026/07/19 10:26:36.031, 2055 MHz, 66, 13.37 W, 0 %, 0 %
2026/07/19 10:26:36.237, 2055 MHz, 66, 13.37 W, 0 %, 0 %
2026/07/19 10:26:36.444, 2055 MHz, 66, 13.39 W, 0 %, 0 %
2026/07/19 10:26:36.648, 2055 MHz, 66, 13.39 W, 0 %, 0 %
2026/07/19 10:26:36.853, 2055 MHz, 66, 13.40 W, 0 %, 0 %
2026/07/19 10:26:37.062, 2055 MHz, 66, 13.40 W, 0 %, 0 %
2026/07/19 10:26:37.278, 2055 MHz, 66, 13.31 W, 0 %, 0 %
2026/07/19 10:26:37.487, 2055 MHz, 66, 13.31 W, 0 %, 0 %
2026/07/19 10:26:37.701, 2055 MHz, 66, 13.31 W, 0 %, 0 %
2026/07/19 10:26:37.912, 2055 MHz, 66, 13.33 W, 0 %, 0 %
2026/07/19 10:26:38.114, 2055 MHz, 48, 1.20 W, 0 %, 0 %
2026/07/19 10:26:38.868, 2055 MHz, 66, 11.10 W, 0 %, 0 %
2026/07/19 10:26:39.071, 2055 MHz, 66, 11.10 W, 0 %, 0 %
2026/07/19 10:26:39.284, 2055 MHz, 66, 13.37 W, 0 %, 0 %
2026/07/19 10:26:39.490, 2055 MHz, 66, 13.37 W, 0 %, 0 %
2026/07/19 10:26:39.695, 2055 MHz, 66, 13.37 W, 0 %, 0 %
2026/07/19 10:26:39.902, 2055 MHz, 66, 13.37 W, 0 %, 0 %
2026/07/19 10:26:40.105, 2055 MHz, 66, 13.37 W, 0 %, 0 %
2026/07/19 10:26:40.319, 2055 MHz, 66, 13.40 W, 0 %, 0 %
2026/07/19 10:26:40.520, 2055 MHz, 66, 13.40 W, 0 %, 0 %
2026/07/19 10:26:40.727, 2055 MHz, 66, 13.40 W, 0 %, 0 %
2026/07/19 10:26:40.936, 2055 MHz, 67, 13.41 W, 0 %, 0 %
2026/07/19 10:26:41.147, 2055 MHz, 67, 13.41 W, 0 %, 0 %
2026/07/19 10:26:41.350, 2055 MHz, 67, 13.38 W, 0 %, 0 %
2026/07/19 10:26:41.552, 2055 MHz, 67, 13.38 W, 0 %, 0 %
2026/07/19 10:26:41.764, 2055 MHz, 67, 13.45 W, 0 %, 0 %
2026/07/19 10:26:41.973, 2055 MHz, 67, 13.45 W, 0 %, 0 %
2026/07/19 10:26:42.183, 2055 MHz, 67, 13.45 W, 0 %, 0 %
2026/07/19 10:26:42.398, 2055 MHz, 67, 13.36 W, 0 %, 0 %
2026/07/19 10:26:42.606, 2055 MHz, 67, 13.36 W, 0 %, 0 %
2026/07/19 10:26:42.808, 2055 MHz, 67, 13.37 W, 0 %, 0 %
2026/07/19 10:26:43.021, 2055 MHz, 67, 13.37 W, 0 %, 0 %
2026/07/19 10:26:43.223, 2055 MHz, 67, 13.37 W, 0 %, 0 %
2026/07/19 10:26:43.429, 2055 MHz, 67, 13.39 W, 0 %, 0 %
2026/07/19 10:26:43.640, 2055 MHz, 67, 13.39 W, 0 %, 0 %
2026/07/19 10:26:43.855, 2055 MHz, 67, 13.41 W, 0 %, 0 %
2026/07/19 10:26:44.061, 2055 MHz, 67, 13.41 W, 0 %, 0 %
2026/07/19 10:26:44.275, 2055 MHz, 67, 13.53 W, 0 %, 0 %
2026/07/19 10:26:44.476, 2055 MHz, 67, 13.53 W, 0 %, 0 %
2026/07/19 10:26:44.688, 2055 MHz, 67, 13.53 W, 0 %, 0 %
2026/07/19 10:26:44.901, 2055 MHz, 67, 13.45 W, 0 %, 0 %
2026/07/19 10:26:45.106, 2055 MHz, 67, 13.45 W, 0 %, 0 %
2026/07/19 10:26:45.309, 2055 MHz, 67, 13.48 W, 0 %, 0 %
2026/07/19 10:26:45.511, 2055 MHz, 67, 13.48 W, 0 %, 0 %
2026/07/19 10:26:45.716, 2055 MHz, 67, 13.48 W, 0 %, 0 %
2026/07/19 10:26:45.926, 2055 MHz, 67, 13.40 W, 0 %, 0 %
2026/07/19 10:26:46.140, 2055 MHz, 67, 13.40 W, 0 %, 0 %
2026/07/19 10:26:46.346, 2055 MHz, 67, 13.34 W, 0 %, 0 %
2026/07/19 10:26:46.562, 2055 MHz, 67, 13.34 W, 0 %, 0 %
2026/07/19 10:26:46.764, 2055 MHz, 67, 13.63 W, 0 %, 0 %
2026/07/19 10:26:46.968, 2055 MHz, 67, 13.63 W, 0 %, 0 %
2026/07/19 10:26:47.172, 2055 MHz, 67, 13.63 W, 0 %, 0 %
2026/07/19 10:26:47.374, 2055 MHz, 67, 13.39 W, 0 %, 0 %
2026/07/19 10:26:47.585, 2055 MHz, 67, 13.39 W, 0 %, 0 %
2026/07/19 10:26:47.788, 2055 MHz, 67, 13.39 W, 0 %, 0 %
2026/07/19 10:26:47.996, 2055 MHz, 67, 13.39 W, 0 %, 0 %
2026/07/19 10:26:48.199, 2055 MHz, 67, 13.39 W, 0 %, 0 %
2026/07/19 10:26:48.410, 2055 MHz, 48, 1.20 W, 0 %, 0 %
2026/07/19 10:26:49.144, 2055 MHz, 66, 12.21 W, 0 %, 0 %
2026/07/19 10:26:49.353, 2055 MHz, 66, 12.21 W, 0 %, 0 %
2026/07/19 10:26:49.556, 2055 MHz, 67, 13.45 W, 0 %, 0 %
2026/07/19 10:26:49.760, 2055 MHz, 67, 13.45 W, 0 %, 0 %
2026/07/19 10:26:49.971, 2055 MHz, 67, 13.45 W, 0 %, 0 %
2026/07/19 10:26:50.176, 2055 MHz, 67, 13.44 W, 0 %, 0 %
2026/07/19 10:26:50.382, 2055 MHz, 67, 13.44 W, 0 %, 0 %
2026/07/19 10:26:50.582, 2055 MHz, 67, 13.44 W, 0 %, 0 %
2026/07/19 10:26:50.791, 2055 MHz, 67, 13.44 W, 0 %, 0 %
2026/07/19 10:26:50.998, 2055 MHz, 67, 13.44 W, 0 %, 0 %
2026/07/19 10:26:51.207, 2055 MHz, 67, 13.40 W, 0 %, 0 %
2026/07/19 10:26:51.410, 2055 MHz, 67, 13.40 W, 0 %, 0 %
2026/07/19 10:26:51.613, 2055 MHz, 67, 13.47 W, 0 %, 0 %
2026/07/19 10:26:51.820, 2055 MHz, 67, 13.47 W, 0 %, 0 %
2026/07/19 10:26:52.027, 2055 MHz, 67, 13.38 W, 0 %, 0 %
2026/07/19 10:26:52.232, 2055 MHz, 67, 13.38 W, 0 %, 0 %
2026/07/19 10:26:52.444, 2055 MHz, 48, 1.20 W, 0 %, 0 %
2026/07/19 10:26:53.161, 2055 MHz, 66, 10.94 W, 0 %, 0 %
2026/07/19 10:26:53.375, 2055 MHz, 66, 10.94 W, 0 %, 0 %
2026/07/19 10:26:53.589, 2055 MHz, 67, 13.47 W, 0 %, 0 %
2026/07/19 10:26:53.803, 2055 MHz, 67, 13.47 W, 0 %, 0 %
2026/07/19 10:26:54.016, 2055 MHz, 67, 13.47 W, 0 %, 0 %
2026/07/19 10:26:54.219, 2055 MHz, 67, 13.44 W, 0 %, 0 %
2026/07/19 10:26:54.427, 2055 MHz, 48, 1.20 W, 0 %, 0 %
2026/07/19 10:26:55.065, 2055 MHz, 66, 10.97 W, 0 %, 0 %
2026/07/19 10:26:55.267, 2055 MHz, 66, 10.97 W, 0 %, 0 %
2026/07/19 10:26:55.473, 2055 MHz, 67, 13.47 W, 0 %, 0 %
2026/07/19 10:26:55.681, 2055 MHz, 67, 13.47 W, 0 %, 0 %
2026/07/19 10:26:55.885, 2055 MHz, 48, 1.20 W, 0 %, 0 %
2026/07/19 10:26:56.447, 2055 MHz, 66, 11.00 W, 0 %, 0 %
2026/07/19 10:26:56.653, 2055 MHz, 66, 11.00 W, 0 %, 0 %
2026/07/19 10:26:56.859, 2055 MHz, 48, 1.20 W, 0 %, 0 %
2026/07/19 10:26:57.569, 2055 MHz, 66, 10.81 W, 0 %, 0 %
2026/07/19 10:26:57.777, 2055 MHz, 66, 10.81 W, 0 %, 0 %
2026/07/19 10:26:57.979, 2055 MHz, 67, 13.38 W, 0 %, 0 %
2026/07/19 10:26:58.186, 2055 MHz, 67, 13.38 W, 0 %, 0 %
2026/07/19 10:26:58.398, 2055 MHz, 67, 13.38 W, 0 %, 0 %
2026/07/19 10:26:58.606, 2055 MHz, 67, 13.38 W, 0 %, 0 %
2026/07/19 10:26:58.817, 2055 MHz, 67, 13.38 W, 0 %, 0 %
2026/07/19 10:26:59.025, 2055 MHz, 67, 13.39 W, 0 %, 0 %
2026/07/19 10:26:59.234, 2055 MHz, 67, 13.39 W, 0 %, 0 %
2026/07/19 10:26:59.438, 2055 MHz, 67, 13.39 W, 0 %, 0 %
2026/07/19 10:26:59.653, 2055 MHz, 67, 13.40 W, 0 %, 0 %
2026/07/19 10:26:59.854, 2055 MHz, 67, 13.40 W, 0 %, 0 %
2026/07/19 10:27:00.066, 2055 MHz, 67, 13.42 W, 0 %, 0 %
2026/07/19 10:27:00.272, 2055 MHz, 67, 13.42 W, 0 %, 0 %
2026/07/19 10:27:00.474, 2055 MHz, 67, 13.51 W, 0 %, 0 %
2026/07/19 10:27:00.677, 2055 MHz, 67, 13.51 W, 0 %, 0 %
2026/07/19 10:27:00.878, 2055 MHz, 67, 13.51 W, 0 %, 0 %
2026/07/19 10:27:01.079, 2055 MHz, 67, 13.39 W, 0 %, 0 %
2026/07/19 10:27:01.288, 2055 MHz, 67, 13.39 W, 0 %, 0 %
2026/07/19 10:27:01.502, 2055 MHz, 67, 13.42 W, 0 %, 0 %
2026/07/19 10:27:01.712, 2055 MHz, 67, 13.42 W, 0 %, 0 %
2026/07/19 10:27:01.914, 2055 MHz, 48, 1.20 W, 0 %, 0 %
2026/07/19 10:27:02.455, 2055 MHz, 66, 11.02 W, 0 %, 0 %
2026/07/19 10:27:02.665, 2055 MHz, 66, 11.02 W, 0 %, 0 %
2026/07/19 10:27:02.879, 2055 MHz, 67, 13.50 W, 0 %, 0 %
2026/07/19 10:27:03.079, 2055 MHz, 67, 13.50 W, 0 %, 0 %
2026/07/19 10:27:03.283, 2055 MHz, 67, 13.50 W, 0 %, 0 %
2026/07/19 10:27:03.483, 2055 MHz, 67, 13.61 W, 0 %, 0 %
2026/07/19 10:27:03.698, 2055 MHz, 67, 13.61 W, 0 %, 0 %
2026/07/19 10:27:03.910, 2055 MHz, 67, 13.47 W, 0 %, 0 %
2026/07/19 10:27:04.113, 2055 MHz, 67, 13.47 W, 0 %, 0 %
2026/07/19 10:27:04.320, 2055 MHz, 67, 13.47 W, 0 %, 0 %
2026/07/19 10:27:04.524, 2055 MHz, 67, 13.47 W, 0 %, 0 %
2026/07/19 10:27:04.729, 2055 MHz, 67, 13.47 W, 0 %, 0 %
2026/07/19 10:27:04.935, 2055 MHz, 67, 13.61 W, 0 %, 0 %
2026/07/19 10:27:05.139, 2055 MHz, 67, 13.61 W, 0 %, 0 %
2026/07/19 10:27:05.347, 2055 MHz, 48, 1.20 W, 0 %, 0 %
2026/07/19 10:27:05.909, 2055 MHz, 66, 10.77 W, 0 %, 0 %
2026/07/19 10:27:06.119, 2055 MHz, 66, 10.77 W, 0 %, 0 %
2026/07/19 10:27:06.320, 2055 MHz, 67, 13.43 W, 0 %, 0 %
2026/07/19 10:27:06.523, 2055 MHz, 67, 13.43 W, 0 %, 0 %
2026/07/19 10:27:06.728, 2055 MHz, 67, 13.43 W, 0 %, 0 %
2026/07/19 10:27:06.941, 2055 MHz, 67, 13.51 W, 0 %, 0 %
2026/07/19 10:27:07.144, 2055 MHz, 67, 13.51 W, 0 %, 0 %
2026/07/19 10:27:07.351, 2055 MHz, 67, 13.37 W, 0 %, 0 %
2026/07/19 10:27:07.565, 2055 MHz, 67, 13.37 W, 0 %, 0 %
2026/07/19 10:27:07.771, 2055 MHz, 67, 13.37 W, 0 %, 0 %
2026/07/19 10:27:07.980, 2055 MHz, 67, 13.54 W, 0 %, 0 %
2026/07/19 10:27:08.188, 2055 MHz, 67, 13.54 W, 0 %, 0 %
2026/07/19 10:27:08.400, 2055 MHz, 67, 13.44 W, 0 %, 0 %
2026/07/19 10:27:08.607, 2055 MHz, 67, 13.44 W, 0 %, 0 %
2026/07/19 10:27:08.809, 2055 MHz, 67, 13.38 W, 0 %, 0 %
2026/07/19 10:27:09.010, 1380 MHz, 48, 590.01 W, 0 %, 0 %
2026/07/19 10:27:09.634, 2055 MHz, 66, 12.73 W, 0 %, 0 %
2026/07/19 10:27:09.843, 2055 MHz, 66, 12.73 W, 0 %, 0 %
2026/07/19 10:27:10.049, 2055 MHz, 67, 13.43 W, 0 %, 0 %
2026/07/19 10:27:10.251, 2055 MHz, 67, 13.43 W, 0 %, 0 %
2026/07/19 10:27:10.452, 2055 MHz, 67, 13.43 W, 0 %, 0 %
2026/07/19 10:27:10.652, 2055 MHz, 67, 14.12 W, 0 %, 0 %
2026/07/19 10:27:10.855, 2055 MHz, 67, 14.12 W, 0 %, 0 %
2026/07/19 10:27:11.055, 2055 MHz, 67, 13.37 W, 0 %, 0 %
2026/07/19 10:27:11.268, 2055 MHz, 67, 13.37 W, 0 %, 0 %
2026/07/19 10:27:11.470, 2055 MHz, 67, 13.37 W, 0 %, 0 %
2026/07/19 10:27:11.674, 2055 MHz, 67, 13.37 W, 0 %, 0 %
2026/07/19 10:27:11.876, 2055 MHz, 67, 13.37 W, 0 %, 0 %
2026/07/19 10:27:12.078, 2055 MHz, 67, 13.38 W, 0 %, 0 %
2026/07/19 10:27:12.280, 2055 MHz, 67, 13.38 W, 0 %, 0 %
2026/07/19 10:27:12.485, 2055 MHz, 67, 13.38 W, 0 %, 0 %
2026/07/19 10:27:12.687, 2055 MHz, 67, 13.38 W, 0 %, 0 %
2026/07/19 10:27:12.892, 2055 MHz, 67, 13.38 W, 0 %, 0 %
2026/07/19 10:27:13.105, 2055 MHz, 67, 14.31 W, 0 %, 0 %
2026/07/19 10:27:13.318, 2055 MHz, 67, 14.31 W, 0 %, 0 %
2026/07/19 10:27:13.526, 2055 MHz, 67, 13.34 W, 0 %, 0 %
2026/07/19 10:27:13.730, 2055 MHz, 67, 13.34 W, 0 %, 0 %
2026/07/19 10:27:13.941, 2055 MHz, 67, 13.34 W, 0 %, 0 %
2026/07/19 10:27:14.143, 2055 MHz, 48, 1.20 W, 0 %, 0 %
2026/07/19 10:27:14.773, 2055 MHz, 66, 10.85 W, 0 %, 0 %
2026/07/19 10:27:14.974, 2055 MHz, 66, 10.85 W, 0 %, 0 %
2026/07/19 10:27:15.188, 2055 MHz, 67, 13.39 W, 0 %, 0 %
2026/07/19 10:27:15.393, 2055 MHz, 67, 13.39 W, 0 %, 0 %
2026/07/19 10:27:15.609, 2055 MHz, 67, 13.39 W, 0 %, 0 %
2026/07/19 10:27:15.820, 2055 MHz, 67, 13.40 W, 0 %, 0 %
2026/07/19 10:27:16.023, 2055 MHz, 67, 13.40 W, 0 %, 0 %
2026/07/19 10:27:16.224, 2055 MHz, 67, 13.38 W, 0 %, 0 %
2026/07/19 10:27:16.433, 2055 MHz, 67, 13.38 W, 0 %, 0 %
2026/07/19 10:27:16.635, 2055 MHz, 67, 13.38 W, 0 %, 0 %
2026/07/19 10:27:16.850, 2055 MHz, 67, 13.85 W, 0 %, 0 %
2026/07/19 10:27:17.050, 2055 MHz, 67, 13.85 W, 0 %, 0 %
2026/07/19 10:27:17.260, 2055 MHz, 67, 13.38 W, 0 %, 0 %
2026/07/19 10:27:17.463, 2055 MHz, 67, 13.38 W, 0 %, 0 %
2026/07/19 10:27:17.667, 2055 MHz, 67, 13.48 W, 0 %, 0 %
2026/07/19 10:27:17.868, 2055 MHz, 67, 13.48 W, 0 %, 0 %
2026/07/19 10:27:18.079, 2055 MHz, 67, 13.48 W, 0 %, 0 %
2026/07/19 10:27:18.290, 2055 MHz, 67, 13.37 W, 0 %, 0 %
2026/07/19 10:27:18.495, 2055 MHz, 67, 13.37 W, 0 %, 0 %
2026/07/19 10:27:18.710, 2055 MHz, 67, 13.37 W, 0 %, 0 %
2026/07/19 10:27:18.919, 2055 MHz, 67, 13.37 W, 0 %, 0 %
2026/07/19 10:27:19.122, 2055 MHz, 67, 13.37 W, 0 %, 0 %
2026/07/19 10:27:19.332, 2055 MHz, 67, 13.37 W, 0 %, 0 %
2026/07/19 10:27:19.539, 2055 MHz, 67, 13.37 W, 0 %, 0 %
2026/07/19 10:27:19.749, 2055 MHz, 67, 13.36 W, 0 %, 0 %
2026/07/19 10:27:19.964, 2055 MHz, 67, 13.36 W, 0 %, 0 %
2026/07/19 10:27:20.174, 2055 MHz, 67, 13.43 W, 0 %, 0 %
2026/07/19 10:27:20.378, 2055 MHz, 67, 13.43 W, 0 %, 0 %
2026/07/19 10:27:20.579, 2055 MHz, 67, 13.43 W, 0 %, 0 %
2026/07/19 10:27:20.780, 2055 MHz, 67, 13.36 W, 0 %, 0 %
2026/07/19 10:27:20.986, 1380 MHz, 48, 15.66 W, 0 %, 0 %
2026/07/19 10:27:21.630, 2055 MHz, 66, 11.06 W, 0 %, 0 %
2026/07/19 10:27:21.835, 2055 MHz, 66, 11.06 W, 0 %, 0 %
2026/07/19 10:27:22.048, 2055 MHz, 67, 13.39 W, 0 %, 0 %
2026/07/19 10:27:22.250, 2055 MHz, 67, 13.39 W, 0 %, 0 %
2026/07/19 10:27:22.459, 2055 MHz, 67, 13.39 W, 0 %, 0 %
2026/07/19 10:27:22.663, 2055 MHz, 67, 13.41 W, 0 %, 0 %
2026/07/19 10:27:22.869, 2055 MHz, 67, 13.41 W, 0 %, 0 %
2026/07/19 10:27:23.078, 2055 MHz, 67, 13.44 W, 0 %, 0 %
2026/07/19 10:27:23.281, 2055 MHz, 48, 1.20 W, 0 %, 0 %
2026/07/19 10:27:23.883, 2055 MHz, 66, 12.53 W, 0 %, 0 %
2026/07/19 10:27:24.094, 2055 MHz, 66, 12.53 W, 0 %, 0 %
2026/07/19 10:27:24.295, 2055 MHz, 67, 13.43 W, 0 %, 0 %
2026/07/19 10:27:24.497, 2055 MHz, 67, 13.43 W, 0 %, 0 %
2026/07/19 10:27:24.703, 2055 MHz, 67, 13.43 W, 0 %, 0 %
2026/07/19 10:27:24.914, 2055 MHz, 67, 13.81 W, 0 %, 0 %
2026/07/19 10:27:25.115, 2055 MHz, 67, 13.81 W, 0 %, 0 %
2026/07/19 10:27:25.316, 2055 MHz, 67, 13.39 W, 0 %, 0 %
2026/07/19 10:27:25.517, 2055 MHz, 67, 13.39 W, 0 %, 0 %
2026/07/19 10:27:25.717, 2055 MHz, 67, 13.39 W, 0 %, 0 %
2026/07/19 10:27:25.927, 2055 MHz, 67, 13.39 W, 0 %, 0 %
2026/07/19 10:27:26.141, 2055 MHz, 48, 1.20 W, 0 %, 0 %
2026/07/19 10:27:26.728, 2055 MHz, 67, 12.54 W, 0 %, 0 %
2026/07/19 10:27:26.938, 2055 MHz, 67, 12.54 W, 0 %, 0 %
2026/07/19 10:27:27.153, 1380 MHz, 48, 590.01 W, 0 %, 0 %
2026/07/19 10:27:27.771, 2055 MHz, 67, 12.66 W, 0 %, 0 %
2026/07/19 10:27:27.985, 2055 MHz, 67, 12.66 W, 0 %, 0 %
2026/07/19 10:27:28.190, 2055 MHz, 67, 13.40 W, 0 %, 0 %
2026/07/19 10:27:28.403, 2055 MHz, 67, 13.40 W, 0 %, 0 %
2026/07/19 10:27:28.614, 2055 MHz, 67, 13.40 W, 0 %, 0 %
2026/07/19 10:27:28.823, 2055 MHz, 67, 13.43 W, 0 %, 0 %
2026/07/19 10:27:29.024, 2055 MHz, 67, 13.43 W, 0 %, 0 %
2026/07/19 10:27:29.227, 2055 MHz, 67, 13.43 W, 0 %, 0 %
2026/07/19 10:27:29.437, 2055 MHz, 67, 13.43 W, 0 %, 0 %
2026/07/19 10:27:29.639, 2055 MHz, 48, 1.20 W, 0 %, 0 %
2026/07/19 10:27:30.255, 2055 MHz, 67, 12.25 W, 0 %, 0 %
2026/07/19 10:27:30.464, 2055 MHz, 67, 12.25 W, 0 %, 0 %
2026/07/19 10:27:30.666, 2055 MHz, 67, 13.37 W, 0 %, 0 %
2026/07/19 10:27:30.869, 2055 MHz, 67, 13.37 W, 0 %, 0 %
2026/07/19 10:27:31.070, 2055 MHz, 67, 13.37 W, 0 %, 0 %
2026/07/19 10:27:31.273, 2055 MHz, 48, 1.20 W, 0 %, 0 %
2026/07/19 10:27:31.878, 2055 MHz, 67, 10.98 W, 0 %, 0 %
2026/07/19 10:27:32.093, 2055 MHz, 67, 10.98 W, 0 %, 0 %
2026/07/19 10:27:32.295, 2055 MHz, 67, 13.40 W, 0 %, 0 %
2026/07/19 10:27:32.506, 2055 MHz, 67, 13.40 W, 0 %, 0 %
2026/07/19 10:27:32.714, 2055 MHz, 67, 13.40 W, 0 %, 0 %
2026/07/19 10:27:32.915, 2055 MHz, 67, 13.65 W, 0 %, 0 %
2026/07/19 10:27:33.119, 2055 MHz, 67, 13.65 W, 0 %, 0 %
2026/07/19 10:27:33.321, 2055 MHz, 67, 13.43 W, 0 %, 0 %
2026/07/19 10:27:33.524, 2055 MHz, 67, 13.43 W, 0 %, 0 %
2026/07/19 10:27:33.725, 2055 MHz, 67, 13.43 W, 0 %, 0 %
2026/07/19 10:27:33.939, 2055 MHz, 67, 13.37 W, 0 %, 0 %
2026/07/19 10:27:34.144, 2055 MHz, 48, 1.20 W, 0 %, 0 %
2026/07/19 10:27:34.780, 2055 MHz, 66, 11.03 W, 0 %, 0 %
2026/07/19 10:27:34.981, 2055 MHz, 66, 11.03 W, 0 %, 0 %
2026/07/19 10:27:35.185, 2055 MHz, 67, 13.38 W, 0 %, 0 %
2026/07/19 10:27:35.397, 2055 MHz, 67, 13.38 W, 0 %, 0 %
2026/07/19 10:27:35.599, 2055 MHz, 67, 13.38 W, 0 %, 0 %
2026/07/19 10:27:35.802, 2055 MHz, 67, 13.37 W, 0 %, 0 %
2026/07/19 10:27:36.014, 2055 MHz, 67, 13.37 W, 0 %, 0 %
2026/07/19 10:27:36.216, 2055 MHz, 67, 13.35 W, 0 %, 0 %
2026/07/19 10:27:36.428, 2055 MHz, 67, 13.35 W, 0 %, 0 %
2026/07/19 10:27:36.636, 2055 MHz, 67, 13.35 W, 0 %, 0 %
2026/07/19 10:27:36.846, 2055 MHz, 67, 13.33 W, 0 %, 0 %
2026/07/19 10:27:37.047, 2055 MHz, 67, 13.33 W, 0 %, 0 %
2026/07/19 10:27:37.250, 2055 MHz, 67, 13.45 W, 0 %, 0 %
2026/07/19 10:27:37.456, 2055 MHz, 67, 13.45 W, 0 %, 0 %
2026/07/19 10:27:37.665, 2055 MHz, 67, 13.48 W, 0 %, 0 %
2026/07/19 10:27:37.873, 2055 MHz, 67, 13.48 W, 0 %, 0 %
2026/07/19 10:27:38.085, 2055 MHz, 67, 13.48 W, 0 %, 0 %
2026/07/19 10:27:38.300, 2055 MHz, 48, 1.20 W, 0 %, 0 %
2026/07/19 10:27:38.970, 2055 MHz, 66, 10.79 W, 0 %, 0 %
2026/07/19 10:27:39.180, 2055 MHz, 66, 10.79 W, 0 %, 0 %
2026/07/19 10:27:39.382, 2055 MHz, 48, 1.20 W, 0 %, 0 %
2026/07/19 10:27:40.100, 2055 MHz, 66, 12.58 W, 0 %, 0 %
2026/07/19 10:27:40.314, 2055 MHz, 66, 12.58 W, 0 %, 0 %
2026/07/19 10:27:40.516, 2055 MHz, 67, 13.42 W, 0 %, 0 %
2026/07/19 10:27:40.720, 2055 MHz, 67, 13.42 W, 0 %, 0 %
2026/07/19 10:27:40.929, 2055 MHz, 67, 13.42 W, 0 %, 0 %
2026/07/19 10:27:41.139, 2055 MHz, 67, 13.43 W, 0 %, 0 %
2026/07/19 10:27:41.348, 2055 MHz, 67, 13.43 W, 0 %, 0 %
2026/07/19 10:27:41.553, 2055 MHz, 67, 13.46 W, 0 %, 0 %
2026/07/19 10:27:41.764, 2055 MHz, 67, 13.46 W, 0 %, 0 %
2026/07/19 10:27:41.969, 2055 MHz, 67, 13.46 W, 0 %, 0 %
2026/07/19 10:27:42.175, 2055 MHz, 67, 13.45 W, 0 %, 0 %
2026/07/19 10:27:42.377, 2055 MHz, 67, 13.45 W, 0 %, 0 %
2026/07/19 10:27:42.585, 2055 MHz, 67, 13.45 W, 0 %, 0 %
2026/07/19 10:27:42.792, 2055 MHz, 67, 13.45 W, 0 %, 0 %
2026/07/19 10:27:43.003, 2055 MHz, 67, 13.42 W, 0 %, 0 %
2026/07/19 10:27:43.213, 2055 MHz, 67, 13.42 W, 0 %, 0 %
2026/07/19 10:27:43.416, 2055 MHz, 67, 13.42 W, 0 %, 0 %
2026/07/19 10:27:43.618, 2055 MHz, 67, 13.40 W, 0 %, 0 %
2026/07/19 10:27:43.819, 2055 MHz, 67, 13.40 W, 0 %, 0 %
2026/07/19 10:27:44.033, 2055 MHz, 67, 13.39 W, 0 %, 0 %
2026/07/19 10:27:44.238, 2055 MHz, 67, 13.39 W, 0 %, 0 %
2026/07/19 10:27:44.446, 2055 MHz, 67, 13.39 W, 0 %, 0 %
2026/07/19 10:27:44.652, 2055 MHz, 67, 13.44 W, 0 %, 0 %
2026/07/19 10:27:44.863, 2055 MHz, 67, 13.44 W, 0 %, 0 %
2026/07/19 10:27:45.067, 2055 MHz, 67, 13.41 W, 0 %, 0 %
2026/07/19 10:27:45.273, 2055 MHz, 67, 13.41 W, 0 %, 0 %
2026/07/19 10:27:45.474, 2055 MHz, 67, 13.41 W, 0 %, 0 %
2026/07/19 10:27:45.680, 2055 MHz, 67, 13.46 W, 0 %, 0 %
2026/07/19 10:27:45.880, 2055 MHz, 67, 13.46 W, 0 %, 0 %
2026/07/19 10:27:46.082, 2055 MHz, 67, 13.44 W, 0 %, 0 %
2026/07/19 10:27:46.292, 2055 MHz, 67, 13.44 W, 0 %, 0 %
2026/07/19 10:27:46.495, 2055 MHz, 67, 13.44 W, 0 %, 0 %
2026/07/19 10:27:46.699, 2055 MHz, 67, 13.44 W, 0 %, 0 %
2026/07/19 10:27:46.908, 2055 MHz, 67, 13.44 W, 0 %, 0 %
2026/07/19 10:27:47.120, 2055 MHz, 67, 13.41 W, 0 %, 0 %
2026/07/19 10:27:47.320, 2055 MHz, 67, 13.41 W, 0 %, 0 %
2026/07/19 10:27:47.523, 2055 MHz, 67, 13.34 W, 0 %, 0 %
2026/07/19 10:27:47.726, 2055 MHz, 67, 13.34 W, 0 %, 0 %
2026/07/19 10:27:47.934, 2055 MHz, 67, 13.34 W, 0 %, 0 %
2026/07/19 10:27:48.143, 2055 MHz, 67, 13.47 W, 0 %, 0 %
2026/07/19 10:27:48.355, 2055 MHz, 48, 1.20 W, 0 %, 0 %
2026/07/19 10:27:49.063, 2055 MHz, 67, 14.49 W, 0 %, 0 %
2026/07/19 10:27:49.266, 2055 MHz, 67, 14.49 W, 0 %, 0 %
2026/07/19 10:27:49.471, 2055 MHz, 67, 13.48 W, 0 %, 0 %
2026/07/19 10:27:49.680, 2055 MHz, 67, 13.48 W, 0 %, 0 %
2026/07/19 10:27:49.884, 2055 MHz, 67, 13.48 W, 0 %, 0 %
2026/07/19 10:27:50.095, 2055 MHz, 67, 13.45 W, 0 %, 0 %
2026/07/19 10:27:50.311, 2055 MHz, 67, 13.45 W, 0 %, 0 %
2026/07/19 10:27:50.526, 2055 MHz, 67, 13.40 W, 0 %, 0 %
2026/07/19 10:27:50.728, 2055 MHz, 67, 13.40 W, 0 %, 0 %
2026/07/19 10:27:50.929, 2055 MHz, 67, 13.40 W, 0 %, 0 %
2026/07/19 10:27:51.130, 2055 MHz, 67, 13.40 W, 0 %, 0 %
2026/07/19 10:27:51.331, 2055 MHz, 67, 13.40 W, 0 %, 0 %
2026/07/19 10:27:51.544, 2055 MHz, 67, 13.40 W, 0 %, 0 %
2026/07/19 10:27:51.752, 2055 MHz, 67, 13.40 W, 0 %, 0 %
2026/07/19 10:27:51.954, 2055 MHz, 67, 13.40 W, 0 %, 0 %
2026/07/19 10:27:52.155, 2055 MHz, 67, 13.40 W, 0 %, 0 %
2026/07/19 10:27:52.368, 2055 MHz, 67, 13.40 W, 0 %, 0 %
2026/07/19 10:27:52.570, 2055 MHz, 67, 13.42 W, 0 %, 0 %
2026/07/19 10:27:52.783, 2055 MHz, 67, 13.42 W, 0 %, 0 %
2026/07/19 10:27:52.998, 2055 MHz, 67, 13.41 W, 0 %, 0 %
2026/07/19 10:27:53.200, 2055 MHz, 67, 13.41 W, 0 %, 0 %
2026/07/19 10:27:53.401, 2055 MHz, 67, 13.41 W, 0 %, 0 %
2026/07/19 10:27:53.608, 2055 MHz, 67, 13.44 W, 0 %, 0 %
2026/07/19 10:27:53.811, 2055 MHz, 67, 13.44 W, 0 %, 0 %
2026/07/19 10:27:54.018, 2055 MHz, 67, 13.44 W, 0 %, 0 %
2026/07/19 10:27:54.219, 2055 MHz, 67, 13.44 W, 0 %, 0 %
2026/07/19 10:27:54.419, 2055 MHz, 67, 13.44 W, 0 %, 0 %
2026/07/19 10:27:54.622, 2055 MHz, 67, 13.36 W, 0 %, 0 %
2026/07/19 10:27:54.830, 2055 MHz, 67, 13.36 W, 0 %, 0 %
2026/07/19 10:27:55.034, 2055 MHz, 67, 14.61 W, 0 %, 0 %
2026/07/19 10:27:55.235, 2055 MHz, 67, 14.61 W, 0 %, 0 %
2026/07/19 10:27:55.438, 2055 MHz, 67, 13.43 W, 0 %, 0 %
2026/07/19 10:27:55.644, 2055 MHz, 67, 13.43 W, 0 %, 0 %
2026/07/19 10:27:55.856, 2055 MHz, 67, 13.43 W, 0 %, 0 %
2026/07/19 10:27:56.061, 2055 MHz, 67, 13.67 W, 0 %, 0 %
2026/07/19 10:27:56.273, 2055 MHz, 67, 13.67 W, 0 %, 0 %
2026/07/19 10:27:56.489, 2055 MHz, 67, 13.43 W, 0 %, 0 %
2026/07/19 10:27:56.703, 2055 MHz, 67, 13.43 W, 0 %, 0 %
2026/07/19 10:27:56.915, 2055 MHz, 48, 1.20 W, 0 %, 0 %
2026/07/19 10:27:57.601, 2055 MHz, 67, 12.26 W, 0 %, 0 %
2026/07/19 10:27:57.804, 2055 MHz, 67, 12.26 W, 0 %, 0 %
2026/07/19 10:27:58.008, 2055 MHz, 67, 13.48 W, 0 %, 0 %
2026/07/19 10:27:58.216, 2055 MHz, 48, 1.20 W, 0 %, 0 %
2026/07/19 10:27:58.779, 2055 MHz, 67, 12.27 W, 0 %, 0 %
2026/07/19 10:27:58.995, 2055 MHz, 67, 12.27 W, 0 %, 0 %
2026/07/19 10:27:59.197, 2055 MHz, 67, 13.41 W, 0 %, 0 %
2026/07/19 10:27:59.399, 2055 MHz, 67, 13.41 W, 0 %, 0 %
2026/07/19 10:27:59.600, 2055 MHz, 67, 13.41 W, 0 %, 0 %
2026/07/19 10:27:59.801, 2055 MHz, 67, 13.39 W, 0 %, 0 %
2026/07/19 10:28:00.006, 2055 MHz, 67, 13.39 W, 0 %, 0 %
2026/07/19 10:28:00.220, 2055 MHz, 67, 13.42 W, 0 %, 0 %
2026/07/19 10:28:00.425, 2055 MHz, 67, 13.42 W, 0 %, 0 %
2026/07/19 10:28:00.631, 2055 MHz, 67, 13.42 W, 0 %, 0 %
2026/07/19 10:28:00.835, 2055 MHz, 67, 13.44 W, 0 %, 0 %
2026/07/19 10:28:01.048, 2055 MHz, 67, 13.44 W, 0 %, 0 %
2026/07/19 10:28:01.259, 2055 MHz, 67, 13.44 W, 0 %, 0 %
2026/07/19 10:28:01.461, 2055 MHz, 48, 1.20 W, 0 %, 0 %
2026/07/19 10:28:02.162, 2055 MHz, 67, 12.26 W, 0 %, 0 %
2026/07/19 10:28:02.365, 2055 MHz, 67, 12.26 W, 0 %, 0 %
2026/07/19 10:28:02.567, 2055 MHz, 67, 13.45 W, 0 %, 0 %
2026/07/19 10:28:02.769, 2055 MHz, 67, 13.45 W, 0 %, 0 %
2026/07/19 10:28:02.971, 2055 MHz, 67, 13.45 W, 0 %, 0 %
2026/07/19 10:28:03.172, 2055 MHz, 67, 13.38 W, 0 %, 0 %
2026/07/19 10:28:03.372, 2055 MHz, 67, 13.38 W, 0 %, 0 %
2026/07/19 10:28:03.577, 2055 MHz, 67, 13.40 W, 0 %, 0 %
2026/07/19 10:28:03.793, 2055 MHz, 67, 13.40 W, 0 %, 0 %
2026/07/19 10:28:03.993, 2055 MHz, 67, 13.40 W, 0 %, 0 %
2026/07/19 10:28:04.199, 2055 MHz, 67, 13.61 W, 0 %, 0 %
2026/07/19 10:28:04.407, 2055 MHz, 67, 13.61 W, 0 %, 0 %
2026/07/19 10:28:04.615, 2055 MHz, 67, 13.42 W, 0 %, 0 %
2026/07/19 10:28:04.828, 2055 MHz, 67, 13.42 W, 0 %, 0 %
2026/07/19 10:28:05.035, 2055 MHz, 67, 13.41 W, 0 %, 0 %
2026/07/19 10:28:05.243, 2055 MHz, 67, 13.41 W, 0 %, 0 %
2026/07/19 10:28:05.448, 2055 MHz, 67, 13.41 W, 0 %, 0 %
2026/07/19 10:28:05.650, 2055 MHz, 48, 1.20 W, 0 %, 0 %
2026/07/19 10:28:06.377, 2055 MHz, 67, 12.54 W, 0 %, 0 %
2026/07/19 10:28:06.579, 2055 MHz, 67, 12.54 W, 0 %, 0 %
2026/07/19 10:28:06.783, 2055 MHz, 67, 13.35 W, 0 %, 0 %
2026/07/19 10:28:06.985, 2055 MHz, 67, 13.35 W, 0 %, 0 %
2026/07/19 10:28:07.187, 2055 MHz, 67, 13.35 W, 0 %, 0 %
2026/07/19 10:28:07.394, 2055 MHz, 67, 13.51 W, 0 %, 0 %
2026/07/19 10:28:07.603, 2055 MHz, 67, 13.51 W, 0 %, 0 %
2026/07/19 10:28:07.803, 2055 MHz, 67, 13.39 W, 0 %, 0 %
2026/07/19 10:28:08.004, 2055 MHz, 67, 13.39 W, 0 %, 0 %
2026/07/19 10:28:08.207, 2055 MHz, 67, 13.39 W, 0 %, 0 %
2026/07/19 10:28:08.408, 2055 MHz, 67, 13.37 W, 0 %, 0 %
2026/07/19 10:28:08.609, 2055 MHz, 67, 13.37 W, 0 %, 0 %
2026/07/19 10:28:08.824, 2055 MHz, 67, 13.75 W, 0 %, 0 %
2026/07/19 10:28:09.035, 2055 MHz, 67, 13.75 W, 0 %, 0 %
2026/07/19 10:28:09.238, 2055 MHz, 67, 13.75 W, 0 %, 0 %
2026/07/19 10:28:09.453, 2055 MHz, 67, 13.39 W, 0 %, 0 %
2026/07/19 10:28:09.659, 2055 MHz, 67, 13.39 W, 0 %, 0 %
2026/07/19 10:28:09.873, 2055 MHz, 67, 13.44 W, 0 %, 0 %
2026/07/19 10:28:10.075, 2055 MHz, 67, 13.44 W, 0 %, 0 %
2026/07/19 10:28:10.277, 2055 MHz, 67, 13.38 W, 0 %, 0 %
2026/07/19 10:28:10.486, 2055 MHz, 67, 13.38 W, 0 %, 0 %
2026/07/19 10:28:10.688, 2055 MHz, 67, 13.38 W, 0 %, 0 %
2026/07/19 10:28:10.900, 2055 MHz, 67, 13.41 W, 0 %, 0 %
2026/07/19 10:28:11.108, 2055 MHz, 67, 13.41 W, 0 %, 0 %
2026/07/19 10:28:11.317, 2055 MHz, 67, 13.42 W, 0 %, 0 %
2026/07/19 10:28:11.522, 2055 MHz, 67, 13.42 W, 0 %, 0 %
2026/07/19 10:28:11.725, 2055 MHz, 67, 13.42 W, 0 %, 0 %
2026/07/19 10:28:11.936, 2055 MHz, 67, 13.41 W, 0 %, 0 %
2026/07/19 10:28:12.141, 2055 MHz, 67, 13.41 W, 0 %, 0 %
2026/07/19 10:28:12.343, 2055 MHz, 67, 13.39 W, 0 %, 0 %
2026/07/19 10:28:12.551, 2055 MHz, 67, 13.39 W, 0 %, 0 %
2026/07/19 10:28:12.755, 2055 MHz, 67, 13.60 W, 0 %, 0 %
2026/07/19 10:28:12.964, 2055 MHz, 67, 13.60 W, 0 %, 0 %
2026/07/19 10:28:13.179, 2055 MHz, 67, 13.60 W, 0 %, 0 %
2026/07/19 10:28:13.386, 2055 MHz, 67, 13.40 W, 0 %, 0 %
2026/07/19 10:28:13.589, 2055 MHz, 67, 13.40 W, 0 %, 0 %
2026/07/19 10:28:13.791, 2055 MHz, 67, 13.39 W, 0 %, 0 %
2026/07/19 10:28:13.995, 2055 MHz, 67, 13.39 W, 0 %, 0 %
2026/07/19 10:28:14.203, 2055 MHz, 67, 13.39 W, 0 %, 0 %
2026/07/19 10:28:14.412, 2055 MHz, 67, 13.89 W, 0 %, 0 %
2026/07/19 10:28:14.620, 2055 MHz, 48, 1.20 W, 0 %, 0 %
2026/07/19 10:28:15.333, 2055 MHz, 67, 12.54 W, 0 %, 0 %
2026/07/19 10:28:15.547, 2055 MHz, 67, 12.54 W, 0 %, 0 %
2026/07/19 10:28:15.751, 2055 MHz, 67, 13.47 W, 0 %, 0 %
2026/07/19 10:28:15.966, 2055 MHz, 67, 13.47 W, 0 %, 0 %
2026/07/19 10:28:16.167, 2055 MHz, 67, 13.47 W, 0 %, 0 %
2026/07/19 10:28:16.376, 2055 MHz, 67, 13.43 W, 0 %, 0 %
2026/07/19 10:28:16.586, 2055 MHz, 67, 13.43 W, 0 %, 0 %
2026/07/19 10:28:16.793, 1380 MHz, 48, 590.01 W, 0 %, 0 %
2026/07/19 10:28:17.413, 2055 MHz, 67, 13.15 W, 0 %, 0 %
2026/07/19 10:28:17.621, 2055 MHz, 67, 13.15 W, 0 %, 0 %
2026/07/19 10:28:17.822, 2055 MHz, 67, 13.38 W, 0 %, 0 %
2026/07/19 10:28:18.032, 2055 MHz, 67, 13.38 W, 0 %, 0 %
2026/07/19 10:28:18.245, 2055 MHz, 67, 13.38 W, 0 %, 0 %
2026/07/19 10:28:18.448, 2055 MHz, 67, 13.51 W, 0 %, 0 %
2026/07/19 10:28:18.662, 2055 MHz, 67, 13.51 W, 0 %, 0 %
2026/07/19 10:28:18.865, 2055 MHz, 67, 13.41 W, 0 %, 0 %
2026/07/19 10:28:19.068, 2055 MHz, 67, 13.41 W, 0 %, 0 %
2026/07/19 10:28:19.269, 2055 MHz, 67, 13.45 W, 0 %, 0 %
2026/07/19 10:28:19.470, 2055 MHz, 67, 13.45 W, 0 %, 0 %
2026/07/19 10:28:19.684, 2055 MHz, 67, 13.45 W, 0 %, 0 %
2026/07/19 10:28:19.887, 2055 MHz, 67, 13.67 W, 0 %, 0 %
2026/07/19 10:28:20.094, 2055 MHz, 67, 13.67 W, 0 %, 0 %
2026/07/19 10:28:20.307, 2055 MHz, 48, 1.20 W, 0 %, 0 %
2026/07/19 10:28:21.023, 2055 MHz, 66, 11.02 W, 0 %, 0 %
2026/07/19 10:28:21.226, 2055 MHz, 66, 11.02 W, 0 %, 0 %
2026/07/19 10:28:21.429, 2055 MHz, 67, 13.42 W, 0 %, 0 %
2026/07/19 10:28:21.633, 2055 MHz, 67, 13.42 W, 0 %, 0 %
2026/07/19 10:28:21.841, 2055 MHz, 67, 13.42 W, 0 %, 0 %
2026/07/19 10:28:22.049, 2055 MHz, 67, 13.36 W, 0 %, 0 %
2026/07/19 10:28:22.254, 2055 MHz, 67, 13.36 W, 0 %, 0 %
2026/07/19 10:28:22.455, 2055 MHz, 67, 13.38 W, 0 %, 0 %
2026/07/19 10:28:22.665, 2055 MHz, 67, 13.38 W, 0 %, 0 %
2026/07/19 10:28:22.866, 2055 MHz, 67, 13.38 W, 0 %, 0 %
2026/07/19 10:28:23.073, 2055 MHz, 67, 13.39 W, 0 %, 0 %
2026/07/19 10:28:23.282, 2055 MHz, 48, 1.20 W, 0 %, 0 %
2026/07/19 10:28:23.887, 2055 MHz, 66, 12.13 W, 0 %, 0 %
2026/07/19 10:28:24.088, 2055 MHz, 66, 12.13 W, 0 %, 0 %
2026/07/19 10:28:24.296, 2055 MHz, 67, 13.49 W, 0 %, 0 %
2026/07/19 10:28:24.511, 2055 MHz, 67, 13.49 W, 0 %, 0 %
2026/07/19 10:28:24.712, 2055 MHz, 67, 13.49 W, 0 %, 0 %
2026/07/19 10:28:24.913, 2055 MHz, 67, 13.44 W, 0 %, 0 %
2026/07/19 10:28:25.114, 2055 MHz, 67, 13.44 W, 0 %, 0 %
2026/07/19 10:28:25.327, 2055 MHz, 67, 13.40 W, 0 %, 0 %
2026/07/19 10:28:25.530, 2055 MHz, 67, 13.40 W, 0 %, 0 %
2026/07/19 10:28:25.730, 2055 MHz, 67, 13.40 W, 0 %, 0 %
2026/07/19 10:28:25.935, 2055 MHz, 67, 13.40 W, 0 %, 0 %
2026/07/19 10:28:26.136, 2055 MHz, 67, 13.40 W, 0 %, 0 %
2026/07/19 10:28:26.344, 2055 MHz, 67, 13.40 W, 0 %, 0 %
2026/07/19 10:28:26.547, 2055 MHz, 67, 13.40 W, 0 %, 0 %
2026/07/19 10:28:26.751, 2055 MHz, 67, 13.40 W, 0 %, 0 %
2026/07/19 10:28:26.952, 2055 MHz, 67, 13.39 W, 0 %, 0 %
2026/07/19 10:28:27.165, 2055 MHz, 67, 13.39 W, 0 %, 0 %
2026/07/19 10:28:27.377, 2055 MHz, 67, 13.38 W, 0 %, 0 %
2026/07/19 10:28:27.581, 2055 MHz, 67, 13.38 W, 0 %, 0 %
2026/07/19 10:28:27.790, 2055 MHz, 67, 13.39 W, 0 %, 0 %
2026/07/19 10:28:27.998, 2055 MHz, 67, 13.39 W, 0 %, 0 %
2026/07/19 10:28:28.203, 2055 MHz, 67, 13.39 W, 0 %, 0 %
2026/07/19 10:28:28.407, 2055 MHz, 67, 13.40 W, 0 %, 0 %
2026/07/19 10:28:28.610, 2055 MHz, 48, 1.20 W, 0 %, 0 %
2026/07/19 10:28:29.283, 2055 MHz, 67, 12.53 W, 0 %, 0 %
2026/07/19 10:28:29.491, 2055 MHz, 67, 12.53 W, 0 %, 0 %
2026/07/19 10:28:29.698, 2055 MHz, 67, 13.46 W, 0 %, 0 %
2026/07/19 10:28:29.899, 2055 MHz, 67, 13.46 W, 0 %, 0 %
2026/07/19 10:28:30.105, 2055 MHz, 67, 13.46 W, 0 %, 0 %
2026/07/19 10:28:30.314, 2055 MHz, 67, 13.44 W, 0 %, 0 %
2026/07/19 10:28:30.527, 2055 MHz, 67, 13.44 W, 0 %, 0 %
2026/07/19 10:28:30.731, 2055 MHz, 48, 1.20 W, 0 %, 0 %
2026/07/19 10:28:31.274, 2055 MHz, 67, 10.79 W, 0 %, 0 %
2026/07/19 10:28:31.485, 2055 MHz, 67, 10.79 W, 0 %, 0 %
2026/07/19 10:28:31.687, 2055 MHz, 67, 13.73 W, 0 %, 0 %
2026/07/19 10:28:31.893, 2055 MHz, 67, 13.73 W, 0 %, 0 %
2026/07/19 10:28:32.103, 2055 MHz, 48, 1.20 W, 0 %, 0 %
2026/07/19 10:28:32.711, 2055 MHz, 67, 12.53 W, 0 %, 0 %
2026/07/19 10:28:32.914, 2055 MHz, 67, 12.53 W, 0 %, 0 %
2026/07/19 10:28:33.118, 2055 MHz, 67, 13.42 W, 0 %, 0 %
2026/07/19 10:28:33.325, 2055 MHz, 67, 13.42 W, 0 %, 0 %
2026/07/19 10:28:33.528, 2055 MHz, 67, 13.42 W, 0 %, 0 %
2026/07/19 10:28:33.731, 2055 MHz, 67, 13.36 W, 0 %, 0 %
2026/07/19 10:28:33.945, 2055 MHz, 67, 13.36 W, 0 %, 0 %
2026/07/19 10:28:34.145, 2055 MHz, 67, 13.47 W, 0 %, 0 %
2026/07/19 10:28:34.360, 2055 MHz, 67, 13.47 W, 0 %, 0 %
2026/07/19 10:28:34.563, 2055 MHz, 67, 13.47 W, 0 %, 0 %
2026/07/19 10:28:34.768, 2055 MHz, 67, 13.42 W, 0 %, 0 %
2026/07/19 10:28:34.971, 2055 MHz, 67, 13.42 W, 0 %, 0 %
2026/07/19 10:28:35.182, 1380 MHz, 48, 590.01 W, 0 %, 0 %
2026/07/19 10:28:35.802, 2055 MHz, 67, 12.62 W, 0 %, 0 %
2026/07/19 10:28:36.014, 2055 MHz, 67, 12.62 W, 0 %, 0 %
2026/07/19 10:28:36.219, 2055 MHz, 67, 13.38 W, 0 %, 0 %
2026/07/19 10:28:36.433, 2055 MHz, 67, 13.38 W, 0 %, 0 %
2026/07/19 10:28:36.638, 2055 MHz, 67, 13.38 W, 0 %, 0 %
2026/07/19 10:28:36.845, 2055 MHz, 67, 13.34 W, 0 %, 0 %
2026/07/19 10:28:37.046, 2055 MHz, 67, 13.34 W, 0 %, 0 %
2026/07/19 10:28:37.250, 2055 MHz, 67, 13.39 W, 0 %, 0 %
2026/07/19 10:28:37.456, 2055 MHz, 67, 13.39 W, 0 %, 0 %
2026/07/19 10:28:37.671, 2055 MHz, 67, 13.48 W, 0 %, 0 %
2026/07/19 10:28:37.873, 2055 MHz, 67, 13.48 W, 0 %, 0 %
2026/07/19 10:28:38.087, 2055 MHz, 67, 13.48 W, 0 %, 0 %
2026/07/19 10:28:38.294, 2055 MHz, 67, 13.41 W, 0 %, 0 %
2026/07/19 10:28:38.506, 2055 MHz, 67, 13.41 W, 0 %, 0 %
2026/07/19 10:28:38.717, 2055 MHz, 67, 13.41 W, 0 %, 0 %
2026/07/19 10:28:38.927, 2055 MHz, 67, 13.41 W, 0 %, 0 %
2026/07/19 10:28:39.130, 2055 MHz, 67, 13.41 W, 0 %, 0 %
2026/07/19 10:28:39.331, 2055 MHz, 67, 13.43 W, 0 %, 0 %
2026/07/19 10:28:39.531, 2055 MHz, 67, 13.43 W, 0 %, 0 %
2026/07/19 10:28:39.745, 2055 MHz, 67, 13.42 W, 0 %, 0 %
2026/07/19 10:28:39.948, 2055 MHz, 67, 13.42 W, 0 %, 0 %
2026/07/19 10:28:40.149, 2055 MHz, 67, 13.42 W, 0 %, 0 %
2026/07/19 10:28:40.350, 2055 MHz, 67, 13.39 W, 0 %, 0 %
2026/07/19 10:28:40.551, 2055 MHz, 48, 1.20 W, 0 %, 0 %
2026/07/19 10:28:41.268, 2055 MHz, 67, 12.53 W, 0 %, 0 %
2026/07/19 10:28:41.476, 2055 MHz, 67, 12.53 W, 0 %, 0 %
2026/07/19 10:28:41.679, 2055 MHz, 67, 13.39 W, 0 %, 0 %
2026/07/19 10:28:41.882, 2055 MHz, 67, 13.39 W, 0 %, 0 %
2026/07/19 10:28:42.090, 2055 MHz, 67, 13.39 W, 0 %, 0 %
2026/07/19 10:28:42.292, 2055 MHz, 67, 13.43 W, 0 %, 0 %
2026/07/19 10:28:42.499, 2055 MHz, 67, 13.43 W, 0 %, 0 %
2026/07/19 10:28:42.703, 2055 MHz, 67, 13.41 W, 0 %, 0 %
2026/07/19 10:28:42.916, 2055 MHz, 67, 13.41 W, 0 %, 0 %
2026/07/19 10:28:43.121, 2055 MHz, 67, 13.41 W, 0 %, 0 %
2026/07/19 10:28:43.331, 2055 MHz, 67, 13.41 W, 0 %, 0 %
2026/07/19 10:28:43.539, 2055 MHz, 67, 13.41 W, 0 %, 0 %
2026/07/19 10:28:43.743, 2055 MHz, 67, 13.40 W, 0 %, 0 %
2026/07/19 10:28:43.949, 2055 MHz, 67, 13.40 W, 0 %, 0 %
2026/07/19 10:28:44.160, 2055 MHz, 67, 13.38 W, 0 %, 0 %
2026/07/19 10:28:44.363, 2055 MHz, 67, 13.38 W, 0 %, 0 %
2026/07/19 10:28:44.569, 2055 MHz, 67, 13.38 W, 0 %, 0 %
2026/07/19 10:28:44.780, 2055 MHz, 67, 13.37 W, 0 %, 0 %
2026/07/19 10:28:44.984, 2055 MHz, 67, 13.37 W, 0 %, 0 %
2026/07/19 10:28:45.188, 2055 MHz, 67, 13.59 W, 0 %, 0 %
2026/07/19 10:28:45.390, 2055 MHz, 67, 13.59 W, 0 %, 0 %
2026/07/19 10:28:45.600, 2055 MHz, 67, 13.59 W, 0 %, 0 %
2026/07/19 10:28:45.805, 2055 MHz, 67, 13.42 W, 0 %, 0 %
2026/07/19 10:28:46.013, 2055 MHz, 67, 13.42 W, 0 %, 0 %
2026/07/19 10:28:46.223, 2055 MHz, 67, 13.64 W, 0 %, 0 %
2026/07/19 10:28:46.429, 2055 MHz, 67, 13.64 W, 0 %, 0 %
2026/07/19 10:28:46.630, 2055 MHz, 67, 13.64 W, 0 %, 0 %
2026/07/19 10:28:46.835, 2055 MHz, 67, 13.42 W, 0 %, 0 %
2026/07/19 10:28:47.036, 2055 MHz, 67, 13.42 W, 0 %, 0 %
2026/07/19 10:28:47.240, 2055 MHz, 67, 13.40 W, 0 %, 0 %
2026/07/19 10:28:47.441, 2055 MHz, 67, 13.40 W, 0 %, 0 %
2026/07/19 10:28:47.646, 2055 MHz, 67, 13.40 W, 0 %, 0 %
2026/07/19 10:28:47.849, 2055 MHz, 67, 13.40 W, 0 %, 0 %
2026/07/19 10:28:48.054, 2055 MHz, 67, 13.40 W, 0 %, 0 %
2026/07/19 10:28:48.264, 2055 MHz, 67, 13.43 W, 0 %, 0 %
2026/07/19 10:28:48.476, 2055 MHz, 67, 13.43 W, 0 %, 0 %
2026/07/19 10:28:48.686, 2055 MHz, 67, 13.60 W, 0 %, 0 %
2026/07/19 10:28:48.886, 2055 MHz, 67, 13.60 W, 0 %, 0 %
2026/07/19 10:28:49.096, 2055 MHz, 67, 13.60 W, 0 %, 0 %
2026/07/19 10:28:49.312, 2055 MHz, 48, 1.20 W, 0 %, 0 %
2026/07/19 10:28:49.956, 2055 MHz, 67, 11.03 W, 0 %, 0 %
2026/07/19 10:28:50.159, 2055 MHz, 67, 11.03 W, 0 %, 0 %
2026/07/19 10:28:50.368, 2055 MHz, 67, 13.42 W, 0 %, 0 %
2026/07/19 10:28:50.570, 2055 MHz, 67, 13.42 W, 0 %, 0 %
2026/07/19 10:28:50.784, 2055 MHz, 67, 13.42 W, 0 %, 0 %
2026/07/19 10:28:50.986, 2055 MHz, 67, 13.41 W, 0 %, 0 %
2026/07/19 10:28:51.197, 2055 MHz, 67, 13.41 W, 0 %, 0 %
2026/07/19 10:28:51.404, 2055 MHz, 48, 1.20 W, 0 %, 0 %
2026/07/19 10:28:52.140, 2055 MHz, 67, 10.99 W, 0 %, 0 %
2026/07/19 10:28:52.341, 2055 MHz, 67, 10.99 W, 0 %, 0 %
2026/07/19 10:28:52.554, 2055 MHz, 67, 13.34 W, 0 %, 0 %
2026/07/19 10:28:52.758, 2055 MHz, 67, 13.34 W, 0 %, 0 %
2026/07/19 10:28:52.962, 2055 MHz, 67, 13.34 W, 0 %, 0 %
2026/07/19 10:28:53.177, 2055 MHz, 67, 13.41 W, 0 %, 0 %
2026/07/19 10:28:53.386, 2055 MHz, 67, 13.41 W, 0 %, 0 %
2026/07/19 10:28:53.591, 2055 MHz, 67, 13.36 W, 0 %, 0 %
2026/07/19 10:28:53.806, 2055 MHz, 67, 13.36 W, 0 %, 0 %
2026/07/19 10:28:54.011, 2055 MHz, 67, 13.47 W, 0 %, 0 %
2026/07/19 10:28:54.225, 2055 MHz, 67, 13.47 W, 0 %, 0 %
2026/07/19 10:28:54.425, 2055 MHz, 67, 13.47 W, 0 %, 0 %
2026/07/19 10:28:54.637, 2055 MHz, 67, 13.35 W, 0 %, 0 %
2026/07/19 10:28:54.850, 2055 MHz, 67, 13.35 W, 0 %, 0 %
2026/07/19 10:28:55.050, 2055 MHz, 67, 13.37 W, 0 %, 0 %
2026/07/19 10:28:55.264, 2055 MHz, 67, 13.37 W, 0 %, 0 %
2026/07/19 10:28:55.475, 2055 MHz, 67, 13.37 W, 0 %, 0 %
2026/07/19 10:28:55.676, 2055 MHz, 67, 13.51 W, 0 %, 0 %
2026/07/19 10:28:55.889, 2055 MHz, 67, 13.51 W, 0 %, 0 %
2026/07/19 10:28:56.092, 2055 MHz, 48, 1.20 W, 0 %, 0 %
2026/07/19 10:28:56.635, 2055 MHz, 67, 10.78 W, 0 %, 0 %
2026/07/19 10:28:56.835, 2055 MHz, 48, 1.20 W, 0 %, 0 %
2026/07/19 10:28:57.509, 2055 MHz, 67, 12.68 W, 0 %, 0 %
2026/07/19 10:28:57.722, 2055 MHz, 67, 12.68 W, 0 %, 0 %
2026/07/19 10:28:57.931, 2055 MHz, 67, 13.47 W, 0 %, 0 %
2026/07/19 10:28:58.134, 2055 MHz, 67, 13.47 W, 0 %, 0 %
2026/07/19 10:28:58.335, 2055 MHz, 67, 13.47 W, 0 %, 0 %
2026/07/19 10:28:58.543, 2055 MHz, 67, 13.45 W, 0 %, 0 %
2026/07/19 10:28:58.745, 1380 MHz, 48, 590.01 W, 0 %, 0 %
2026/07/19 10:28:59.366, 2055 MHz, 67, 12.64 W, 0 %, 0 %
2026/07/19 10:28:59.571, 2055 MHz, 67, 12.64 W, 0 %, 0 %
2026/07/19 10:28:59.783, 2055 MHz, 48, 1.20 W, 0 %, 0 %
2026/07/19 10:29:00.480, 2055 MHz, 67, 11.02 W, 0 %, 0 %
2026/07/19 10:29:00.687, 2055 MHz, 67, 11.02 W, 0 %, 0 %
2026/07/19 10:29:00.899, 2055 MHz, 67, 13.50 W, 0 %, 0 %
2026/07/19 10:29:01.105, 2055 MHz, 67, 13.50 W, 0 %, 0 %
2026/07/19 10:29:01.311, 2055 MHz, 67, 13.50 W, 0 %, 0 %
2026/07/19 10:29:01.521, 2055 MHz, 67, 13.42 W, 0 %, 0 %
2026/07/19 10:29:01.728, 2055 MHz, 67, 13.42 W, 0 %, 0 %
2026/07/19 10:29:01.929, 2055 MHz, 67, 13.41 W, 0 %, 0 %
2026/07/19 10:29:02.129, 2055 MHz, 67, 13.41 W, 0 %, 0 %
2026/07/19 10:29:02.339, 2055 MHz, 67, 13.41 W, 0 %, 0 %
2026/07/19 10:29:02.544, 2055 MHz, 67, 13.40 W, 0 %, 0 %
2026/07/19 10:29:02.745, 2055 MHz, 67, 13.40 W, 0 %, 0 %
2026/07/19 10:29:02.947, 2055 MHz, 67, 13.37 W, 0 %, 0 %
2026/07/19 10:29:03.149, 2055 MHz, 67, 13.37 W, 0 %, 0 %
2026/07/19 10:29:03.359, 2055 MHz, 67, 13.37 W, 0 %, 0 %
2026/07/19 10:29:03.570, 2055 MHz, 67, 13.33 W, 0 %, 0 %
2026/07/19 10:29:03.781, 2055 MHz, 67, 13.33 W, 0 %, 0 %
2026/07/19 10:29:03.988, 2055 MHz, 67, 13.49 W, 0 %, 0 %
2026/07/19 10:29:04.203, 2055 MHz, 67, 13.49 W, 0 %, 0 %
2026/07/19 10:29:04.418, 2055 MHz, 67, 14.72 W, 0 %, 0 %
2026/07/19 10:29:04.625, 2055 MHz, 67, 14.72 W, 0 %, 0 %
2026/07/19 10:29:04.830, 2055 MHz, 48, 1.20 W, 0 %, 0 %
2026/07/19 10:29:05.421, 2055 MHz, 67, 10.87 W, 0 %, 0 %
2026/07/19 10:29:05.636, 2055 MHz, 67, 10.87 W, 0 %, 0 %
2026/07/19 10:29:05.838, 2055 MHz, 67, 13.49 W, 0 %, 0 %
2026/07/19 10:29:06.042, 2055 MHz, 67, 13.49 W, 0 %, 0 %
2026/07/19 10:29:06.251, 2055 MHz, 67, 13.49 W, 0 %, 0 %
2026/07/19 10:29:06.464, 2055 MHz, 67, 13.41 W, 0 %, 0 %
2026/07/19 10:29:06.669, 2055 MHz, 67, 13.41 W, 0 %, 0 %
2026/07/19 10:29:06.884, 2055 MHz, 67, 13.41 W, 0 %, 0 %
2026/07/19 10:29:07.087, 2055 MHz, 67, 13.41 W, 0 %, 0 %
2026/07/19 10:29:07.302, 1380 MHz, 48, 590.01 W, 0 %, 0 %
2026/07/19 10:29:07.923, 2055 MHz, 67, 12.45 W, 0 %, 0 %
2026/07/19 10:29:08.126, 2055 MHz, 67, 12.45 W, 0 %, 0 %
2026/07/19 10:29:08.331, 2055 MHz, 48, 1.20 W, 0 %, 0 %
2026/07/19 10:29:09.044, 2055 MHz, 67, 12.27 W, 0 %, 0 %
2026/07/19 10:29:09.251, 2055 MHz, 67, 12.27 W, 0 %, 0 %
2026/07/19 10:29:09.457, 2055 MHz, 67, 13.52 W, 0 %, 0 %
2026/07/19 10:29:09.660, 2055 MHz, 67, 13.52 W, 0 %, 0 %
2026/07/19 10:29:09.869, 2055 MHz, 67, 13.52 W, 0 %, 0 %
2026/07/19 10:29:10.077, 2055 MHz, 48, 1.20 W, 0 %, 0 %
2026/07/19 10:29:10.685, 2055 MHz, 67, 14.56 W, 0 %, 0 %
2026/07/19 10:29:10.886, 2055 MHz, 67, 14.56 W, 0 %, 0 %
2026/07/19 10:29:11.094, 2055 MHz, 67, 13.52 W, 0 %, 0 %
2026/07/19 10:29:11.298, 2055 MHz, 67, 13.52 W, 0 %, 0 %
2026/07/19 10:29:11.499, 2055 MHz, 67, 13.52 W, 0 %, 0 %
2026/07/19 10:29:11.700, 2055 MHz, 67, 13.52 W, 0 %, 0 %
2026/07/19 10:29:11.911, 2055 MHz, 67, 13.52 W, 0 %, 0 %
2026/07/19 10:29:12.116, 2055 MHz, 67, 13.41 W, 0 %, 0 %
2026/07/19 10:29:12.331, 2055 MHz, 67, 13.41 W, 0 %, 0 %
2026/07/19 10:29:12.533, 2055 MHz, 67, 13.41 W, 0 %, 0 %
2026/07/19 10:29:12.735, 2055 MHz, 67, 13.42 W, 0 %, 0 %
2026/07/19 10:29:12.940, 2055 MHz, 67, 13.42 W, 0 %, 0 %
2026/07/19 10:29:13.142, 2055 MHz, 48, 1.20 W, 0 %, 0 %
2026/07/19 10:29:13.737, 2055 MHz, 67, 12.21 W, 0 %, 0 %
2026/07/19 10:29:13.939, 2055 MHz, 67, 12.21 W, 0 %, 0 %
2026/07/19 10:29:14.145, 2055 MHz, 67, 13.54 W, 0 %, 0 %
2026/07/19 10:29:14.354, 2055 MHz, 67, 13.54 W, 0 %, 0 %
2026/07/19 10:29:14.562, 2055 MHz, 67, 13.54 W, 0 %, 0 %
2026/07/19 10:29:14.763, 2055 MHz, 67, 13.70 W, 0 %, 0 %
2026/07/19 10:29:14.974, 2055 MHz, 48, 1.20 W, 0 %, 0 %
2026/07/19 10:29:15.632, 2055 MHz, 67, 10.92 W, 0 %, 0 %
2026/07/19 10:29:15.834, 2055 MHz, 67, 10.92 W, 0 %, 0 %
2026/07/19 10:29:16.037, 1380 MHz, 48, 590.01 W, 0 %, 0 %
2026/07/19 10:29:16.665, 2055 MHz, 67, 14.65 W, 0 %, 0 %
2026/07/19 10:29:16.879, 2055 MHz, 67, 14.65 W, 0 %, 0 %
2026/07/19 10:29:17.093, 2055 MHz, 67, 13.55 W, 0 %, 0 %
2026/07/19 10:29:17.296, 2055 MHz, 67, 13.55 W, 0 %, 0 %
2026/07/19 10:29:17.500, 2055 MHz, 67, 13.55 W, 0 %, 0 %
2026/07/19 10:29:17.702, 2055 MHz, 67, 13.46 W, 0 %, 0 %
2026/07/19 10:29:17.910, 2055 MHz, 67, 13.46 W, 0 %, 0 %
2026/07/19 10:29:18.111, 2055 MHz, 67, 13.63 W, 0 %, 0 %
2026/07/19 10:29:18.317, 2055 MHz, 67, 13.63 W, 0 %, 0 %
2026/07/19 10:29:18.532, 2055 MHz, 67, 13.46 W, 0 %, 0 %
2026/07/19 10:29:18.739, 2055 MHz, 67, 13.46 W, 0 %, 0 %
2026/07/19 10:29:18.941, 2055 MHz, 67, 13.46 W, 0 %, 0 %
2026/07/19 10:29:19.142, 1380 MHz, 48, 15.63 W, 0 %, 0 %
2026/07/19 10:29:19.763, 2055 MHz, 67, 11.19 W, 0 %, 0 %
2026/07/19 10:29:19.964, 2055 MHz, 67, 11.19 W, 0 %, 0 %
2026/07/19 10:29:20.165, 2055 MHz, 67, 13.43 W, 0 %, 0 %
2026/07/19 10:29:20.366, 2055 MHz, 67, 13.43 W, 0 %, 0 %
2026/07/19 10:29:20.580, 2055 MHz, 48, 1.20 W, 0 %, 0 %
2026/07/19 10:29:21.088, 2055 MHz, 67, 11.05 W, 0 %, 0 %
2026/07/19 10:29:21.294, 2055 MHz, 67, 11.05 W, 0 %, 0 %
2026/07/19 10:29:21.495, 2055 MHz, 67, 13.50 W, 0 %, 0 %
2026/07/19 10:29:21.701, 2055 MHz, 67, 13.50 W, 0 %, 0 %
2026/07/19 10:29:21.915, 2055 MHz, 67, 13.50 W, 0 %, 0 %
2026/07/19 10:29:22.125, 2055 MHz, 67, 13.52 W, 0 %, 0 %
2026/07/19 10:29:22.335, 2055 MHz, 67, 13.52 W, 0 %, 0 %
2026/07/19 10:29:22.542, 2055 MHz, 67, 13.45 W, 0 %, 0 %
2026/07/19 10:29:22.755, 2055 MHz, 67, 13.45 W, 0 %, 0 %
2026/07/19 10:29:22.957, 2055 MHz, 67, 13.45 W, 0 %, 0 %
2026/07/19 10:29:23.161, 2055 MHz, 67, 13.45 W, 0 %, 0 %
2026/07/19 10:29:23.368, 2055 MHz, 67, 13.45 W, 0 %, 0 %
2026/07/19 10:29:23.571, 2055 MHz, 67, 13.41 W, 0 %, 0 %
2026/07/19 10:29:23.774, 2055 MHz, 67, 13.41 W, 0 %, 0 %
2026/07/19 10:29:23.985, 2055 MHz, 67, 13.40 W, 0 %, 0 %
2026/07/19 10:29:24.192, 2055 MHz, 48, 1.20 W, 0 %, 0 %
2026/07/19 10:29:24.918, 2055 MHz, 67, 12.13 W, 0 %, 0 %
2026/07/19 10:29:25.133, 2055 MHz, 67, 12.13 W, 0 %, 0 %
2026/07/19 10:29:25.334, 2055 MHz, 67, 13.53 W, 0 %, 0 %
2026/07/19 10:29:25.539, 2055 MHz, 67, 13.53 W, 0 %, 0 %
2026/07/19 10:29:25.749, 2055 MHz, 67, 13.53 W, 0 %, 0 %
2026/07/19 10:29:25.959, 2055 MHz, 48, 1.20 W, 0 %, 0 %
2026/07/19 10:29:26.635, 2055 MHz, 67, 10.88 W, 0 %, 0 %
2026/07/19 10:29:26.843, 2055 MHz, 48, 1.20 W, 0 %, 0 %
2026/07/19 10:29:27.502, 2055 MHz, 67, 14.28 W, 0 %, 0 %
2026/07/19 10:29:27.705, 2055 MHz, 48, 1.20 W, 0 %, 0 %
2026/07/19 10:29:28.399, 2055 MHz, 67, 11.05 W, 0 %, 0 %
2026/07/19 10:29:28.603, 2055 MHz, 67, 11.05 W, 0 %, 0 %
2026/07/19 10:29:28.805, 2055 MHz, 67, 13.56 W, 0 %, 0 %
2026/07/19 10:29:29.016, 1380 MHz, 48, 590.01 W, 0 %, 0 %
2026/07/19 10:29:29.644, 2055 MHz, 67, 12.58 W, 0 %, 0 %
2026/07/19 10:29:29.858, 2055 MHz, 67, 12.58 W, 0 %, 0 %
2026/07/19 10:29:30.059, 2055 MHz, 67, 13.45 W, 0 %, 0 %
2026/07/19 10:29:30.261, 2055 MHz, 67, 13.45 W, 0 %, 0 %
2026/07/19 10:29:30.474, 2055 MHz, 67, 13.45 W, 0 %, 0 %
2026/07/19 10:29:30.675, 2055 MHz, 67, 13.38 W, 0 %, 0 %
2026/07/19 10:29:30.875, 2055 MHz, 67, 13.38 W, 0 %, 0 %
2026/07/19 10:29:31.080, 2055 MHz, 67, 13.47 W, 0 %, 0 %
2026/07/19 10:29:31.283, 2055 MHz, 67, 13.47 W, 0 %, 0 %
2026/07/19 10:29:31.484, 2055 MHz, 67, 13.47 W, 0 %, 0 %
2026/07/19 10:29:31.693, 2055 MHz, 67, 13.49 W, 0 %, 0 %
2026/07/19 10:29:31.894, 2055 MHz, 67, 13.49 W, 0 %, 0 %
2026/07/19 10:29:32.098, 2055 MHz, 67, 13.42 W, 0 %, 0 %
2026/07/19 10:29:32.300, 2055 MHz, 67, 13.42 W, 0 %, 0 %
2026/07/19 10:29:32.506, 2055 MHz, 67, 13.41 W, 0 %, 0 %
2026/07/19 10:29:32.714, 2055 MHz, 67, 13.41 W, 0 %, 0 %
2026/07/19 10:29:32.921, 2055 MHz, 67, 13.41 W, 0 %, 0 %
2026/07/19 10:29:33.122, 2055 MHz, 67, 13.42 W, 0 %, 0 %
2026/07/19 10:29:33.335, 2055 MHz, 48, 1.20 W, 0 %, 0 %
2026/07/19 10:29:33.994, 2055 MHz, 67, 14.50 W, 0 %, 0 %
2026/07/19 10:29:34.195, 2055 MHz, 67, 14.50 W, 0 %, 0 %
2026/07/19 10:29:34.411, 2055 MHz, 67, 13.36 W, 0 %, 0 %
2026/07/19 10:29:34.620, 2055 MHz, 67, 13.36 W, 0 %, 0 %
2026/07/19 10:29:34.834, 2055 MHz, 67, 13.36 W, 0 %, 0 %
2026/07/19 10:29:35.042, 2055 MHz, 67, 13.49 W, 0 %, 0 %
2026/07/19 10:29:35.257, 2055 MHz, 67, 13.49 W, 0 %, 0 %
2026/07/19 10:29:35.459, 2055 MHz, 67, 13.37 W, 0 %, 0 %
2026/07/19 10:29:35.673, 2055 MHz, 67, 13.37 W, 0 %, 0 %
2026/07/19 10:29:35.880, 2055 MHz, 67, 13.36 W, 0 %, 0 %
2026/07/19 10:29:36.082, 2055 MHz, 67, 13.36 W, 0 %, 0 %
2026/07/19 10:29:36.285, 2055 MHz, 67, 13.36 W, 0 %, 0 %
2026/07/19 10:29:36.487, 2055 MHz, 67, 13.39 W, 0 %, 0 %
2026/07/19 10:29:36.690, 2055 MHz, 67, 13.39 W, 0 %, 0 %
2026/07/19 10:29:36.892, 2055 MHz, 67, 13.40 W, 0 %, 0 %
2026/07/19 10:29:37.102, 2055 MHz, 67, 13.40 W, 0 %, 0 %
2026/07/19 10:29:37.318, 2055 MHz, 67, 13.40 W, 0 %, 0 %
2026/07/19 10:29:37.532, 1380 MHz, 48, 590.01 W, 0 %, 0 %
2026/07/19 10:29:38.147, 2055 MHz, 67, 12.83 W, 0 %, 0 %
2026/07/19 10:29:38.354, 2055 MHz, 67, 12.83 W, 0 %, 0 %
2026/07/19 10:29:38.562, 2055 MHz, 67, 13.37 W, 0 %, 0 %
2026/07/19 10:29:38.770, 2055 MHz, 67, 13.37 W, 0 %, 0 %
2026/07/19 10:29:38.978, 2055 MHz, 67, 13.37 W, 0 %, 0 %
2026/07/19 10:29:39.181, 2055 MHz, 67, 13.37 W, 0 %, 0 %
2026/07/19 10:29:39.391, 2055 MHz, 67, 13.37 W, 0 %, 0 %
2026/07/19 10:29:39.601, 2055 MHz, 67, 13.46 W, 0 %, 0 %
2026/07/19 10:29:39.806, 2055 MHz, 67, 13.46 W, 0 %, 0 %
2026/07/19 10:29:40.012, 2055 MHz, 67, 13.61 W, 0 %, 0 %
2026/07/19 10:29:40.223, 2055 MHz, 67, 13.61 W, 0 %, 0 %
2026/07/19 10:29:40.425, 2055 MHz, 67, 13.61 W, 0 %, 0 %
2026/07/19 10:29:40.626, 2055 MHz, 67, 13.40 W, 0 %, 0 %
2026/07/19 10:29:40.832, 2055 MHz, 67, 13.40 W, 0 %, 0 %
2026/07/19 10:29:41.034, 2055 MHz, 67, 13.42 W, 0 %, 0 %
2026/07/19 10:29:41.246, 2055 MHz, 67, 13.42 W, 0 %, 0 %
2026/07/19 10:29:41.455, 2055 MHz, 67, 13.42 W, 0 %, 0 %
2026/07/19 10:29:41.657, 2055 MHz, 48, 1.20 W, 0 %, 0 %
2026/07/19 10:29:42.293, 2055 MHz, 67, 12.31 W, 0 %, 0 %
2026/07/19 10:29:42.507, 2055 MHz, 67, 12.31 W, 0 %, 0 %
2026/07/19 10:29:42.712, 2055 MHz, 67, 13.44 W, 0 %, 0 %
2026/07/19 10:29:42.923, 2055 MHz, 67, 13.44 W, 0 %, 0 %
2026/07/19 10:29:43.139, 2055 MHz, 67, 13.44 W, 0 %, 0 %
2026/07/19 10:29:43.345, 2055 MHz, 67, 13.44 W, 0 %, 0 %
2026/07/19 10:29:43.550, 2055 MHz, 67, 13.44 W, 0 %, 0 %
2026/07/19 10:29:43.754, 2055 MHz, 67, 13.44 W, 0 %, 0 %
2026/07/19 10:29:43.954, 2055 MHz, 67, 13.44 W, 0 %, 0 %
2026/07/19 10:29:44.157, 2055 MHz, 67, 13.44 W, 0 %, 0 %
2026/07/19 10:29:44.361, 2055 MHz, 67, 13.43 W, 0 %, 0 %
2026/07/19 10:29:44.574, 2055 MHz, 67, 13.43 W, 0 %, 0 %
2026/07/19 10:29:44.782, 2055 MHz, 67, 13.45 W, 0 %, 0 %
2026/07/19 10:29:44.990, 2055 MHz, 67, 13.45 W, 0 %, 0 %
2026/07/19 10:29:45.197, 2055 MHz, 67, 13.45 W, 0 %, 0 %
2026/07/19 10:29:45.399, 2055 MHz, 67, 13.45 W, 0 %, 0 %
2026/07/19 10:29:45.611, 2055 MHz, 67, 13.45 W, 0 %, 0 %
2026/07/19 10:29:45.812, 2055 MHz, 67, 13.42 W, 0 %, 0 %
2026/07/19 10:29:46.015, 2055 MHz, 67, 13.42 W, 0 %, 0 %
2026/07/19 10:29:46.216, 2055 MHz, 67, 13.40 W, 0 %, 0 %
2026/07/19 10:29:46.419, 2055 MHz, 67, 13.40 W, 0 %, 0 %
2026/07/19 10:29:46.628, 2055 MHz, 67, 13.40 W, 0 %, 0 %
2026/07/19 10:29:46.831, 2055 MHz, 67, 13.40 W, 0 %, 0 %
2026/07/19 10:29:47.034, 2055 MHz, 67, 13.40 W, 0 %, 0 %
2026/07/19 10:29:47.249, 2055 MHz, 67, 13.42 W, 0 %, 0 %
2026/07/19 10:29:47.455, 2055 MHz, 67, 13.42 W, 0 %, 0 %
2026/07/19 10:29:47.661, 2055 MHz, 67, 13.43 W, 0 %, 0 %
2026/07/19 10:29:47.873, 2055 MHz, 67, 13.43 W, 0 %, 0 %
2026/07/19 10:29:48.075, 2055 MHz, 67, 13.43 W, 0 %, 0 %
2026/07/19 10:29:48.282, 2055 MHz, 67, 13.43 W, 0 %, 0 %
2026/07/19 10:29:48.491, 2055 MHz, 67, 13.43 W, 0 %, 0 %
2026/07/19 10:29:48.695, 2055 MHz, 67, 13.44 W, 0 %, 0 %
2026/07/19 10:29:48.903, 2055 MHz, 67, 13.44 W, 0 %, 0 %
2026/07/19 10:29:49.104, 2055 MHz, 67, 13.44 W, 0 %, 0 %
2026/07/19 10:29:49.308, 2055 MHz, 48, 1.20 W, 0 %, 0 %
2026/07/19 10:29:49.965, 2055 MHz, 67, 10.82 W, 0 %, 0 %
2026/07/19 10:29:50.166, 2055 MHz, 67, 10.82 W, 0 %, 0 %
2026/07/19 10:29:50.370, 2055 MHz, 67, 13.50 W, 0 %, 0 %
2026/07/19 10:29:50.575, 1380 MHz, 48, 15.62 W, 0 %, 0 %
2026/07/19 10:29:51.202, 2055 MHz, 67, 10.93 W, 0 %, 0 %
2026/07/19 10:29:51.414, 2055 MHz, 67, 10.93 W, 0 %, 0 %
2026/07/19 10:29:51.618, 2055 MHz, 67, 13.49 W, 0 %, 0 %
2026/07/19 10:29:51.827, 2055 MHz, 67, 13.49 W, 0 %, 0 %
2026/07/19 10:29:52.028, 2055 MHz, 67, 13.49 W, 0 %, 0 %
2026/07/19 10:29:52.239, 2055 MHz, 67, 13.61 W, 0 %, 0 %
2026/07/19 10:29:52.452, 2055 MHz, 67, 13.61 W, 0 %, 0 %
2026/07/19 10:29:52.653, 2055 MHz, 67, 13.43 W, 0 %, 0 %
2026/07/19 10:29:52.855, 2055 MHz, 67, 13.43 W, 0 %, 0 %
2026/07/19 10:29:53.061, 2055 MHz, 67, 13.43 W, 0 %, 0 %
2026/07/19 10:29:53.270, 2055 MHz, 67, 13.43 W, 0 %, 0 %
2026/07/19 10:29:53.472, 2055 MHz, 48, 1.20 W, 0 %, 0 %
2026/07/19 10:29:54.058, 2055 MHz, 67, 10.94 W, 0 %, 0 %
2026/07/19 10:29:54.263, 2055 MHz, 67, 10.94 W, 0 %, 0 %
2026/07/19 10:29:54.472, 2055 MHz, 67, 13.49 W, 0 %, 0 %
2026/07/19 10:29:54.685, 2055 MHz, 67, 13.49 W, 0 %, 0 %
2026/07/19 10:29:54.896, 2055 MHz, 67, 13.49 W, 0 %, 0 %
2026/07/19 10:29:55.106, 2055 MHz, 67, 13.42 W, 0 %, 0 %
2026/07/19 10:29:55.314, 2055 MHz, 67, 13.42 W, 0 %, 0 %
2026/07/19 10:29:55.524, 2055 MHz, 67, 13.43 W, 0 %, 0 %
2026/07/19 10:29:55.728, 2055 MHz, 67, 13.43 W, 0 %, 0 %
2026/07/19 10:29:55.933, 2055 MHz, 67, 13.44 W, 0 %, 0 %
2026/07/19 10:29:56.144, 2055 MHz, 67, 13.44 W, 0 %, 0 %
2026/07/19 10:29:56.350, 2055 MHz, 48, 1.20 W, 0 %, 0 %
2026/07/19 10:29:56.901, 2055 MHz, 67, 10.81 W, 0 %, 0 %
2026/07/19 10:29:57.104, 2055 MHz, 67, 10.81 W, 0 %, 0 %
2026/07/19 10:29:57.310, 2055 MHz, 48, 1.20 W, 0 %, 0 %
2026/07/19 10:29:57.868, 2055 MHz, 67, 12.68 W, 0 %, 0 %
2026/07/19 10:29:58.081, 2055 MHz, 48, 1.20 W, 0 %, 0 %
2026/07/19 10:29:58.758, 2055 MHz, 67, 12.13 W, 0 %, 0 %
2026/07/19 10:29:58.960, 2055 MHz, 67, 12.13 W, 0 %, 0 %
2026/07/19 10:29:59.169, 2055 MHz, 67, 13.51 W, 0 %, 0 %
2026/07/19 10:29:59.377, 1380 MHz, 48, 590.01 W, 0 %, 0 %
2026/07/19 10:30:00.000, 2055 MHz, 67, 12.64 W, 0 %, 0 %
2026/07/19 10:30:00.204, 2055 MHz, 67, 12.64 W, 0 %, 0 %
2026/07/19 10:30:00.411, 2055 MHz, 67, 13.43 W, 0 %, 0 %
2026/07/19 10:30:00.613, 2055 MHz, 67, 13.43 W, 0 %, 0 %
2026/07/19 10:30:00.815, 2055 MHz, 67, 13.43 W, 0 %, 0 %
2026/07/19 10:30:01.024, 2055 MHz, 67, 13.41 W, 0 %, 0 %
2026/07/19 10:30:01.227, 2055 MHz, 67, 13.41 W, 0 %, 0 %
2026/07/19 10:30:01.433, 2055 MHz, 67, 13.41 W, 0 %, 0 %
2026/07/19 10:30:01.635, 2055 MHz, 67, 13.41 W, 0 %, 0 %
2026/07/19 10:30:01.844, 2055 MHz, 48, 1.20 W, 0 %, 0 %
2026/07/19 10:30:02.521, 2055 MHz, 67, 11.04 W, 0 %, 0 %
2026/07/19 10:30:02.735, 2055 MHz, 67, 11.04 W, 0 %, 0 %
2026/07/19 10:30:02.937, 2055 MHz, 67, 13.42 W, 0 %, 0 %
2026/07/19 10:30:03.151, 2055 MHz, 67, 13.42 W, 0 %, 0 %
2026/07/19 10:30:03.364, 2055 MHz, 67, 13.42 W, 0 %, 0 %
2026/07/19 10:30:03.566, 2055 MHz, 67, 13.71 W, 0 %, 0 %
2026/07/19 10:30:03.775, 2055 MHz, 67, 13.71 W, 0 %, 0 %
2026/07/19 10:30:03.981, 2055 MHz, 67, 13.58 W, 0 %, 0 %
2026/07/19 10:30:04.193, 2055 MHz, 67, 13.58 W, 0 %, 0 %
2026/07/19 10:30:04.393, 2055 MHz, 67, 13.69 W, 0 %, 0 %
2026/07/19 10:30:04.595, 2055 MHz, 67, 13.69 W, 0 %, 0 %
2026/07/19 10:30:04.797, 2055 MHz, 67, 13.69 W, 0 %, 0 %
2026/07/19 10:30:05.001, 2055 MHz, 67, 13.41 W, 0 %, 0 %
2026/07/19 10:30:05.212, 2055 MHz, 67, 13.41 W, 0 %, 0 %
2026/07/19 10:30:05.419, 2055 MHz, 67, 13.41 W, 0 %, 0 %
2026/07/19 10:30:05.622, 2055 MHz, 67, 13.41 W, 0 %, 0 %
2026/07/19 10:30:05.824, 2055 MHz, 67, 13.41 W, 0 %, 0 %
2026/07/19 10:30:06.025, 2055 MHz, 67, 13.93 W, 0 %, 0 %
2026/07/19 10:30:06.230, 2055 MHz, 67, 13.93 W, 0 %, 0 %
2026/07/19 10:30:06.442, 2055 MHz, 67, 13.40 W, 0 %, 0 %
2026/07/19 10:30:06.649, 2055 MHz, 67, 13.40 W, 0 %, 0 %
2026/07/19 10:30:06.855, 2055 MHz, 48, 1.20 W, 0 %, 0 %
2026/07/19 10:30:07.490, 2055 MHz, 67, 10.99 W, 0 %, 0 %
2026/07/19 10:30:07.692, 2055 MHz, 48, 1.20 W, 0 %, 0 %
2026/07/19 10:30:08.352, 2055 MHz, 67, 12.53 W, 0 %, 0 %
2026/07/19 10:30:08.556, 2055 MHz, 67, 12.53 W, 0 %, 0 %
2026/07/19 10:30:08.763, 2055 MHz, 67, 13.46 W, 0 %, 0 %
2026/07/19 10:30:08.964, 2055 MHz, 67, 13.46 W, 0 %, 0 %
2026/07/19 10:30:09.169, 2055 MHz, 67, 13.46 W, 0 %, 0 %
2026/07/19 10:30:09.370, 2055 MHz, 67, 13.37 W, 0 %, 0 %
2026/07/19 10:30:09.585, 2055 MHz, 67, 13.37 W, 0 %, 0 %
2026/07/19 10:30:09.794, 2055 MHz, 67, 13.38 W, 0 %, 0 %
2026/07/19 10:30:09.999, 2055 MHz, 67, 13.38 W, 0 %, 0 %
2026/07/19 10:30:10.207, 2055 MHz, 67, 13.38 W, 0 %, 0 %
2026/07/19 10:30:10.409, 2055 MHz, 67, 13.38 W, 0 %, 0 %
2026/07/19 10:30:10.610, 2055 MHz, 67, 13.38 W, 0 %, 0 %
2026/07/19 10:30:10.818, 2055 MHz, 67, 13.45 W, 0 %, 0 %
2026/07/19 10:30:11.023, 2055 MHz, 67, 13.45 W, 0 %, 0 %
2026/07/19 10:30:11.236, 2055 MHz, 67, 13.40 W, 0 %, 0 %
2026/07/19 10:30:11.438, 2055 MHz, 67, 13.40 W, 0 %, 0 %
2026/07/19 10:30:11.644, 2055 MHz, 67, 13.40 W, 0 %, 0 %
2026/07/19 10:30:11.853, 2055 MHz, 67, 13.40 W, 0 %, 0 %
2026/07/19 10:30:12.063, 2055 MHz, 67, 13.40 W, 0 %, 0 %
2026/07/19 10:30:12.272, 2055 MHz, 67, 13.40 W, 0 %, 0 %
2026/07/19 10:30:12.486, 2055 MHz, 67, 13.40 W, 0 %, 0 %
2026/07/19 10:30:12.691, 2055 MHz, 67, 13.40 W, 0 %, 0 %
2026/07/19 10:30:12.902, 2055 MHz, 67, 13.48 W, 1 %, 0 %
2026/07/19 10:30:13.108, 2055 MHz, 67, 13.48 W, 1 %, 0 %
2026/07/19 10:30:13.312, 2055 MHz, 67, 13.99 W, 31 %, 6 %
2026/07/19 10:30:13.515, 2055 MHz, 67, 13.99 W, 31 %, 6 %
2026/07/19 10:30:13.716, 2055 MHz, 67, 13.99 W, 31 %, 6 %
2026/07/19 10:30:13.918, 2055 MHz, 68, 15.75 W, 34 %, 7 %
2026/07/19 10:30:14.128, 2055 MHz, 68, 15.75 W, 34 %, 7 %
2026/07/19 10:30:14.339, 2055 MHz, 68, 17.51 W, 28 %, 5 %
2026/07/19 10:30:14.544, 2055 MHz, 68, 17.51 W, 28 %, 5 %
2026/07/19 10:30:14.755, 2055 MHz, 68, 18.81 W, 39 %, 9 %
2026/07/19 10:30:14.964, 2055 MHz, 68, 18.81 W, 39 %, 9 %
2026/07/19 10:30:15.173, 2055 MHz, 68, 18.81 W, 39 %, 9 %
2026/07/19 10:30:15.377, 2055 MHz, 69, 26.82 W, 52 %, 16 %
2026/07/19 10:30:15.587, 2055 MHz, 69, 26.82 W, 52 %, 16 %
2026/07/19 10:30:15.795, 2670 MHz, 71, 35.88 W, 49 %, 11 %
2026/07/19 10:30:16.002, 2670 MHz, 71, 35.88 W, 49 %, 11 %
2026/07/19 10:30:16.204, 2670 MHz, 71, 35.88 W, 49 %, 11 %
2026/07/19 10:30:16.408, 2670 MHz, 70, 31.63 W, 38 %, 5 %
2026/07/19 10:30:16.623, 2670 MHz, 70, 31.63 W, 38 %, 5 %
2026/07/19 10:30:16.824, 2670 MHz, 72, 42.61 W, 79 %, 15 %
2026/07/19 10:30:17.039, 2670 MHz, 72, 42.61 W, 79 %, 15 %
2026/07/19 10:30:17.248, 2670 MHz, 72, 37.93 W, 62 %, 11 %
2026/07/19 10:30:17.450, 2670 MHz, 72, 37.93 W, 62 %, 11 %
2026/07/19 10:30:17.651, 2670 MHz, 72, 37.93 W, 62 %, 11 %
2026/07/19 10:30:17.852, 2670 MHz, 72, 33.99 W, 65 %, 9 %
2026/07/19 10:30:18.065, 2670 MHz, 72, 33.99 W, 65 %, 9 %
2026/07/19 10:30:18.275, 2670 MHz, 71, 32.86 W, 57 %, 3 %
2026/07/19 10:30:18.490, 2670 MHz, 71, 32.86 W, 57 %, 3 %
2026/07/19 10:30:18.705, 2670 MHz, 71, 32.86 W, 57 %, 3 %
2026/07/19 10:30:18.916, 2670 MHz, 71, 30.18 W, 64 %, 3 %
2026/07/19 10:30:19.121, 2670 MHz, 71, 30.18 W, 64 %, 3 %
2026/07/19 10:30:19.330, 2670 MHz, 76, 54.10 W, 100 %, 27 %
2026/07/19 10:30:19.544, 2670 MHz, 76, 54.10 W, 100 %, 27 %
2026/07/19 10:30:19.749, 2670 MHz, 75, 50.24 W, 100 %, 21 %
2026/07/19 10:30:19.953, 2670 MHz, 75, 50.24 W, 100 %, 21 %
2026/07/19 10:30:20.154, 2670 MHz, 75, 50.24 W, 100 %, 21 %
2026/07/19 10:30:20.363, 2670 MHz, 73, 45.54 W, 100 %, 14 %
2026/07/19 10:30:20.566, 2670 MHz, 73, 45.54 W, 100 %, 14 %
2026/07/19 10:30:20.767, 2670 MHz, 73, 48.51 W, 100 %, 12 %
2026/07/19 10:30:20.968, 2670 MHz, 73, 48.51 W, 100 %, 12 %
2026/07/19 10:30:21.183, 2670 MHz, 73, 48.51 W, 100 %, 12 %
2026/07/19 10:30:21.386, 2490 MHz, 77, 65.94 W, 99 %, 44 %
2026/07/19 10:30:21.587, 2490 MHz, 77, 65.94 W, 99 %, 44 %
2026/07/19 10:30:21.788, 2670 MHz, 75, 55.00 W, 100 %, 23 %
2026/07/19 10:30:21.999, 2670 MHz, 75, 55.00 W, 100 %, 23 %
2026/07/19 10:30:22.201, 2670 MHz, 75, 55.00 W, 100 %, 23 %
2026/07/19 10:30:22.408, 2670 MHz, 75, 40.30 W, 100 %, 16 %
2026/07/19 10:30:22.622, 2670 MHz, 75, 40.30 W, 100 %, 16 %
2026/07/19 10:30:22.831, 2670 MHz, 74, 43.41 W, 100 %, 15 %
2026/07/19 10:30:23.034, 2670 MHz, 74, 43.41 W, 100 %, 15 %
2026/07/19 10:30:23.242, 2670 MHz, 73, 42.28 W, 100 %, 12 %
2026/07/19 10:30:23.448, 2670 MHz, 73, 42.28 W, 100 %, 12 %
2026/07/19 10:30:23.654, 2670 MHz, 73, 42.28 W, 100 %, 12 %
2026/07/19 10:30:23.863, 2670 MHz, 76, 54.65 W, 100 %, 34 %
2026/07/19 10:30:24.077, 2670 MHz, 76, 54.65 W, 100 %, 34 %
2026/07/19 10:30:24.279, 2670 MHz, 75, 60.47 W, 100 %, 18 %
2026/07/19 10:30:24.487, 2670 MHz, 75, 60.47 W, 100 %, 18 %
2026/07/19 10:30:24.689, 2670 MHz, 75, 60.47 W, 100 %, 18 %
2026/07/19 10:30:24.891, 2670 MHz, 74, 46.49 W, 100 %, 19 %
2026/07/19 10:30:25.094, 2670 MHz, 74, 46.49 W, 100 %, 19 %
2026/07/19 10:30:25.295, 2670 MHz, 74, 38.19 W, 100 %, 8 %
2026/07/19 10:30:25.496, 2670 MHz, 74, 38.19 W, 100 %, 8 %
2026/07/19 10:30:25.703, 2670 MHz, 74, 38.19 W, 100 %, 8 %
2026/07/19 10:30:25.906, 2550 MHz, 78, 64.15 W, 90 %, 41 %
2026/07/19 10:30:26.109, 2550 MHz, 78, 64.15 W, 90 %, 41 %
2026/07/19 10:30:26.323, 2670 MHz, 76, 51.93 W, 94 %, 18 %
2026/07/19 10:30:26.526, 2670 MHz, 76, 51.93 W, 94 %, 18 %
2026/07/19 10:30:26.741, 2670 MHz, 76, 45.61 W, 94 %, 15 %
2026/07/19 10:30:26.941, 2670 MHz, 76, 45.61 W, 94 %, 15 %
2026/07/19 10:30:27.145, 2670 MHz, 76, 45.61 W, 94 %, 15 %
2026/07/19 10:30:27.349, 2670 MHz, 75, 42.98 W, 95 %, 12 %
2026/07/19 10:30:27.550, 2670 MHz, 75, 42.98 W, 95 %, 12 %
2026/07/19 10:30:27.761, 2670 MHz, 74, 41.25 W, 95 %, 12 %
2026/07/19 10:30:27.964, 2670 MHz, 74, 41.25 W, 95 %, 12 %
2026/07/19 10:30:28.174, 2670 MHz, 74, 41.25 W, 95 %, 12 %
2026/07/19 10:30:28.376, 2670 MHz, 72, 24.48 W, 3 %, 0 %
2026/07/19 10:30:28.578, 2670 MHz, 72, 24.48 W, 3 %, 0 %
2026/07/19 10:30:28.779, 2670 MHz, 71, 20.60 W, 0 %, 0 %
2026/07/19 10:30:28.980, 2670 MHz, 71, 20.60 W, 0 %, 0 %
2026/07/19 10:30:29.186, 2670 MHz, 71, 20.60 W, 0 %, 0 %
2026/07/19 10:30:29.389, 2670 MHz, 71, 20.70 W, 0 %, 0 %
2026/07/19 10:30:29.595, 2670 MHz, 71, 20.70 W, 0 %, 0 %
2026/07/19 10:30:29.798, 2055 MHz, 48, 1.20 W, 0 %, 0 %
2026/07/19 10:30:30.396, 2055 MHz, 69, 11.27 W, 0 %, 0 %
2026/07/19 10:30:30.600, 2055 MHz, 69, 11.27 W, 0 %, 0 %
2026/07/19 10:30:30.807, 2055 MHz, 69, 13.77 W, 0 %, 0 %
2026/07/19 10:30:31.009, 2055 MHz, 69, 13.77 W, 0 %, 0 %
2026/07/19 10:30:31.212, 2055 MHz, 69, 13.77 W, 0 %, 0 %
2026/07/19 10:30:31.419, 2055 MHz, 48, 1.20 W, 0 %, 0 %
2026/07/19 10:30:32.013, 2055 MHz, 69, 11.31 W, 0 %, 0 %
2026/07/19 10:30:32.217, 2055 MHz, 69, 11.31 W, 0 %, 0 %
2026/07/19 10:30:32.427, 2055 MHz, 69, 13.69 W, 0 %, 0 %
2026/07/19 10:30:32.633, 2055 MHz, 69, 13.69 W, 0 %, 0 %
2026/07/19 10:30:32.844, 2055 MHz, 69, 13.69 W, 0 %, 0 %
2026/07/19 10:30:33.048, 2055 MHz, 69, 13.67 W, 0 %, 0 %
2026/07/19 10:30:33.254, 1365 MHz, 48, 15.89 W, 0 %, 0 %
2026/07/19 10:30:33.873, 2055 MHz, 69, 11.39 W, 0 %, 0 %
2026/07/19 10:30:34.078, 2055 MHz, 69, 11.39 W, 0 %, 0 %
2026/07/19 10:30:34.290, 2055 MHz, 69, 13.66 W, 0 %, 0 %
2026/07/19 10:30:34.494, 2055 MHz, 69, 13.66 W, 0 %, 0 %
2026/07/19 10:30:34.697, 2055 MHz, 69, 13.66 W, 0 %, 0 %
2026/07/19 10:30:34.899, 2055 MHz, 69, 13.65 W, 0 %, 0 %
2026/07/19 10:30:35.102, 2055 MHz, 69, 13.65 W, 0 %, 0 %
2026/07/19 10:30:35.306, 2055 MHz, 69, 13.64 W, 0 %, 0 %
2026/07/19 10:30:35.513, 2055 MHz, 69, 13.64 W, 0 %, 0 %
2026/07/19 10:30:35.714, 2055 MHz, 69, 13.64 W, 0 %, 0 %
2026/07/19 10:30:35.926, 2055 MHz, 69, 14.89 W, 0 %, 0 %
2026/07/19 10:30:36.135, 2055 MHz, 69, 14.89 W, 0 %, 0 %
2026/07/19 10:30:36.336, 2055 MHz, 69, 13.66 W, 0 %, 0 %
2026/07/19 10:30:36.550, 2055 MHz, 69, 13.66 W, 0 %, 0 %
2026/07/19 10:30:36.753, 2055 MHz, 69, 13.65 W, 0 %, 0 %
2026/07/19 10:30:36.954, 2055 MHz, 69, 13.65 W, 0 %, 0 %
2026/07/19 10:30:37.161, 2055 MHz, 69, 13.65 W, 0 %, 0 %
2026/07/19 10:30:37.362, 2055 MHz, 69, 13.65 W, 0 %, 0 %
2026/07/19 10:30:37.565, 2055 MHz, 69, 13.65 W, 0 %, 0 %
2026/07/19 10:30:37.770, 2055 MHz, 69, 13.64 W, 0 %, 0 %
2026/07/19 10:30:37.977, 2055 MHz, 69, 13.64 W, 0 %, 0 %
2026/07/19 10:30:38.185, 2055 MHz, 69, 13.64 W, 0 %, 0 %
2026/07/19 10:30:38.399, 2055 MHz, 69, 13.64 W, 0 %, 0 %
2026/07/19 10:30:38.606, 2055 MHz, 69, 13.64 W, 0 %, 0 %
2026/07/19 10:30:38.809, 2055 MHz, 48, 1.20 W, 0 %, 0 %
2026/07/19 10:30:39.437, 2055 MHz, 68, 12.27 W, 0 %, 0 %
2026/07/19 10:30:39.639, 2055 MHz, 68, 12.27 W, 0 %, 0 %
2026/07/19 10:30:39.848, 2055 MHz, 69, 14.27 W, 28 %, 3 %
2026/07/19 10:30:40.052, 2055 MHz, 69, 14.27 W, 28 %, 3 %
2026/07/19 10:30:40.257, 2055 MHz, 69, 14.27 W, 28 %, 3 %
2026/07/19 10:30:40.457, 2055 MHz, 69, 15.03 W, 32 %, 6 %
2026/07/19 10:30:40.661, 2055 MHz, 69, 15.03 W, 32 %, 6 %
2026/07/19 10:30:40.861, 2055 MHz, 69, 16.92 W, 30 %, 6 %
2026/07/19 10:30:41.076, 2055 MHz, 69, 16.92 W, 30 %, 6 %
2026/07/19 10:30:41.277, 2055 MHz, 69, 16.92 W, 30 %, 6 %
2026/07/19 10:30:41.479, 2055 MHz, 70, 18.75 W, 32 %, 7 %
2026/07/19 10:30:41.689, 2055 MHz, 70, 18.75 W, 32 %, 7 %
2026/07/19 10:30:41.904, 2055 MHz, 70, 20.18 W, 45 %, 13 %
2026/07/19 10:30:42.104, 2055 MHz, 70, 20.18 W, 45 %, 13 %
2026/07/19 10:30:42.319, 2670 MHz, 73, 28.04 W, 51 %, 11 %
2026/07/19 10:30:42.524, 2670 MHz, 73, 28.04 W, 51 %, 11 %
2026/07/19 10:30:42.727, 2670 MHz, 73, 28.04 W, 51 %, 11 %
2026/07/19 10:30:42.935, 2670 MHz, 73, 37.85 W, 69 %, 15 %
2026/07/19 10:30:43.146, 2670 MHz, 73, 37.85 W, 69 %, 15 %
2026/07/19 10:30:43.348, 2670 MHz, 75, 41.68 W, 73 %, 15 %
2026/07/19 10:30:43.558, 2670 MHz, 75, 41.68 W, 73 %, 15 %
2026/07/19 10:30:43.760, 2670 MHz, 75, 41.68 W, 73 %, 15 %
2026/07/19 10:30:43.960, 2670 MHz, 74, 39.23 W, 79 %, 11 %
2026/07/19 10:30:44.164, 2670 MHz, 74, 39.23 W, 79 %, 11 %
2026/07/19 10:30:44.365, 2670 MHz, 74, 39.05 W, 84 %, 11 %
2026/07/19 10:30:44.566, 2670 MHz, 74, 39.05 W, 84 %, 11 %
2026/07/19 10:30:44.767, 2670 MHz, 74, 39.05 W, 84 %, 11 %
2026/07/19 10:30:44.967, 2445 MHz, 77, 64.63 W, 94 %, 42 %
2026/07/19 10:30:45.180, 2445 MHz, 77, 64.63 W, 94 %, 42 %
2026/07/19 10:30:45.387, 2670 MHz, 76, 53.23 W, 86 %, 20 %
2026/07/19 10:30:45.588, 2670 MHz, 76, 53.23 W, 86 %, 20 %
2026/07/19 10:30:45.790, 2670 MHz, 76, 53.23 W, 86 %, 20 %
2026/07/19 10:30:45.990, 2670 MHz, 75, 50.76 W, 96 %, 20 %
2026/07/19 10:30:46.191, 2670 MHz, 75, 50.76 W, 96 %, 20 %
2026/07/19 10:30:46.392, 2670 MHz, 75, 47.02 W, 97 %, 13 %
2026/07/19 10:30:46.601, 2670 MHz, 75, 47.02 W, 97 %, 13 %
2026/07/19 10:30:46.808, 2445 MHz, 77, 49.66 W, 92 %, 31 %
2026/07/19 10:30:47.013, 2445 MHz, 77, 49.66 W, 92 %, 31 %
2026/07/19 10:30:47.225, 2445 MHz, 77, 49.66 W, 92 %, 31 %
2026/07/19 10:30:47.430, 2670 MHz, 77, 56.51 W, 96 %, 28 %
2026/07/19 10:30:47.632, 2670 MHz, 77, 56.51 W, 96 %, 28 %
2026/07/19 10:30:47.840, 2670 MHz, 77, 49.13 W, 97 %, 19 %
2026/07/19 10:30:48.043, 2670 MHz, 77, 49.13 W, 97 %, 19 %
2026/07/19 10:30:48.250, 2670 MHz, 77, 49.13 W, 97 %, 19 %
2026/07/19 10:30:48.452, 2670 MHz, 76, 47.92 W, 97 %, 16 %
2026/07/19 10:30:48.656, 2670 MHz, 76, 47.92 W, 97 %, 16 %
2026/07/19 10:30:48.869, 2670 MHz, 76, 42.36 W, 97 %, 11 %
2026/07/19 10:30:49.083, 2670 MHz, 76, 42.36 W, 97 %, 11 %
2026/07/19 10:30:49.285, 2670 MHz, 76, 42.36 W, 97 %, 11 %
2026/07/19 10:30:49.485, 2670 MHz, 78, 70.48 W, 96 %, 27 %
2026/07/19 10:30:49.700, 2670 MHz, 78, 70.48 W, 96 %, 27 %
2026/07/19 10:30:49.902, 2670 MHz, 77, 49.54 W, 96 %, 20 %
2026/07/19 10:30:50.105, 2670 MHz, 77, 49.54 W, 96 %, 20 %
2026/07/19 10:30:50.306, 2670 MHz, 76, 48.57 W, 97 %, 13 %
2026/07/19 10:30:50.508, 2670 MHz, 76, 48.57 W, 97 %, 13 %
2026/07/19 10:30:50.723, 2670 MHz, 76, 48.57 W, 97 %, 13 %
2026/07/19 10:30:50.925, 2670 MHz, 76, 43.23 W, 98 %, 13 %
2026/07/19 10:30:51.140, 2670 MHz, 76, 43.23 W, 98 %, 13 %
2026/07/19 10:30:51.348, 2550 MHz, 78, 63.92 W, 91 %, 39 %
2026/07/19 10:30:51.549, 2550 MHz, 78, 63.92 W, 91 %, 39 %
2026/07/19 10:30:51.750, 2550 MHz, 78, 63.92 W, 91 %, 39 %
2026/07/19 10:30:51.953, 2670 MHz, 77, 51.65 W, 95 %, 19 %
2026/07/19 10:30:52.154, 2670 MHz, 77, 51.65 W, 95 %, 19 %
2026/07/19 10:30:52.367, 2670 MHz, 76, 46.93 W, 95 %, 17 %
2026/07/19 10:30:52.570, 2670 MHz, 76, 46.93 W, 95 %, 17 %
2026/07/19 10:30:52.784, 2670 MHz, 76, 46.93 W, 95 %, 17 %
2026/07/19 10:30:52.987, 2670 MHz, 76, 47.37 W, 95 %, 12 %
2026/07/19 10:30:53.189, 2670 MHz, 76, 47.37 W, 95 %, 12 %
2026/07/19 10:30:53.391, 2670 MHz, 73, 35.43 W, 2 %, 0 %
2026/07/19 10:30:53.600, 2670 MHz, 73, 35.43 W, 2 %, 0 %
2026/07/19 10:30:53.808, 2670 MHz, 72, 22.33 W, 0 %, 0 %
2026/07/19 10:30:54.013, 2670 MHz, 72, 22.33 W, 0 %, 0 %
2026/07/19 10:30:54.224, 2670 MHz, 72, 22.33 W, 0 %, 0 %
2026/07/19 10:30:54.425, 2670 MHz, 72, 20.92 W, 0 %, 0 %
2026/07/19 10:30:54.628, 2670 MHz, 72, 20.92 W, 0 %, 0 %
2026/07/19 10:30:54.830, 2670 MHz, 72, 25.00 W, 0 %, 0 %
2026/07/19 10:30:55.042, 2055 MHz, 48, 1.20 W, 0 %, 0 %
2026/07/19 10:30:55.677, 2055 MHz, 70, 12.81 W, 0 %, 0 %
2026/07/19 10:30:55.892, 2055 MHz, 70, 12.81 W, 0 %, 0 %
2026/07/19 10:30:56.101, 2055 MHz, 70, 13.76 W, 0 %, 0 %
2026/07/19 10:30:56.317, 2055 MHz, 70, 13.76 W, 0 %, 0 %
2026/07/19 10:30:56.532, 2055 MHz, 70, 13.76 W, 0 %, 0 %
2026/07/19 10:30:56.732, 2055 MHz, 70, 13.87 W, 0 %, 0 %
2026/07/19 10:30:56.937, 2055 MHz, 70, 13.87 W, 0 %, 0 %
2026/07/19 10:30:57.139, 2055 MHz, 70, 13.71 W, 0 %, 0 %
2026/07/19 10:30:57.341, 2055 MHz, 70, 13.71 W, 0 %, 0 %
2026/07/19 10:30:57.555, 2055 MHz, 70, 13.80 W, 0 %, 0 %
2026/07/19 10:30:57.763, 2055 MHz, 70, 13.80 W, 0 %, 0 %
2026/07/19 10:30:57.966, 2055 MHz, 70, 13.80 W, 0 %, 0 %
2026/07/19 10:30:58.167, 2055 MHz, 48, 1.20 W, 0 %, 0 %
2026/07/19 10:30:58.724, 2055 MHz, 70, 11.36 W, 0 %, 0 %
2026/07/19 10:30:58.933, 2055 MHz, 70, 11.36 W, 0 %, 0 %
2026/07/19 10:30:59.141, 2055 MHz, 70, 13.76 W, 0 %, 0 %
2026/07/19 10:30:59.347, 2055 MHz, 70, 13.76 W, 0 %, 0 %
2026/07/19 10:30:59.553, 2055 MHz, 70, 13.76 W, 0 %, 0 %
2026/07/19 10:30:59.754, 2055 MHz, 70, 13.82 W, 0 %, 0 %
2026/07/19 10:30:59.959, 2055 MHz, 70, 13.82 W, 0 %, 0 %
2026/07/19 10:31:00.167, 2055 MHz, 70, 13.80 W, 0 %, 0 %
2026/07/19 10:31:00.369, 2055 MHz, 48, 1.20 W, 0 %, 0 %
2026/07/19 10:31:00.938, 2055 MHz, 69, 12.86 W, 0 %, 0 %
2026/07/19 10:31:01.139, 2055 MHz, 69, 12.86 W, 0 %, 0 %
2026/07/19 10:31:01.346, 2055 MHz, 70, 13.79 W, 0 %, 0 %
2026/07/19 10:31:01.558, 2055 MHz, 70, 13.79 W, 0 %, 0 %
2026/07/19 10:31:01.770, 2055 MHz, 70, 13.79 W, 0 %, 0 %
2026/07/19 10:31:01.978, 2055 MHz, 70, 13.77 W, 0 %, 0 %
2026/07/19 10:31:02.180, 2055 MHz, 70, 13.77 W, 0 %, 0 %
2026/07/19 10:31:02.381, 2055 MHz, 70, 13.75 W, 0 %, 0 %
2026/07/19 10:31:02.591, 2055 MHz, 70, 13.75 W, 0 %, 0 %
2026/07/19 10:31:02.795, 2055 MHz, 70, 13.75 W, 0 %, 0 %
2026/07/19 10:31:03.010, 2055 MHz, 70, 13.75 W, 0 %, 0 %
2026/07/19 10:31:03.213, 2055 MHz, 70, 13.75 W, 0 %, 0 %
2026/07/19 10:31:03.428, 2055 MHz, 48, 1.20 W, 0 %, 0 %
2026/07/19 10:31:04.153, 2055 MHz, 69, 12.85 W, 0 %, 0 %
2026/07/19 10:31:04.353, 2055 MHz, 69, 12.85 W, 0 %, 0 %
2026/07/19 10:31:04.554, 2055 MHz, 69, 13.78 W, 0 %, 0 %
2026/07/19 10:31:04.758, 2055 MHz, 69, 13.78 W, 0 %, 0 %
2026/07/19 10:31:04.970, 2055 MHz, 69, 13.78 W, 0 %, 0 %
2026/07/19 10:31:05.181, 2055 MHz, 69, 13.77 W, 0 %, 0 %
2026/07/19 10:31:05.382, 2055 MHz, 48, 1.20 W, 0 %, 0 %
2026/07/19 10:31:05.945, 2055 MHz, 69, 14.86 W, 0 %, 0 %
2026/07/19 10:31:06.149, 2055 MHz, 69, 14.86 W, 0 %, 0 %
2026/07/19 10:31:06.358, 2055 MHz, 69, 13.83 W, 0 %, 0 %
2026/07/19 10:31:06.562, 2055 MHz, 69, 13.83 W, 0 %, 0 %
2026/07/19 10:31:06.770, 2055 MHz, 69, 13.83 W, 0 %, 0 %
2026/07/19 10:31:06.975, 2055 MHz, 69, 13.77 W, 0 %, 0 %
2026/07/19 10:31:07.176, 2055 MHz, 69, 13.77 W, 0 %, 0 %
2026/07/19 10:31:07.383, 2055 MHz, 69, 13.87 W, 0 %, 0 %
2026/07/19 10:31:07.590, 2055 MHz, 69, 13.87 W, 0 %, 0 %
2026/07/19 10:31:07.792, 2055 MHz, 69, 13.87 W, 0 %, 0 %
2026/07/19 10:31:07.996, 2055 MHz, 69, 13.75 W, 0 %, 0 %
2026/07/19 10:31:08.203, 2055 MHz, 69, 13.75 W, 0 %, 0 %
2026/07/19 10:31:08.418, 2055 MHz, 69, 13.79 W, 0 %, 0 %
2026/07/19 10:31:08.627, 2055 MHz, 69, 13.79 W, 0 %, 0 %
2026/07/19 10:31:08.828, 2055 MHz, 69, 15.01 W, 0 %, 0 %
2026/07/19 10:31:09.028, 2055 MHz, 69, 15.01 W, 0 %, 0 %
2026/07/19 10:31:09.234, 2055 MHz, 69, 15.01 W, 0 %, 0 %
2026/07/19 10:31:09.438, 2055 MHz, 69, 13.81 W, 0 %, 0 %
2026/07/19 10:31:09.647, 2055 MHz, 69, 13.81 W, 0 %, 0 %
2026/07/19 10:31:09.855, 2055 MHz, 69, 13.73 W, 0 %, 0 %
2026/07/19 10:31:10.057, 2055 MHz, 69, 13.73 W, 0 %, 0 %
2026/07/19 10:31:10.261, 2055 MHz, 69, 13.73 W, 0 %, 0 %
2026/07/19 10:31:10.470, 2055 MHz, 48, 1.20 W, 0 %, 0 %
2026/07/19 10:31:11.090, 2055 MHz, 69, 12.50 W, 0 %, 0 %
2026/07/19 10:31:11.292, 2055 MHz, 69, 12.50 W, 0 %, 0 %
2026/07/19 10:31:11.494, 2055 MHz, 69, 13.81 W, 0 %, 0 %
2026/07/19 10:31:11.704, 2055 MHz, 69, 13.81 W, 0 %, 0 %
2026/07/19 10:31:11.914, 2055 MHz, 48, 1.20 W, 0 %, 0 %
2026/07/19 10:31:12.642, 2055 MHz, 69, 11.21 W, 0 %, 0 %
2026/07/19 10:31:12.846, 2055 MHz, 69, 11.21 W, 0 %, 0 %
2026/07/19 10:31:13.053, 2055 MHz, 69, 13.80 W, 0 %, 0 %
2026/07/19 10:31:13.260, 2055 MHz, 69, 13.80 W, 0 %, 0 %
2026/07/19 10:31:13.470, 2055 MHz, 69, 13.80 W, 0 %, 0 %
2026/07/19 10:31:13.673, 2055 MHz, 69, 13.71 W, 0 %, 0 %
2026/07/19 10:31:13.876, 2055 MHz, 69, 13.71 W, 0 %, 0 %
2026/07/19 10:31:14.078, 2055 MHz, 69, 13.75 W, 0 %, 0 %
2026/07/19 10:31:14.286, 2055 MHz, 69, 13.75 W, 0 %, 0 %
2026/07/19 10:31:14.491, 2055 MHz, 48, 1.20 W, 0 %, 0 %
2026/07/19 10:31:15.139, 2055 MHz, 69, 12.33 W, 0 %, 0 %
2026/07/19 10:31:15.348, 2055 MHz, 69, 12.33 W, 0 %, 0 %
2026/07/19 10:31:15.554, 2055 MHz, 48, 1.20 W, 0 %, 0 %
2026/07/19 10:31:16.086, 2055 MHz, 69, 12.91 W, 0 %, 0 %
2026/07/19 10:31:16.298, 2055 MHz, 69, 12.91 W, 0 %, 0 %
2026/07/19 10:31:16.509, 2055 MHz, 69, 13.86 W, 0 %, 0 %
2026/07/19 10:31:16.714, 2055 MHz, 69, 13.86 W, 0 %, 0 %
2026/07/19 10:31:16.921, 2055 MHz, 69, 13.86 W, 0 %, 0 %
2026/07/19 10:31:17.133, 2055 MHz, 69, 13.71 W, 0 %, 0 %
2026/07/19 10:31:17.342, 2055 MHz, 69, 13.71 W, 0 %, 0 %
2026/07/19 10:31:17.544, 2055 MHz, 69, 13.71 W, 0 %, 0 %
2026/07/19 10:31:17.746, 2055 MHz, 69, 13.71 W, 0 %, 0 %
2026/07/19 10:31:17.959, 2055 MHz, 69, 13.71 W, 0 %, 0 %
2026/07/19 10:31:18.164, 2055 MHz, 69, 13.74 W, 0 %, 0 %
2026/07/19 10:31:18.376, 2055 MHz, 69, 13.74 W, 0 %, 0 %
2026/07/19 10:31:18.578, 2055 MHz, 69, 13.73 W, 0 %, 0 %
2026/07/19 10:31:18.783, 2055 MHz, 69, 13.73 W, 0 %, 0 %
2026/07/19 10:31:18.994, 2055 MHz, 69, 13.71 W, 0 %, 0 %
2026/07/19 10:31:19.196, 2055 MHz, 48, 1.20 W, 0 %, 0 %
2026/07/19 10:31:19.879, 2055 MHz, 69, 11.19 W, 0 %, 0 %
2026/07/19 10:31:20.084, 2055 MHz, 48, 1.20 W, 0 %, 0 %
2026/07/19 10:31:20.727, 2055 MHz, 69, 11.29 W, 0 %, 0 %
2026/07/19 10:31:20.935, 2055 MHz, 69, 11.29 W, 0 %, 0 %
2026/07/19 10:31:21.149, 2055 MHz, 69, 13.67 W, 0 %, 0 %
2026/07/19 10:31:21.354, 2055 MHz, 69, 13.67 W, 0 %, 0 %
2026/07/19 10:31:21.563, 2055 MHz, 69, 13.67 W, 0 %, 0 %
2026/07/19 10:31:21.769, 2055 MHz, 48, 1.20 W, 0 %, 0 %
2026/07/19 10:31:22.372, 2055 MHz, 68, 12.41 W, 0 %, 0 %
2026/07/19 10:31:22.576, 2055 MHz, 68, 12.41 W, 0 %, 0 %
2026/07/19 10:31:22.778, 2055 MHz, 69, 13.78 W, 0 %, 0 %
2026/07/19 10:31:22.980, 2055 MHz, 69, 13.78 W, 0 %, 0 %
2026/07/19 10:31:23.192, 2055 MHz, 69, 13.78 W, 0 %, 0 %
2026/07/19 10:31:23.403, 2055 MHz, 48, 1.20 W, 0 %, 0 %
2026/07/19 10:31:24.059, 2055 MHz, 68, 11.34 W, 0 %, 0 %
2026/07/19 10:31:24.273, 2055 MHz, 68, 11.34 W, 0 %, 0 %
2026/07/19 10:31:24.476, 2055 MHz, 69, 13.74 W, 0 %, 0 %
2026/07/19 10:31:24.682, 2055 MHz, 69, 13.74 W, 0 %, 0 %
2026/07/19 10:31:24.892, 2055 MHz, 69, 13.74 W, 0 %, 0 %
2026/07/19 10:31:25.106, 2055 MHz, 69, 13.68 W, 0 %, 0 %
2026/07/19 10:31:25.312, 2055 MHz, 48, 1.20 W, 0 %, 0 %
2026/07/19 10:31:26.000, 2055 MHz, 68, 12.78 W, 0 %, 0 %
2026/07/19 10:31:26.213, 2055 MHz, 68, 12.78 W, 0 %, 0 %
2026/07/19 10:31:26.415, 2055 MHz, 69, 13.69 W, 0 %, 0 %
2026/07/19 10:31:26.617, 2055 MHz, 69, 13.69 W, 0 %, 0 %
2026/07/19 10:31:26.817, 2055 MHz, 69, 13.69 W, 0 %, 0 %
2026/07/19 10:31:27.021, 2055 MHz, 69, 13.62 W, 0 %, 0 %
2026/07/19 10:31:27.234, 2055 MHz, 69, 13.62 W, 0 %, 0 %
2026/07/19 10:31:27.440, 2055 MHz, 69, 13.75 W, 0 %, 0 %
2026/07/19 10:31:27.653, 2055 MHz, 69, 13.75 W, 0 %, 0 %
2026/07/19 10:31:27.859, 2055 MHz, 69, 13.75 W, 0 %, 0 %
2026/07/19 10:31:28.059, 2055 MHz, 69, 13.68 W, 0 %, 0 %
2026/07/19 10:31:28.267, 2055 MHz, 69, 13.68 W, 0 %, 0 %
2026/07/19 10:31:28.482, 2055 MHz, 69, 13.68 W, 0 %, 0 %
2026/07/19 10:31:28.683, 2055 MHz, 48, 1.20 W, 0 %, 0 %
2026/07/19 10:31:29.284, 2055 MHz, 68, 12.42 W, 0 %, 0 %
2026/07/19 10:31:29.495, 2055 MHz, 68, 12.42 W, 0 %, 0 %
2026/07/19 10:31:29.699, 2055 MHz, 69, 13.74 W, 0 %, 0 %
2026/07/19 10:31:29.900, 2055 MHz, 69, 13.74 W, 0 %, 0 %
2026/07/19 10:31:30.107, 2055 MHz, 48, 1.20 W, 0 %, 0 %
2026/07/19 10:31:30.813, 2055 MHz, 68, 12.54 W, 0 %, 0 %
2026/07/19 10:31:31.024, 2055 MHz, 68, 12.54 W, 0 %, 0 %
2026/07/19 10:31:31.228, 2055 MHz, 69, 13.67 W, 0 %, 0 %
2026/07/19 10:31:31.432, 2055 MHz, 69, 13.67 W, 0 %, 0 %
2026/07/19 10:31:31.639, 2055 MHz, 69, 13.67 W, 0 %, 0 %
2026/07/19 10:31:31.844, 2055 MHz, 69, 13.67 W, 0 %, 0 %
2026/07/19 10:31:32.045, 2055 MHz, 48, 1.20 W, 0 %, 0 %
2026/07/19 10:31:32.782, 2055 MHz, 68, 12.77 W, 0 %, 0 %
2026/07/19 10:31:32.996, 2055 MHz, 68, 12.77 W, 0 %, 0 %
2026/07/19 10:31:33.205, 2055 MHz, 69, 13.67 W, 0 %, 0 %
2026/07/19 10:31:33.414, 2055 MHz, 69, 13.67 W, 0 %, 0 %
2026/07/19 10:31:33.617, 2055 MHz, 69, 13.67 W, 0 %, 0 %
2026/07/19 10:31:33.821, 2055 MHz, 69, 13.65 W, 0 %, 0 %
2026/07/19 10:31:34.022, 2055 MHz, 69, 13.65 W, 0 %, 0 %
2026/07/19 10:31:34.236, 2055 MHz, 69, 13.60 W, 0 %, 0 %
2026/07/19 10:31:34.442, 2055 MHz, 69, 13.60 W, 0 %, 0 %
2026/07/19 10:31:34.655, 2055 MHz, 68, 13.73 W, 0 %, 0 %
2026/07/19 10:31:34.861, 2055 MHz, 68, 13.73 W, 0 %, 0 %
2026/07/19 10:31:35.075, 2055 MHz, 68, 13.73 W, 0 %, 0 %
2026/07/19 10:31:35.279, 2055 MHz, 68, 13.65 W, 0 %, 0 %
2026/07/19 10:31:35.479, 2055 MHz, 68, 13.65 W, 0 %, 0 %
2026/07/19 10:31:35.687, 2055 MHz, 69, 13.68 W, 0 %, 0 %
2026/07/19 10:31:35.889, 2055 MHz, 69, 13.68 W, 0 %, 0 %
2026/07/19 10:31:36.098, 2055 MHz, 48, 1.20 W, 0 %, 0 %
2026/07/19 10:31:36.741, 2055 MHz, 68, 11.11 W, 0 %, 0 %
2026/07/19 10:31:36.945, 2055 MHz, 68, 11.11 W, 0 %, 0 %
2026/07/19 10:31:37.153, 2055 MHz, 68, 13.71 W, 0 %, 0 %
2026/07/19 10:31:37.355, 2055 MHz, 68, 13.71 W, 0 %, 0 %
2026/07/19 10:31:37.565, 2055 MHz, 48, 1.20 W, 0 %, 0 %
2026/07/19 10:31:38.218, 2055 MHz, 68, 12.73 W, 0 %, 0 %
2026/07/19 10:31:38.426, 2055 MHz, 68, 12.73 W, 0 %, 0 %
2026/07/19 10:31:38.634, 2055 MHz, 68, 13.69 W, 0 %, 0 %
2026/07/19 10:31:38.835, 2055 MHz, 48, 1.20 W, 0 %, 0 %
2026/07/19 10:31:39.508, 2055 MHz, 68, 12.41 W, 0 %, 0 %
2026/07/19 10:31:39.716, 2055 MHz, 68, 12.41 W, 0 %, 0 %
2026/07/19 10:31:39.919, 2055 MHz, 48, 1.20 W, 0 %, 0 %
2026/07/19 10:31:40.588, 2055 MHz, 68, 12.74 W, 0 %, 0 %
2026/07/19 10:31:40.792, 2055 MHz, 68, 12.74 W, 0 %, 0 %
2026/07/19 10:31:40.994, 2055 MHz, 68, 13.70 W, 0 %, 0 %
2026/07/19 10:31:41.196, 2055 MHz, 68, 13.70 W, 0 %, 0 %
2026/07/19 10:31:41.411, 2055 MHz, 68, 13.70 W, 0 %, 0 %
2026/07/19 10:31:41.613, 2055 MHz, 68, 13.71 W, 0 %, 0 %
2026/07/19 10:31:41.819, 2055 MHz, 68, 13.71 W, 0 %, 0 %
2026/07/19 10:31:42.030, 2055 MHz, 68, 13.65 W, 0 %, 0 %
2026/07/19 10:31:42.234, 2055 MHz, 68, 13.65 W, 0 %, 0 %
2026/07/19 10:31:42.440, 2055 MHz, 68, 13.65 W, 0 %, 0 %
2026/07/19 10:31:42.641, 2055 MHz, 68, 13.73 W, 0 %, 0 %
2026/07/19 10:31:42.844, 2055 MHz, 68, 13.73 W, 0 %, 0 %
2026/07/19 10:31:43.056, 2055 MHz, 68, 13.78 W, 0 %, 0 %
2026/07/19 10:31:43.270, 2055 MHz, 68, 13.78 W, 0 %, 0 %
2026/07/19 10:31:43.476, 2055 MHz, 68, 13.67 W, 0 %, 0 %
2026/07/19 10:31:43.683, 2055 MHz, 68, 13.67 W, 0 %, 0 %
2026/07/19 10:31:43.889, 2055 MHz, 68, 13.67 W, 0 %, 0 %
2026/07/19 10:31:44.093, 2055 MHz, 68, 13.66 W, 0 %, 0 %
2026/07/19 10:31:44.298, 2055 MHz, 68, 13.66 W, 0 %, 0 %
2026/07/19 10:31:44.500, 2055 MHz, 68, 13.64 W, 0 %, 0 %
2026/07/19 10:31:44.708, 2055 MHz, 68, 13.64 W, 0 %, 0 %
2026/07/19 10:31:44.909, 2055 MHz, 68, 13.64 W, 0 %, 0 %
2026/07/19 10:31:45.119, 2055 MHz, 68, 13.62 W, 0 %, 0 %
2026/07/19 10:31:45.323, 2055 MHz, 68, 13.62 W, 0 %, 0 %
2026/07/19 10:31:45.525, 2055 MHz, 68, 13.70 W, 0 %, 0 %
2026/07/19 10:31:45.733, 2055 MHz, 68, 13.70 W, 0 %, 0 %
2026/07/19 10:31:45.935, 2055 MHz, 68, 13.70 W, 0 %, 0 %
2026/07/19 10:31:46.149, 2055 MHz, 68, 13.67 W, 0 %, 0 %
2026/07/19 10:31:46.361, 2055 MHz, 68, 13.67 W, 0 %, 0 %
2026/07/19 10:31:46.563, 2055 MHz, 48, 1.20 W, 0 %, 0 %
2026/07/19 10:31:47.324, 2055 MHz, 68, 14.58 W, 0 %, 0 %
2026/07/19 10:31:47.533, 2055 MHz, 68, 14.58 W, 0 %, 0 %
2026/07/19 10:31:47.734, 2055 MHz, 48, 1.20 W, 0 %, 0 %
2026/07/19 10:31:48.431, 2055 MHz, 68, 11.26 W, 0 %, 0 %
2026/07/19 10:31:48.635, 2055 MHz, 68, 11.26 W, 0 %, 0 %
2026/07/19 10:31:48.837, 2055 MHz, 68, 13.63 W, 0 %, 0 %
2026/07/19 10:31:49.040, 2055 MHz, 68, 13.63 W, 0 %, 0 %
2026/07/19 10:31:49.243, 2055 MHz, 68, 13.63 W, 0 %, 0 %
2026/07/19 10:31:49.444, 2055 MHz, 68, 14.19 W, 0 %, 0 %
2026/07/19 10:31:49.659, 2055 MHz, 68, 14.19 W, 0 %, 0 %
2026/07/19 10:31:49.871, 2055 MHz, 68, 13.64 W, 0 %, 0 %
2026/07/19 10:31:50.076, 2055 MHz, 68, 13.64 W, 0 %, 0 %
2026/07/19 10:31:50.278, 2055 MHz, 68, 13.64 W, 0 %, 0 %
2026/07/19 10:31:50.485, 2055 MHz, 68, 13.65 W, 0 %, 0 %
2026/07/19 10:31:50.694, 2055 MHz, 68, 13.65 W, 0 %, 0 %
2026/07/19 10:31:50.896, 2055 MHz, 68, 13.66 W, 0 %, 0 %
2026/07/19 10:31:51.107, 2055 MHz, 68, 13.66 W, 0 %, 0 %
2026/07/19 10:31:51.319, 2055 MHz, 68, 13.66 W, 0 %, 0 %
2026/07/19 10:31:51.520, 2055 MHz, 68, 13.66 W, 0 %, 0 %
2026/07/19 10:31:51.727, 2055 MHz, 68, 13.66 W, 0 %, 0 %
2026/07/19 10:31:51.937, 2055 MHz, 68, 14.34 W, 0 %, 0 %
2026/07/19 10:31:52.145, 2055 MHz, 68, 14.34 W, 0 %, 0 %
2026/07/19 10:31:52.357, 2055 MHz, 68, 13.59 W, 0 %, 0 %
2026/07/19 10:31:52.559, 2055 MHz, 68, 13.59 W, 0 %, 0 %
2026/07/19 10:31:52.765, 2055 MHz, 68, 13.59 W, 0 %, 0 %
2026/07/19 10:31:52.966, 2055 MHz, 68, 13.76 W, 0 %, 0 %
2026/07/19 10:31:53.171, 2055 MHz, 68, 13.76 W, 0 %, 0 %
2026/07/19 10:31:53.379, 2055 MHz, 68, 13.71 W, 0 %, 0 %
2026/07/19 10:31:53.588, 2055 MHz, 68, 13.71 W, 0 %, 0 %
2026/07/19 10:31:53.796, 2055 MHz, 68, 13.71 W, 0 %, 0 %
2026/07/19 10:31:54.007, 2055 MHz, 68, 13.68 W, 0 %, 0 %
2026/07/19 10:31:54.214, 2055 MHz, 68, 13.68 W, 0 %, 0 %
2026/07/19 10:31:54.425, 2055 MHz, 68, 13.67 W, 0 %, 0 %
2026/07/19 10:31:54.638, 2055 MHz, 68, 13.67 W, 0 %, 0 %
2026/07/19 10:31:54.839, 2055 MHz, 68, 13.63 W, 0 %, 0 %
2026/07/19 10:31:55.051, 2055 MHz, 68, 13.63 W, 0 %, 0 %
2026/07/19 10:31:55.252, 2055 MHz, 68, 13.63 W, 0 %, 0 %
2026/07/19 10:31:55.465, 2055 MHz, 68, 13.62 W, 0 %, 0 %
2026/07/19 10:31:55.670, 2055 MHz, 48, 1.20 W, 0 %, 0 %
2026/07/19 10:31:56.238, 2055 MHz, 68, 12.72 W, 0 %, 0 %
2026/07/19 10:31:56.452, 2055 MHz, 68, 12.72 W, 0 %, 0 %
2026/07/19 10:31:56.654, 1380 MHz, 48, 590.01 W, 0 %, 0 %
2026/07/19 10:31:57.273, 2055 MHz, 68, 12.84 W, 0 %, 0 %
2026/07/19 10:31:57.489, 2055 MHz, 68, 12.84 W, 0 %, 0 %
2026/07/19 10:31:57.691, 2055 MHz, 68, 13.83 W, 0 %, 0 %
2026/07/19 10:31:57.902, 2055 MHz, 68, 13.83 W, 0 %, 0 %
2026/07/19 10:31:58.114, 2055 MHz, 68, 13.83 W, 0 %, 0 %
2026/07/19 10:31:58.318, 2055 MHz, 68, 13.75 W, 0 %, 0 %
2026/07/19 10:31:58.521, 2055 MHz, 68, 13.75 W, 0 %, 0 %
2026/07/19 10:31:58.734, 2055 MHz, 68, 13.58 W, 0 %, 0 %
2026/07/19 10:31:58.950, 2055 MHz, 68, 13.58 W, 0 %, 0 %
2026/07/19 10:31:59.154, 2055 MHz, 68, 14.82 W, 0 %, 0 %
2026/07/19 10:31:59.356, 2055 MHz, 68, 14.82 W, 0 %, 0 %
2026/07/19 10:31:59.562, 2055 MHz, 68, 14.82 W, 0 %, 0 %
2026/07/19 10:31:59.769, 2055 MHz, 68, 13.68 W, 0 %, 0 %
2026/07/19 10:31:59.979, 2055 MHz, 68, 13.68 W, 0 %, 0 %
2026/07/19 10:32:00.180, 2055 MHz, 68, 13.63 W, 0 %, 0 %
2026/07/19 10:32:00.385, 2055 MHz, 68, 13.63 W, 0 %, 0 %
2026/07/19 10:32:00.587, 2055 MHz, 68, 13.63 W, 0 %, 0 %
2026/07/19 10:32:00.788, 2055 MHz, 68, 13.62 W, 0 %, 0 %
2026/07/19 10:32:00.991, 2055 MHz, 68, 13.62 W, 0 %, 0 %
2026/07/19 10:32:01.199, 2055 MHz, 68, 13.62 W, 0 %, 0 %
2026/07/19 10:32:01.401, 2055 MHz, 68, 13.62 W, 0 %, 0 %
2026/07/19 10:32:01.603, 2055 MHz, 48, 1.20 W, 0 %, 0 %
2026/07/19 10:32:02.330, 2055 MHz, 68, 11.12 W, 0 %, 0 %
2026/07/19 10:32:02.534, 2055 MHz, 68, 11.12 W, 0 %, 0 %
2026/07/19 10:32:02.743, 2055 MHz, 68, 13.65 W, 0 %, 0 %
2026/07/19 10:32:02.946, 2055 MHz, 68, 13.65 W, 0 %, 0 %
2026/07/19 10:32:03.155, 2055 MHz, 68, 13.65 W, 0 %, 0 %
2026/07/19 10:32:03.359, 2055 MHz, 68, 13.77 W, 0 %, 0 %
2026/07/19 10:32:03.562, 2055 MHz, 68, 13.77 W, 0 %, 0 %
2026/07/19 10:32:03.764, 2055 MHz, 68, 13.60 W, 0 %, 0 %
2026/07/19 10:32:03.966, 2055 MHz, 68, 13.60 W, 0 %, 0 %
2026/07/19 10:32:04.173, 2055 MHz, 68, 13.60 W, 0 %, 0 %
2026/07/19 10:32:04.377, 2055 MHz, 68, 13.69 W, 0 %, 0 %
2026/07/19 10:32:04.579, 2055 MHz, 68, 13.69 W, 0 %, 0 %
2026/07/19 10:32:04.781, 2055 MHz, 68, 13.64 W, 0 %, 0 %
2026/07/19 10:32:04.982, 2055 MHz, 68, 13.64 W, 0 %, 0 %
2026/07/19 10:32:05.185, 1380 MHz, 48, 590.01 W, 0 %, 0 %
2026/07/19 10:32:05.805, 2055 MHz, 68, 12.76 W, 0 %, 0 %
2026/07/19 10:32:06.006, 2055 MHz, 68, 12.76 W, 0 %, 0 %
2026/07/19 10:32:06.208, 2055 MHz, 68, 13.58 W, 0 %, 0 %
2026/07/19 10:32:06.417, 2055 MHz, 68, 13.58 W, 0 %, 0 %
2026/07/19 10:32:06.626, 2055 MHz, 68, 13.58 W, 0 %, 0 %
2026/07/19 10:32:06.831, 2055 MHz, 68, 13.64 W, 0 %, 0 %
2026/07/19 10:32:07.031, 2055 MHz, 68, 13.64 W, 0 %, 0 %
2026/07/19 10:32:07.235, 2055 MHz, 68, 13.62 W, 0 %, 0 %
2026/07/19 10:32:07.437, 2055 MHz, 48, 1.20 W, 0 %, 0 %
2026/07/19 10:32:08.018, 2055 MHz, 68, 12.76 W, 0 %, 0 %
2026/07/19 10:32:08.221, 2055 MHz, 68, 12.76 W, 0 %, 0 %
2026/07/19 10:32:08.432, 2055 MHz, 68, 13.65 W, 0 %, 0 %
2026/07/19 10:32:08.634, 2055 MHz, 68, 13.65 W, 0 %, 0 %
2026/07/19 10:32:08.837, 2055 MHz, 68, 13.65 W, 0 %, 0 %
2026/07/19 10:32:09.038, 2055 MHz, 68, 13.62 W, 0 %, 0 %
2026/07/19 10:32:09.249, 2055 MHz, 68, 13.62 W, 0 %, 0 %
2026/07/19 10:32:09.457, 2055 MHz, 68, 13.60 W, 0 %, 0 %
2026/07/19 10:32:09.667, 2055 MHz, 48, 1.20 W, 0 %, 0 %
2026/07/19 10:32:10.327, 2055 MHz, 68, 12.71 W, 0 %, 0 %
2026/07/19 10:32:10.536, 2055 MHz, 68, 12.71 W, 0 %, 0 %
2026/07/19 10:32:10.739, 2055 MHz, 68, 13.66 W, 0 %, 0 %
2026/07/19 10:32:10.941, 2055 MHz, 68, 13.66 W, 0 %, 0 %
2026/07/19 10:32:11.146, 2055 MHz, 68, 13.66 W, 0 %, 0 %
2026/07/19 10:32:11.356, 2055 MHz, 68, 13.63 W, 0 %, 0 %
2026/07/19 10:32:11.566, 2055 MHz, 68, 13.63 W, 0 %, 0 %
2026/07/19 10:32:11.775, 2055 MHz, 68, 13.59 W, 0 %, 0 %
2026/07/19 10:32:11.976, 2055 MHz, 68, 13.59 W, 0 %, 0 %
2026/07/19 10:32:12.189, 2055 MHz, 68, 13.59 W, 0 %, 0 %
2026/07/19 10:32:12.392, 2055 MHz, 68, 14.04 W, 0 %, 0 %
2026/07/19 10:32:12.596, 2055 MHz, 68, 14.04 W, 0 %, 0 %
2026/07/19 10:32:12.812, 2055 MHz, 68, 13.65 W, 0 %, 0 %
2026/07/19 10:32:13.014, 2055 MHz, 68, 13.65 W, 0 %, 0 %
2026/07/19 10:32:13.218, 2055 MHz, 68, 13.62 W, 0 %, 0 %
2026/07/19 10:32:13.419, 2055 MHz, 48, 1.20 W, 0 %, 0 %
2026/07/19 10:32:14.114, 2055 MHz, 68, 11.04 W, 0 %, 0 %
2026/07/19 10:32:14.318, 2055 MHz, 68, 11.04 W, 0 %, 0 %
2026/07/19 10:32:14.521, 2055 MHz, 68, 13.69 W, 0 %, 0 %
2026/07/19 10:32:14.723, 2055 MHz, 68, 13.69 W, 0 %, 0 %
2026/07/19 10:32:14.927, 2055 MHz, 68, 13.69 W, 0 %, 0 %
2026/07/19 10:32:15.131, 2055 MHz, 68, 13.58 W, 0 %, 0 %
2026/07/19 10:32:15.337, 2055 MHz, 68, 13.58 W, 0 %, 0 %
2026/07/19 10:32:15.552, 2055 MHz, 68, 13.58 W, 0 %, 0 %
2026/07/19 10:32:15.759, 2055 MHz, 68, 13.58 W, 0 %, 0 %
2026/07/19 10:32:15.960, 2055 MHz, 68, 13.58 W, 0 %, 0 %
2026/07/19 10:32:16.162, 2055 MHz, 68, 13.58 W, 0 %, 0 %
2026/07/19 10:32:16.364, 2055 MHz, 68, 13.58 W, 0 %, 0 %
2026/07/19 10:32:16.573, 2055 MHz, 68, 13.58 W, 0 %, 0 %
2026/07/19 10:32:16.787, 2055 MHz, 68, 13.58 W, 0 %, 0 %
2026/07/19 10:32:16.989, 2055 MHz, 68, 13.58 W, 0 %, 0 %
2026/07/19 10:32:17.195, 2055 MHz, 68, 13.58 W, 0 %, 0 %
2026/07/19 10:32:17.410, 2055 MHz, 68, 13.58 W, 0 %, 0 %
2026/07/19 10:32:17.613, 2055 MHz, 68, 13.59 W, 0 %, 0 %
2026/07/19 10:32:17.824, 2055 MHz, 68, 13.59 W, 0 %, 0 %
2026/07/19 10:32:18.034, 2055 MHz, 68, 13.60 W, 0 %, 0 %
2026/07/19 10:32:18.239, 2055 MHz, 68, 13.60 W, 0 %, 0 %
2026/07/19 10:32:18.439, 2055 MHz, 68, 13.60 W, 0 %, 0 %
2026/07/19 10:32:18.640, 2055 MHz, 68, 13.61 W, 0 %, 0 %
2026/07/19 10:32:18.849, 2055 MHz, 68, 13.61 W, 0 %, 0 %
2026/07/19 10:32:19.050, 2055 MHz, 68, 13.60 W, 0 %, 0 %
2026/07/19 10:32:19.252, 2055 MHz, 68, 13.60 W, 0 %, 0 %
2026/07/19 10:32:19.454, 2055 MHz, 68, 13.60 W, 0 %, 0 %
2026/07/19 10:32:19.657, 2055 MHz, 68, 13.60 W, 0 %, 0 %
2026/07/19 10:32:19.858, 2055 MHz, 68, 13.60 W, 0 %, 0 %
2026/07/19 10:32:20.060, 2055 MHz, 68, 13.61 W, 0 %, 0 %
2026/07/19 10:32:20.273, 2055 MHz, 68, 13.61 W, 0 %, 0 %
2026/07/19 10:32:20.480, 2055 MHz, 68, 13.61 W, 0 %, 0 %
2026/07/19 10:32:20.692, 2055 MHz, 68, 13.61 W, 0 %, 0 %
2026/07/19 10:32:20.903, 2055 MHz, 68, 13.61 W, 0 %, 0 %
2026/07/19 10:32:21.107, 2055 MHz, 68, 13.61 W, 0 %, 0 %
2026/07/19 10:32:21.316, 2055 MHz, 68, 13.61 W, 0 %, 0 %
2026/07/19 10:32:21.532, 2055 MHz, 68, 13.61 W, 0 %, 0 %
2026/07/19 10:32:21.737, 2055 MHz, 68, 13.61 W, 0 %, 0 %
2026/07/19 10:32:21.937, 2055 MHz, 68, 13.61 W, 0 %, 0 %
2026/07/19 10:32:22.151, 2055 MHz, 68, 13.63 W, 0 %, 0 %
2026/07/19 10:32:22.359, 2055 MHz, 68, 13.63 W, 0 %, 0 %
2026/07/19 10:32:22.563, 2055 MHz, 68, 13.58 W, 0 %, 0 %
2026/07/19 10:32:22.766, 2055 MHz, 68, 13.58 W, 0 %, 0 %
2026/07/19 10:32:22.974, 2055 MHz, 48, 1.20 W, 0 %, 0 %
2026/07/19 10:32:23.644, 2055 MHz, 68, 11.22 W, 0 %, 0 %
2026/07/19 10:32:23.846, 2055 MHz, 68, 11.22 W, 0 %, 0 %
2026/07/19 10:32:24.046, 2055 MHz, 68, 13.58 W, 0 %, 0 %
2026/07/19 10:32:24.253, 2055 MHz, 68, 13.58 W, 0 %, 0 %
2026/07/19 10:32:24.464, 2055 MHz, 68, 13.58 W, 0 %, 0 %
2026/07/19 10:32:24.672, 2055 MHz, 68, 13.61 W, 0 %, 0 %
2026/07/19 10:32:24.880, 2055 MHz, 68, 13.61 W, 0 %, 0 %
2026/07/19 10:32:25.087, 2055 MHz, 68, 13.61 W, 0 %, 0 %
2026/07/19 10:32:25.290, 2055 MHz, 68, 13.61 W, 0 %, 0 %
2026/07/19 10:32:25.496, 2055 MHz, 68, 13.61 W, 0 %, 0 %
2026/07/19 10:32:25.700, 2055 MHz, 68, 13.63 W, 0 %, 0 %
2026/07/19 10:32:25.903, 1380 MHz, 48, 15.77 W, 0 %, 0 %
2026/07/19 10:32:26.535, 2055 MHz, 68, 11.25 W, 0 %, 0 %
2026/07/19 10:32:26.750, 2055 MHz, 68, 11.25 W, 0 %, 0 %
2026/07/19 10:32:26.951, 2055 MHz, 68, 13.63 W, 0 %, 0 %
2026/07/19 10:32:27.159, 2055 MHz, 68, 13.63 W, 0 %, 0 %
2026/07/19 10:32:27.369, 2055 MHz, 68, 13.63 W, 0 %, 0 %
2026/07/19 10:32:27.570, 2055 MHz, 68, 13.60 W, 0 %, 0 %
2026/07/19 10:32:27.781, 2055 MHz, 68, 13.60 W, 0 %, 0 %
2026/07/19 10:32:27.985, 2055 MHz, 48, 1.20 W, 0 %, 0 %
2026/07/19 10:32:28.588, 2055 MHz, 68, 12.33 W, 0 %, 0 %
2026/07/19 10:32:28.791, 2055 MHz, 68, 12.33 W, 0 %, 0 %
2026/07/19 10:32:28.999, 2055 MHz, 68, 14.72 W, 0 %, 0 %
2026/07/19 10:32:29.212, 2055 MHz, 48, 1.20 W, 0 %, 0 %
2026/07/19 10:32:29.904, 2055 MHz, 68, 11.09 W, 0 %, 0 %
2026/07/19 10:32:30.108, 2055 MHz, 68, 11.09 W, 0 %, 0 %
2026/07/19 10:32:30.310, 2055 MHz, 68, 13.69 W, 0 %, 0 %
2026/07/19 10:32:30.513, 2055 MHz, 68, 13.69 W, 0 %, 0 %
2026/07/19 10:32:30.728, 2055 MHz, 68, 13.69 W, 0 %, 0 %
2026/07/19 10:32:30.929, 2055 MHz, 68, 13.55 W, 0 %, 0 %
2026/07/19 10:32:31.133, 2055 MHz, 68, 13.55 W, 0 %, 0 %
2026/07/19 10:32:31.343, 2055 MHz, 68, 13.70 W, 0 %, 0 %
2026/07/19 10:32:31.557, 2055 MHz, 48, 1.20 W, 0 %, 0 %
2026/07/19 10:32:32.188, 2055 MHz, 68, 10.97 W, 0 %, 0 %
2026/07/19 10:32:32.390, 2055 MHz, 68, 10.97 W, 0 %, 0 %
2026/07/19 10:32:32.604, 2055 MHz, 68, 13.58 W, 0 %, 0 %
2026/07/19 10:32:32.812, 2055 MHz, 68, 13.58 W, 0 %, 0 %
2026/07/19 10:32:33.019, 2055 MHz, 68, 13.58 W, 0 %, 0 %
2026/07/19 10:32:33.223, 2055 MHz, 68, 13.61 W, 0 %, 0 %
2026/07/19 10:32:33.435, 2055 MHz, 68, 13.61 W, 0 %, 0 %
2026/07/19 10:32:33.647, 2055 MHz, 68, 13.59 W, 0 %, 0 %
2026/07/19 10:32:33.849, 2055 MHz, 68, 13.59 W, 0 %, 0 %
2026/07/19 10:32:34.055, 2055 MHz, 68, 13.64 W, 0 %, 0 %
2026/07/19 10:32:34.255, 2055 MHz, 68, 13.64 W, 0 %, 0 %
2026/07/19 10:32:34.465, 2055 MHz, 68, 13.64 W, 0 %, 0 %
2026/07/19 10:32:34.680, 2055 MHz, 68, 13.55 W, 0 %, 0 %
2026/07/19 10:32:34.894, 2055 MHz, 48, 1.20 W, 0 %, 0 %
2026/07/19 10:32:35.543, 2055 MHz, 68, 11.14 W, 0 %, 0 %
2026/07/19 10:32:35.743, 2055 MHz, 68, 11.14 W, 0 %, 0 %
2026/07/19 10:32:35.949, 2055 MHz, 68, 13.60 W, 0 %, 0 %
2026/07/19 10:32:36.153, 2055 MHz, 68, 13.60 W, 0 %, 0 %
2026/07/19 10:32:36.368, 2055 MHz, 68, 13.60 W, 0 %, 0 %
2026/07/19 10:32:36.569, 2055 MHz, 68, 13.59 W, 0 %, 0 %
2026/07/19 10:32:36.773, 2055 MHz, 68, 13.59 W, 0 %, 0 %
2026/07/19 10:32:36.984, 2055 MHz, 68, 13.59 W, 0 %, 0 %
2026/07/19 10:32:37.187, 2055 MHz, 68, 13.59 W, 0 %, 0 %
2026/07/19 10:32:37.396, 2055 MHz, 68, 13.59 W, 0 %, 0 %
2026/07/19 10:32:37.605, 2055 MHz, 68, 13.55 W, 0 %, 0 %
2026/07/19 10:32:37.807, 2055 MHz, 68, 13.55 W, 0 %, 0 %
2026/07/19 10:32:38.016, 2055 MHz, 68, 13.58 W, 0 %, 0 %
2026/07/19 10:32:38.217, 2055 MHz, 68, 13.58 W, 0 %, 0 %
2026/07/19 10:32:38.426, 2055 MHz, 68, 13.61 W, 0 %, 0 %
2026/07/19 10:32:38.634, 2055 MHz, 68, 13.61 W, 0 %, 0 %
2026/07/19 10:32:38.846, 2055 MHz, 68, 13.61 W, 0 %, 0 %
2026/07/19 10:32:39.059, 2055 MHz, 68, 13.60 W, 0 %, 0 %
2026/07/19 10:32:39.262, 2055 MHz, 68, 13.60 W, 0 %, 0 %
2026/07/19 10:32:39.470, 2055 MHz, 68, 13.72 W, 0 %, 0 %
2026/07/19 10:32:39.675, 2055 MHz, 68, 13.72 W, 0 %, 0 %
2026/07/19 10:32:39.882, 2055 MHz, 48, 1.20 W, 0 %, 0 %
2026/07/19 10:32:40.596, 2055 MHz, 68, 11.07 W, 0 %, 0 %
2026/07/19 10:32:40.804, 2055 MHz, 68, 11.07 W, 0 %, 0 %
2026/07/19 10:32:41.007, 2055 MHz, 68, 13.52 W, 0 %, 0 %
2026/07/19 10:32:41.216, 2055 MHz, 68, 13.52 W, 0 %, 0 %
2026/07/19 10:32:41.418, 2055 MHz, 68, 13.52 W, 0 %, 0 %
2026/07/19 10:32:41.633, 2055 MHz, 68, 13.89 W, 0 %, 0 %
2026/07/19 10:32:41.835, 2055 MHz, 48, 1.20 W, 0 %, 0 %
2026/07/19 10:32:42.509, 2055 MHz, 68, 12.65 W, 0 %, 0 %
2026/07/19 10:32:42.714, 2055 MHz, 68, 12.65 W, 0 %, 0 %
2026/07/19 10:32:42.919, 2055 MHz, 68, 13.63 W, 0 %, 0 %
2026/07/19 10:32:43.131, 2055 MHz, 68, 13.63 W, 0 %, 0 %
2026/07/19 10:32:43.338, 2055 MHz, 68, 13.63 W, 0 %, 0 %
2026/07/19 10:32:43.548, 2055 MHz, 68, 13.57 W, 0 %, 0 %
2026/07/19 10:32:43.753, 2055 MHz, 68, 13.57 W, 0 %, 0 %
2026/07/19 10:32:43.965, 2055 MHz, 68, 13.54 W, 0 %, 0 %
2026/07/19 10:32:44.167, 2055 MHz, 68, 13.54 W, 0 %, 0 %
2026/07/19 10:32:44.368, 2055 MHz, 48, 1.20 W, 0 %, 0 %
2026/07/19 10:32:44.998, 2055 MHz, 68, 12.68 W, 0 %, 0 %
2026/07/19 10:32:45.204, 2055 MHz, 68, 12.68 W, 0 %, 0 %
2026/07/19 10:32:45.413, 2055 MHz, 68, 13.61 W, 0 %, 0 %
2026/07/19 10:32:45.623, 2055 MHz, 68, 13.61 W, 0 %, 0 %
2026/07/19 10:32:45.824, 2055 MHz, 68, 13.61 W, 0 %, 0 %
2026/07/19 10:32:46.037, 2055 MHz, 68, 13.62 W, 0 %, 0 %
2026/07/19 10:32:46.247, 2055 MHz, 68, 13.62 W, 0 %, 0 %
2026/07/19 10:32:46.451, 2055 MHz, 68, 13.62 W, 0 %, 0 %
2026/07/19 10:32:46.651, 2055 MHz, 68, 13.62 W, 0 %, 0 %
2026/07/19 10:32:46.865, 2055 MHz, 68, 13.62 W, 0 %, 0 %
2026/07/19 10:32:47.075, 2055 MHz, 68, 13.60 W, 0 %, 0 %
2026/07/19 10:32:47.282, 2055 MHz, 68, 13.60 W, 0 %, 0 %
2026/07/19 10:32:47.497, 2055 MHz, 68, 13.59 W, 0 %, 0 %
2026/07/19 10:32:47.712, 2055 MHz, 68, 13.59 W, 0 %, 0 %
2026/07/19 10:32:47.917, 2055 MHz, 68, 13.60 W, 0 %, 0 %
2026/07/19 10:32:48.131, 2055 MHz, 68, 13.60 W, 0 %, 0 %
2026/07/19 10:32:48.343, 2055 MHz, 68, 13.60 W, 0 %, 0 %
2026/07/19 10:32:48.555, 2055 MHz, 68, 13.61 W, 0 %, 0 %
2026/07/19 10:32:48.762, 1380 MHz, 48, 15.59 W, 0 %, 0 %
2026/07/19 10:32:49.402, 2055 MHz, 68, 11.07 W, 0 %, 0 %
2026/07/19 10:32:49.608, 2055 MHz, 68, 11.07 W, 0 %, 0 %
2026/07/19 10:32:49.808, 2055 MHz, 48, 1.20 W, 0 %, 0 %
2026/07/19 10:32:50.373, 2055 MHz, 68, 14.44 W, 0 %, 0 %
2026/07/19 10:32:50.584, 2055 MHz, 68, 14.44 W, 0 %, 0 %
2026/07/19 10:32:50.786, 2055 MHz, 68, 13.66 W, 0 %, 0 %
2026/07/19 10:32:50.987, 2055 MHz, 68, 13.66 W, 0 %, 0 %
2026/07/19 10:32:51.196, 2055 MHz, 68, 13.66 W, 0 %, 0 %
2026/07/19 10:32:51.399, 2055 MHz, 68, 13.55 W, 0 %, 0 %
2026/07/19 10:32:51.610, 2055 MHz, 68, 13.55 W, 0 %, 0 %
2026/07/19 10:32:51.822, 2055 MHz, 68, 13.58 W, 0 %, 0 %
2026/07/19 10:32:52.025, 2055 MHz, 68, 13.58 W, 0 %, 0 %
2026/07/19 10:32:52.236, 2055 MHz, 68, 13.58 W, 0 %, 0 %
2026/07/19 10:32:52.438, 2055 MHz, 68, 13.64 W, 0 %, 0 %
2026/07/19 10:32:52.639, 2055 MHz, 68, 13.64 W, 0 %, 0 %
2026/07/19 10:32:52.844, 1380 MHz, 48, 590.01 W, 0 %, 0 %
2026/07/19 10:32:53.463, 2055 MHz, 68, 12.62 W, 0 %, 0 %
2026/07/19 10:32:53.667, 2055 MHz, 68, 12.62 W, 0 %, 0 %
2026/07/19 10:32:53.880, 2055 MHz, 68, 13.56 W, 0 %, 0 %
2026/07/19 10:32:54.084, 2055 MHz, 68, 13.56 W, 0 %, 0 %
2026/07/19 10:32:54.293, 2055 MHz, 68, 13.56 W, 0 %, 0 %
2026/07/19 10:32:54.498, 2055 MHz, 68, 13.58 W, 0 %, 0 %
2026/07/19 10:32:54.702, 2055 MHz, 68, 13.58 W, 0 %, 0 %
2026/07/19 10:32:54.913, 2055 MHz, 68, 13.69 W, 0 %, 0 %
2026/07/19 10:32:55.120, 2055 MHz, 68, 13.69 W, 0 %, 0 %
2026/07/19 10:32:55.327, 2055 MHz, 68, 13.61 W, 0 %, 0 %
2026/07/19 10:32:55.542, 2055 MHz, 68, 13.61 W, 0 %, 0 %
2026/07/19 10:32:55.749, 2055 MHz, 68, 13.61 W, 0 %, 0 %
2026/07/19 10:32:55.958, 2055 MHz, 68, 13.60 W, 0 %, 0 %
2026/07/19 10:32:56.163, 2055 MHz, 48, 1.20 W, 0 %, 0 %
2026/07/19 10:32:56.892, 2055 MHz, 68, 12.14 W, 0 %, 0 %
2026/07/19 10:32:57.106, 2055 MHz, 68, 12.14 W, 0 %, 0 %
2026/07/19 10:32:57.307, 2055 MHz, 68, 13.65 W, 0 %, 0 %
2026/07/19 10:32:57.519, 2055 MHz, 48, 1.20 W, 0 %, 0 %
2026/07/19 10:32:58.149, 2055 MHz, 68, 11.13 W, 0 %, 0 %
2026/07/19 10:32:58.358, 2055 MHz, 68, 11.13 W, 0 %, 0 %
2026/07/19 10:32:58.562, 2055 MHz, 68, 13.57 W, 0 %, 0 %
2026/07/19 10:32:58.766, 2055 MHz, 68, 13.57 W, 0 %, 0 %
2026/07/19 10:32:58.967, 2055 MHz, 68, 13.57 W, 0 %, 0 %
2026/07/19 10:32:59.170, 2055 MHz, 68, 13.57 W, 0 %, 0 %
2026/07/19 10:32:59.371, 2055 MHz, 68, 13.57 W, 0 %, 0 %
2026/07/19 10:32:59.580, 2055 MHz, 68, 13.62 W, 0 %, 0 %
2026/07/19 10:32:59.793, 2055 MHz, 68, 13.62 W, 0 %, 0 %
2026/07/19 10:32:59.996, 2055 MHz, 68, 13.62 W, 0 %, 0 %
2026/07/19 10:33:00.204, 2055 MHz, 48, 1.20 W, 0 %, 0 %
2026/07/19 10:33:00.911, 2055 MHz, 68, 14.50 W, 0 %, 0 %
2026/07/19 10:33:01.119, 2055 MHz, 68, 14.50 W, 0 %, 0 %
2026/07/19 10:33:01.322, 2055 MHz, 68, 13.74 W, 0 %, 0 %
2026/07/19 10:33:01.525, 2055 MHz, 68, 13.74 W, 0 %, 0 %
2026/07/19 10:33:01.733, 2055 MHz, 68, 13.74 W, 0 %, 0 %
2026/07/19 10:33:01.939, 2055 MHz, 68, 13.60 W, 0 %, 0 %
2026/07/19 10:33:02.142, 2055 MHz, 68, 13.60 W, 0 %, 0 %
2026/07/19 10:33:02.355, 2055 MHz, 68, 13.54 W, 0 %, 0 %
2026/07/19 10:33:02.560, 2055 MHz, 68, 13.54 W, 0 %, 0 %
2026/07/19 10:33:02.764, 2055 MHz, 68, 13.54 W, 0 %, 0 %
2026/07/19 10:33:02.966, 2055 MHz, 68, 14.03 W, 0 %, 0 %
2026/07/19 10:33:03.169, 2055 MHz, 68, 14.03 W, 0 %, 0 %
2026/07/19 10:33:03.383, 2055 MHz, 68, 13.58 W, 0 %, 0 %
2026/07/19 10:33:03.590, 2055 MHz, 68, 13.58 W, 0 %, 0 %
2026/07/19 10:33:03.790, 2055 MHz, 68, 13.62 W, 0 %, 0 %
2026/07/19 10:33:04.002, 2055 MHz, 68, 13.62 W, 0 %, 0 %
2026/07/19 10:33:04.203, 2055 MHz, 68, 13.62 W, 0 %, 0 %
2026/07/19 10:33:04.414, 2055 MHz, 68, 14.24 W, 0 %, 0 %
2026/07/19 10:33:04.616, 2055 MHz, 68, 14.24 W, 0 %, 0 %
2026/07/19 10:33:04.831, 2055 MHz, 68, 13.61 W, 0 %, 0 %
2026/07/19 10:33:05.035, 2055 MHz, 48, 1.20 W, 0 %, 0 %
2026/07/19 10:33:05.746, 2055 MHz, 68, 11.13 W, 0 %, 0 %
2026/07/19 10:33:05.954, 2055 MHz, 68, 11.13 W, 0 %, 0 %
2026/07/19 10:33:06.155, 1380 MHz, 48, 590.01 W, 0 %, 0 %
2026/07/19 10:33:06.772, 2055 MHz, 68, 12.85 W, 0 %, 0 %
2026/07/19 10:33:06.983, 2055 MHz, 68, 12.85 W, 0 %, 0 %
2026/07/19 10:33:07.187, 2055 MHz, 68, 13.61 W, 0 %, 0 %
2026/07/19 10:33:07.390, 2055 MHz, 68, 13.61 W, 0 %, 0 %
2026/07/19 10:33:07.601, 2055 MHz, 68, 13.61 W, 0 %, 0 %
2026/07/19 10:33:07.805, 2055 MHz, 68, 13.65 W, 0 %, 0 %
2026/07/19 10:33:08.016, 2055 MHz, 48, 1.20 W, 0 %, 0 %
2026/07/19 10:33:08.676, 2055 MHz, 68, 14.35 W, 0 %, 0 %
2026/07/19 10:33:08.888, 2055 MHz, 68, 14.35 W, 0 %, 0 %
2026/07/19 10:33:09.094, 2055 MHz, 68, 13.76 W, 0 %, 0 %
2026/07/19 10:33:09.305, 2055 MHz, 68, 13.76 W, 0 %, 0 %
2026/07/19 10:33:09.520, 1380 MHz, 48, 590.01 W, 0 %, 0 %
2026/07/19 10:33:10.133, 2055 MHz, 67, 12.80 W, 0 %, 0 %
2026/07/19 10:33:10.335, 2055 MHz, 67, 12.80 W, 0 %, 0 %
2026/07/19 10:33:10.541, 2055 MHz, 68, 13.48 W, 0 %, 0 %
2026/07/19 10:33:10.754, 2055 MHz, 68, 13.48 W, 0 %, 0 %
2026/07/19 10:33:10.968, 2055 MHz, 68, 13.48 W, 0 %, 0 %
2026/07/19 10:33:11.183, 2055 MHz, 68, 13.48 W, 0 %, 0 %
2026/07/19 10:33:11.386, 2055 MHz, 68, 13.48 W, 0 %, 0 %
2026/07/19 10:33:11.593, 2055 MHz, 68, 13.53 W, 0 %, 0 %
2026/07/19 10:33:11.796, 2055 MHz, 68, 13.53 W, 0 %, 0 %
2026/07/19 10:33:12.011, 2055 MHz, 48, 1.20 W, 0 %, 0 %
2026/07/19 10:33:12.615, 2055 MHz, 67, 11.05 W, 0 %, 0 %
2026/07/19 10:33:12.817, 2055 MHz, 67, 11.05 W, 0 %, 0 %
2026/07/19 10:33:13.024, 2055 MHz, 68, 13.54 W, 0 %, 0 %
2026/07/19 10:33:13.235, 2055 MHz, 68, 13.54 W, 0 %, 0 %
2026/07/19 10:33:13.444, 2055 MHz, 68, 13.54 W, 0 %, 0 %
2026/07/19 10:33:13.645, 2055 MHz, 68, 13.54 W, 0 %, 0 %
2026/07/19 10:33:13.846, 2055 MHz, 68, 13.54 W, 0 %, 0 %
2026/07/19 10:33:14.060, 2055 MHz, 68, 13.56 W, 0 %, 0 %
2026/07/19 10:33:14.271, 2055 MHz, 68, 13.56 W, 0 %, 0 %
2026/07/19 10:33:14.485, 2055 MHz, 68, 13.56 W, 0 %, 0 %
2026/07/19 10:33:14.693, 2055 MHz, 68, 13.56 W, 0 %, 0 %
2026/07/19 10:33:14.898, 2055 MHz, 68, 13.56 W, 0 %, 0 %
2026/07/19 10:33:15.101, 2055 MHz, 68, 13.56 W, 0 %, 0 %
2026/07/19 10:33:15.312, 2055 MHz, 68, 13.56 W, 0 %, 0 %
2026/07/19 10:33:15.513, 2055 MHz, 68, 13.56 W, 0 %, 0 %
2026/07/19 10:33:15.729, 2055 MHz, 68, 13.56 W, 0 %, 0 %
2026/07/19 10:33:15.944, 2055 MHz, 68, 13.56 W, 0 %, 0 %
2026/07/19 10:33:16.153, 2055 MHz, 68, 13.61 W, 0 %, 0 %
2026/07/19 10:33:16.361, 2055 MHz, 68, 13.61 W, 0 %, 0 %
2026/07/19 10:33:16.573, 2055 MHz, 68, 14.15 W, 27 %, 4 %
2026/07/19 10:33:16.777, 2055 MHz, 68, 14.15 W, 27 %, 4 %
2026/07/19 10:33:16.977, 2055 MHz, 68, 14.15 W, 27 %, 4 %
2026/07/19 10:33:17.179, 2055 MHz, 68, 15.31 W, 31 %, 5 %
2026/07/19 10:33:17.382, 2055 MHz, 68, 15.31 W, 31 %, 5 %
2026/07/19 10:33:17.594, 2055 MHz, 68, 17.09 W, 26 %, 5 %
2026/07/19 10:33:17.810, 2055 MHz, 68, 17.09 W, 26 %, 5 %
2026/07/19 10:33:18.010, 2055 MHz, 69, 19.04 W, 40 %, 9 %
2026/07/19 10:33:18.212, 2055 MHz, 69, 19.04 W, 40 %, 9 %
2026/07/19 10:33:18.414, 2055 MHz, 69, 19.04 W, 40 %, 9 %
2026/07/19 10:33:18.623, 2325 MHz, 70, 22.04 W, 60 %, 22 %
2026/07/19 10:33:18.838, 2325 MHz, 70, 22.04 W, 60 %, 22 %
2026/07/19 10:33:19.040, 2670 MHz, 73, 32.55 W, 68 %, 17 %
2026/07/19 10:33:19.247, 2670 MHz, 73, 32.55 W, 68 %, 17 %
2026/07/19 10:33:19.453, 2670 MHz, 73, 32.55 W, 68 %, 17 %
2026/07/19 10:33:19.659, 2670 MHz, 72, 39.40 W, 55 %, 6 %
2026/07/19 10:33:19.860, 2670 MHz, 72, 39.40 W, 55 %, 6 %
2026/07/19 10:33:20.067, 2670 MHz, 73, 36.79 W, 68 %, 9 %
2026/07/19 10:33:20.275, 2670 MHz, 73, 36.79 W, 68 %, 9 %
2026/07/19 10:33:20.485, 2670 MHz, 73, 36.79 W, 68 %, 9 %
2026/07/19 10:33:20.686, 2670 MHz, 73, 36.81 W, 75 %, 10 %
2026/07/19 10:33:20.887, 2670 MHz, 73, 36.81 W, 75 %, 10 %
2026/07/19 10:33:21.090, 2670 MHz, 71, 36.67 W, 70 %, 10 %
2026/07/19 10:33:21.300, 2670 MHz, 71, 36.67 W, 70 %, 10 %
2026/07/19 10:33:21.513, 2505 MHz, 72, 36.81 W, 83 %, 20 %
2026/07/19 10:33:21.714, 2505 MHz, 72, 36.81 W, 83 %, 20 %
2026/07/19 10:33:21.915, 2505 MHz, 72, 36.81 W, 83 %, 20 %
2026/07/19 10:33:22.117, 2670 MHz, 77, 58.12 W, 100 %, 28 %
2026/07/19 10:33:22.320, 2670 MHz, 77, 58.12 W, 100 %, 28 %
2026/07/19 10:33:22.531, 2670 MHz, 75, 48.49 W, 100 %, 17 %
2026/07/19 10:33:22.733, 2670 MHz, 75, 48.49 W, 100 %, 17 %
2026/07/19 10:33:22.936, 2670 MHz, 75, 48.49 W, 100 %, 17 %
2026/07/19 10:33:23.140, 2670 MHz, 75, 47.37 W, 100 %, 14 %
2026/07/19 10:33:23.355, 2670 MHz, 75, 47.37 W, 100 %, 14 %
2026/07/19 10:33:23.559, 2670 MHz, 74, 42.19 W, 100 %, 13 %
2026/07/19 10:33:23.771, 2670 MHz, 74, 42.19 W, 100 %, 13 %
2026/07/19 10:33:23.979, 2670 MHz, 74, 42.19 W, 100 %, 13 %
2026/07/19 10:33:24.181, 2655 MHz, 77, 62.66 W, 100 %, 34 %
2026/07/19 10:33:24.383, 2655 MHz, 77, 62.66 W, 100 %, 34 %
2026/07/19 10:33:24.590, 2670 MHz, 76, 50.11 W, 100 %, 18 %
2026/07/19 10:33:24.804, 2670 MHz, 76, 50.11 W, 100 %, 18 %
2026/07/19 10:33:25.019, 2670 MHz, 75, 46.95 W, 100 %, 15 %
2026/07/19 10:33:25.233, 2670 MHz, 75, 46.95 W, 100 %, 15 %
2026/07/19 10:33:25.442, 2670 MHz, 75, 46.95 W, 100 %, 15 %
2026/07/19 10:33:25.644, 2670 MHz, 76, 41.64 W, 100 %, 11 %
2026/07/19 10:33:25.845, 2670 MHz, 76, 41.64 W, 100 %, 11 %
2026/07/19 10:33:26.047, 2490 MHz, 78, 63.09 W, 99 %, 43 %
2026/07/19 10:33:26.249, 2490 MHz, 78, 63.09 W, 99 %, 43 %
2026/07/19 10:33:26.450, 2490 MHz, 78, 63.09 W, 99 %, 43 %
2026/07/19 10:33:26.666, 2670 MHz, 76, 49.29 W, 100 %, 19 %
2026/07/19 10:33:26.868, 2670 MHz, 76, 49.29 W, 100 %, 19 %
2026/07/19 10:33:27.077, 2670 MHz, 76, 43.07 W, 100 %, 15 %
2026/07/19 10:33:27.289, 2670 MHz, 76, 43.07 W, 100 %, 15 %
2026/07/19 10:33:27.492, 2670 MHz, 75, 44.77 W, 100 %, 11 %
2026/07/19 10:33:27.693, 2670 MHz, 75, 44.77 W, 100 %, 11 %
2026/07/19 10:33:27.900, 2670 MHz, 75, 44.77 W, 100 %, 11 %
2026/07/19 10:33:28.113, 2505 MHz, 78, 46.03 W, 90 %, 40 %
2026/07/19 10:33:28.325, 2505 MHz, 78, 46.03 W, 90 %, 40 %
2026/07/19 10:33:28.527, 2670 MHz, 76, 51.74 W, 93 %, 22 %
2026/07/19 10:33:28.733, 2670 MHz, 76, 51.74 W, 93 %, 22 %
2026/07/19 10:33:28.949, 2670 MHz, 76, 51.74 W, 93 %, 22 %
2026/07/19 10:33:29.150, 2670 MHz, 76, 56.40 W, 93 %, 18 %
2026/07/19 10:33:29.352, 2670 MHz, 76, 56.40 W, 93 %, 18 %
2026/07/19 10:33:29.555, 2670 MHz, 76, 44.20 W, 95 %, 14 %
2026/07/19 10:33:29.764, 2670 MHz, 76, 44.20 W, 95 %, 14 %
2026/07/19 10:33:29.980, 2670 MHz, 76, 44.20 W, 95 %, 14 %
2026/07/19 10:33:30.181, 2670 MHz, 75, 42.21 W, 96 %, 12 %
2026/07/19 10:33:30.382, 2670 MHz, 75, 42.21 W, 96 %, 12 %
2026/07/19 10:33:30.587, 2670 MHz, 72, 24.50 W, 2 %, 0 %
2026/07/19 10:33:30.799, 2670 MHz, 72, 24.50 W, 2 %, 0 %
2026/07/19 10:33:31.008, 2670 MHz, 71, 22.61 W, 0 %, 0 %
2026/07/19 10:33:31.215, 2670 MHz, 71, 22.61 W, 0 %, 0 %
2026/07/19 10:33:31.421, 2670 MHz, 71, 22.61 W, 0 %, 0 %
2026/07/19 10:33:31.625, 2670 MHz, 71, 20.97 W, 0 %, 0 %
2026/07/19 10:33:31.826, 2670 MHz, 71, 20.97 W, 0 %, 0 %
2026/07/19 10:33:32.028, 2055 MHz, 48, 1.20 W, 0 %, 0 %
2026/07/19 10:33:32.681, 2055 MHz, 70, 12.93 W, 0 %, 0 %
2026/07/19 10:33:32.883, 2055 MHz, 70, 12.93 W, 0 %, 0 %
2026/07/19 10:33:33.085, 2055 MHz, 70, 13.79 W, 0 %, 0 %
2026/07/19 10:33:33.288, 2055 MHz, 70, 13.79 W, 0 %, 0 %
2026/07/19 10:33:33.491, 2055 MHz, 70, 13.79 W, 0 %, 0 %
2026/07/19 10:33:33.706, 2055 MHz, 70, 13.88 W, 0 %, 0 %
2026/07/19 10:33:33.920, 2055 MHz, 70, 13.88 W, 0 %, 0 %
2026/07/19 10:33:34.124, 2055 MHz, 70, 13.69 W, 0 %, 0 %
2026/07/19 10:33:34.325, 2055 MHz, 70, 13.69 W, 0 %, 0 %
2026/07/19 10:33:34.526, 2055 MHz, 70, 13.69 W, 0 %, 0 %
2026/07/19 10:33:34.733, 2055 MHz, 70, 13.71 W, 0 %, 0 %
2026/07/19 10:33:34.940, 2055 MHz, 70, 13.71 W, 0 %, 0 %
2026/07/19 10:33:35.149, 2055 MHz, 69, 13.73 W, 0 %, 0 %
2026/07/19 10:33:35.361, 2055 MHz, 69, 13.73 W, 0 %, 0 %
2026/07/19 10:33:35.577, 1365 MHz, 48, 590.01 W, 0 %, 0 %
2026/07/19 10:33:36.200, 2055 MHz, 69, 13.04 W, 0 %, 0 %
2026/07/19 10:33:36.404, 2055 MHz, 69, 13.04 W, 0 %, 0 %
2026/07/19 10:33:36.618, 2055 MHz, 69, 13.73 W, 0 %, 0 %
2026/07/19 10:33:36.819, 2055 MHz, 69, 13.73 W, 0 %, 0 %
2026/07/19 10:33:37.025, 2055 MHz, 69, 13.73 W, 0 %, 0 %
2026/07/19 10:33:37.233, 2055 MHz, 69, 13.70 W, 0 %, 0 %
2026/07/19 10:33:37.435, 2055 MHz, 69, 13.70 W, 0 %, 0 %
2026/07/19 10:33:37.647, 2055 MHz, 69, 13.64 W, 0 %, 0 %
2026/07/19 10:33:37.853, 2055 MHz, 69, 13.64 W, 0 %, 0 %
2026/07/19 10:33:38.056, 2055 MHz, 69, 13.94 W, 0 %, 0 %
2026/07/19 10:33:38.263, 2055 MHz, 48, 1.20 W, 0 %, 0 %
2026/07/19 10:33:38.874, 2055 MHz, 69, 11.38 W, 0 %, 0 %
2026/07/19 10:33:39.080, 2055 MHz, 69, 11.38 W, 0 %, 0 %
2026/07/19 10:33:39.284, 2055 MHz, 69, 13.72 W, 0 %, 0 %
2026/07/19 10:33:39.496, 2055 MHz, 69, 13.72 W, 0 %, 0 %
2026/07/19 10:33:39.698, 2055 MHz, 69, 13.72 W, 0 %, 0 %
2026/07/19 10:33:39.912, 2055 MHz, 69, 13.71 W, 0 %, 0 %
2026/07/19 10:33:40.123, 2055 MHz, 69, 13.71 W, 0 %, 0 %
2026/07/19 10:33:40.326, 2055 MHz, 69, 13.73 W, 0 %, 0 %
2026/07/19 10:33:40.528, 2055 MHz, 69, 13.73 W, 0 %, 0 %
2026/07/19 10:33:40.736, 2055 MHz, 69, 13.73 W, 0 %, 0 %
2026/07/19 10:33:40.938, 2055 MHz, 69, 13.69 W, 0 %, 0 %
2026/07/19 10:33:41.140, 2055 MHz, 69, 13.69 W, 0 %, 0 %
2026/07/19 10:33:41.356, 2055 MHz, 69, 13.66 W, 0 %, 0 %
2026/07/19 10:33:41.569, 2055 MHz, 69, 13.66 W, 0 %, 0 %
2026/07/19 10:33:41.773, 2055 MHz, 69, 13.79 W, 0 %, 0 %
2026/07/19 10:33:41.980, 2055 MHz, 69, 13.79 W, 0 %, 0 %
2026/07/19 10:33:42.185, 2055 MHz, 69, 13.79 W, 0 %, 0 %
2026/07/19 10:33:42.390, 2055 MHz, 69, 13.70 W, 0 %, 0 %
2026/07/19 10:33:42.599, 2055 MHz, 69, 13.70 W, 0 %, 0 %
2026/07/19 10:33:42.806, 2055 MHz, 69, 13.69 W, 0 %, 0 %
2026/07/19 10:33:43.021, 2055 MHz, 69, 13.69 W, 0 %, 0 %
2026/07/19 10:33:43.228, 2055 MHz, 48, 1.20 W, 0 %, 0 %
2026/07/19 10:33:43.821, 2055 MHz, 69, 12.84 W, 0 %, 0 %
2026/07/19 10:33:44.033, 2055 MHz, 69, 12.84 W, 0 %, 0 %
2026/07/19 10:33:44.240, 2055 MHz, 69, 13.67 W, 0 %, 0 %
2026/07/19 10:33:44.442, 2055 MHz, 69, 13.67 W, 0 %, 0 %
2026/07/19 10:33:44.648, 2055 MHz, 69, 13.67 W, 0 %, 0 %
2026/07/19 10:33:44.849, 2055 MHz, 69, 14.74 W, 31 %, 5 %
2026/07/19 10:33:45.064, 2055 MHz, 69, 14.74 W, 31 %, 5 %
2026/07/19 10:33:45.267, 2055 MHz, 69, 15.12 W, 27 %, 5 %
2026/07/19 10:33:45.470, 2055 MHz, 69, 15.12 W, 27 %, 5 %
2026/07/19 10:33:45.673, 2055 MHz, 69, 15.12 W, 27 %, 5 %
2026/07/19 10:33:45.888, 2055 MHz, 70, 16.37 W, 28 %, 5 %
2026/07/19 10:33:46.090, 2055 MHz, 70, 16.37 W, 28 %, 5 %
2026/07/19 10:33:46.300, 2055 MHz, 70, 17.99 W, 32 %, 8 %
2026/07/19 10:33:46.504, 2055 MHz, 70, 17.99 W, 32 %, 8 %
2026/07/19 10:33:46.707, 2055 MHz, 70, 19.14 W, 35 %, 8 %
2026/07/19 10:33:46.910, 2055 MHz, 70, 19.14 W, 35 %, 8 %
2026/07/19 10:33:47.113, 2055 MHz, 70, 19.14 W, 35 %, 8 %
2026/07/19 10:33:47.317, 2535 MHz, 71, 21.92 W, 59 %, 20 %
2026/07/19 10:33:47.518, 2535 MHz, 71, 21.92 W, 59 %, 20 %
2026/07/19 10:33:47.720, 2670 MHz, 76, 32.81 W, 68 %, 16 %
2026/07/19 10:33:47.923, 2670 MHz, 76, 32.81 W, 68 %, 16 %
2026/07/19 10:33:48.123, 2670 MHz, 76, 32.81 W, 68 %, 16 %
2026/07/19 10:33:48.325, 2670 MHz, 75, 45.61 W, 82 %, 16 %
2026/07/19 10:33:48.527, 2670 MHz, 75, 45.61 W, 82 %, 16 %
2026/07/19 10:33:48.732, 2670 MHz, 76, 42.23 W, 79 %, 13 %
2026/07/19 10:33:48.934, 2670 MHz, 76, 42.23 W, 79 %, 13 %
2026/07/19 10:33:49.141, 2670 MHz, 76, 42.23 W, 79 %, 13 %
2026/07/19 10:33:49.345, 2670 MHz, 74, 40.50 W, 77 %, 8 %
2026/07/19 10:33:49.546, 2670 MHz, 74, 40.50 W, 77 %, 8 %
2026/07/19 10:33:49.755, 2565 MHz, 73, 47.19 W, 83 %, 20 %
2026/07/19 10:33:49.966, 2565 MHz, 73, 47.19 W, 83 %, 20 %
2026/07/19 10:33:50.174, 2565 MHz, 73, 47.19 W, 83 %, 20 %
2026/07/19 10:33:50.385, 2670 MHz, 78, 59.70 W, 95 %, 30 %
2026/07/19 10:33:50.592, 2670 MHz, 78, 59.70 W, 95 %, 30 %
2026/07/19 10:33:50.793, 2670 MHz, 76, 52.33 W, 97 %, 18 %
2026/07/19 10:33:50.995, 2670 MHz, 76, 52.33 W, 97 %, 18 %
2026/07/19 10:33:51.200, 2670 MHz, 76, 48.16 W, 96 %, 17 %
2026/07/19 10:33:51.410, 2670 MHz, 76, 48.16 W, 96 %, 17 %
2026/07/19 10:33:51.615, 2670 MHz, 76, 48.16 W, 96 %, 17 %
2026/07/19 10:33:51.817, 2670 MHz, 75, 42.86 W, 98 %, 8 %
2026/07/19 10:33:52.018, 2670 MHz, 75, 42.86 W, 98 %, 8 %
2026/07/19 10:33:52.219, 2670 MHz, 78, 60.76 W, 96 %, 31 %
2026/07/19 10:33:52.420, 2670 MHz, 78, 60.76 W, 96 %, 31 %
2026/07/19 10:33:52.624, 2670 MHz, 78, 60.76 W, 96 %, 31 %
2026/07/19 10:33:52.827, 2670 MHz, 77, 51.36 W, 97 %, 21 %
2026/07/19 10:33:53.033, 2670 MHz, 77, 51.36 W, 97 %, 21 %
2026/07/19 10:33:53.242, 2670 MHz, 76, 46.09 W, 97 %, 15 %
2026/07/19 10:33:53.443, 2670 MHz, 76, 46.09 W, 97 %, 15 %
2026/07/19 10:33:53.644, 2670 MHz, 76, 46.09 W, 97 %, 15 %
2026/07/19 10:33:53.852, 2670 MHz, 76, 43.77 W, 97 %, 11 %
2026/07/19 10:33:54.059, 2670 MHz, 76, 43.77 W, 97 %, 11 %
2026/07/19 10:33:54.263, 2655 MHz, 78, 51.42 W, 94 %, 28 %
2026/07/19 10:33:54.465, 2655 MHz, 78, 51.42 W, 94 %, 28 %
2026/07/19 10:33:54.670, 2655 MHz, 78, 51.42 W, 94 %, 28 %
2026/07/19 10:33:54.872, 2670 MHz, 77, 54.71 W, 95 %, 18 %
2026/07/19 10:33:55.074, 2670 MHz, 77, 54.71 W, 95 %, 18 %
2026/07/19 10:33:55.287, 2670 MHz, 77, 45.50 W, 98 %, 14 %
2026/07/19 10:33:55.489, 2670 MHz, 77, 45.50 W, 98 %, 14 %
2026/07/19 10:33:55.692, 2670 MHz, 77, 45.50 W, 98 %, 14 %
2026/07/19 10:33:55.896, 2670 MHz, 76, 36.36 W, 98 %, 12 %
2026/07/19 10:33:56.110, 2670 MHz, 76, 36.36 W, 98 %, 12 %
2026/07/19 10:33:56.312, 2670 MHz, 79, 64.17 W, 92 %, 27 %
2026/07/19 10:33:56.522, 2670 MHz, 79, 64.17 W, 92 %, 27 %
2026/07/19 10:33:56.724, 2670 MHz, 77, 49.47 W, 91 %, 21 %
2026/07/19 10:33:56.934, 2670 MHz, 77, 49.47 W, 91 %, 21 %
2026/07/19 10:33:57.144, 2670 MHz, 77, 49.47 W, 91 %, 21 %
2026/07/19 10:33:57.355, 2670 MHz, 77, 44.38 W, 96 %, 13 %
2026/07/19 10:33:57.563, 2670 MHz, 77, 44.38 W, 96 %, 13 %
2026/07/19 10:33:57.778, 2670 MHz, 77, 40.33 W, 95 %, 13 %
2026/07/19 10:33:57.981, 2670 MHz, 77, 40.33 W, 95 %, 13 %
2026/07/19 10:33:58.188, 2670 MHz, 77, 40.33 W, 95 %, 13 %
2026/07/19 10:33:58.397, 2670 MHz, 73, 24.65 W, 2 %, 0 %
2026/07/19 10:33:58.604, 2670 MHz, 73, 24.65 W, 2 %, 0 %
2026/07/19 10:33:58.813, 2670 MHz, 72, 23.13 W, 0 %, 0 %
2026/07/19 10:33:59.024, 2670 MHz, 72, 23.13 W, 0 %, 0 %
2026/07/19 10:33:59.234, 2670 MHz, 72, 22.07 W, 0 %, 0 %
2026/07/19 10:33:59.439, 2670 MHz, 72, 22.07 W, 0 %, 0 %
2026/07/19 10:33:59.641, 2670 MHz, 72, 22.07 W, 0 %, 0 %
2026/07/19 10:33:59.842, 2055 MHz, 71, 21.02 W, 27 %, 4 %
2026/07/19 10:34:00.056, 2055 MHz, 71, 21.02 W, 27 %, 4 %
2026/07/19 10:34:00.264, 2055 MHz, 72, 19.30 W, 25 %, 4 %
2026/07/19 10:34:00.471, 2055 MHz, 72, 19.30 W, 25 %, 4 %
2026/07/19 10:34:00.687, 2055 MHz, 72, 19.30 W, 25 %, 4 %
2026/07/19 10:34:00.900, 2055 MHz, 71, 17.64 W, 30 %, 5 %
2026/07/19 10:34:01.111, 2055 MHz, 71, 17.64 W, 30 %, 5 %
2026/07/19 10:34:01.315, 2055 MHz, 72, 18.89 W, 29 %, 6 %
2026/07/19 10:34:01.517, 2055 MHz, 72, 18.89 W, 29 %, 6 %
2026/07/19 10:34:01.723, 2055 MHz, 72, 20.25 W, 38 %, 11 %
2026/07/19 10:34:01.926, 2055 MHz, 72, 20.25 W, 38 %, 11 %
2026/07/19 10:34:02.138, 2055 MHz, 72, 20.25 W, 38 %, 11 %
2026/07/19 10:34:02.341, 2670 MHz, 76, 38.69 W, 55 %, 16 %
2026/07/19 10:34:02.541, 2670 MHz, 76, 38.69 W, 55 %, 16 %
2026/07/19 10:34:02.742, 2670 MHz, 76, 44.13 W, 74 %, 15 %
2026/07/19 10:34:02.943, 2670 MHz, 76, 44.13 W, 74 %, 15 %
2026/07/19 10:34:03.145, 2670 MHz, 76, 44.13 W, 74 %, 15 %
2026/07/19 10:34:03.348, 2670 MHz, 75, 44.56 W, 77 %, 13 %
2026/07/19 10:34:03.550, 2670 MHz, 75, 44.56 W, 77 %, 13 %
2026/07/19 10:34:03.750, 2670 MHz, 75, 42.58 W, 78 %, 14 %
2026/07/19 10:34:03.966, 2670 MHz, 75, 42.58 W, 78 %, 14 %
2026/07/19 10:34:04.180, 2670 MHz, 75, 42.58 W, 78 %, 14 %
2026/07/19 10:34:04.388, 2670 MHz, 75, 41.11 W, 82 %, 12 %
2026/07/19 10:34:04.599, 2670 MHz, 75, 41.11 W, 82 %, 12 %
2026/07/19 10:34:04.813, 2625 MHz, 79, 56.87 W, 99 %, 36 %
2026/07/19 10:34:05.025, 2625 MHz, 79, 56.87 W, 99 %, 36 %
2026/07/19 10:34:05.229, 2655 MHz, 78, 55.50 W, 100 %, 24 %
2026/07/19 10:34:05.442, 2655 MHz, 78, 55.50 W, 100 %, 24 %
2026/07/19 10:34:05.646, 2655 MHz, 78, 55.50 W, 100 %, 24 %
2026/07/19 10:34:05.856, 2670 MHz, 78, 47.74 W, 100 %, 15 %
2026/07/19 10:34:06.060, 2670 MHz, 78, 47.74 W, 100 %, 15 %
2026/07/19 10:34:06.264, 2670 MHz, 79, 43.01 W, 100 %, 11 %
2026/07/19 10:34:06.477, 2670 MHz, 79, 43.01 W, 100 %, 11 %
2026/07/19 10:34:06.679, 2670 MHz, 79, 43.01 W, 100 %, 11 %
2026/07/19 10:34:06.890, 2640 MHz, 80, 62.04 W, 100 %, 31 %
2026/07/19 10:34:07.093, 2640 MHz, 80, 62.04 W, 100 %, 31 %
2026/07/19 10:34:07.293, 2670 MHz, 78, 55.48 W, 100 %, 24 %
2026/07/19 10:34:07.494, 2670 MHz, 78, 55.48 W, 100 %, 24 %
2026/07/19 10:34:07.694, 2670 MHz, 78, 55.48 W, 100 %, 24 %
2026/07/19 10:34:07.909, 2670 MHz, 78, 47.05 W, 100 %, 16 %
2026/07/19 10:34:08.118, 2670 MHz, 78, 47.05 W, 100 %, 16 %
2026/07/19 10:34:08.322, 2475 MHz, 80, 62.99 W, 97 %, 39 %
2026/07/19 10:34:08.526, 2475 MHz, 80, 62.99 W, 97 %, 39 %
2026/07/19 10:34:08.733, 2670 MHz, 80, 60.98 W, 99 %, 23 %
2026/07/19 10:34:08.944, 2670 MHz, 80, 60.98 W, 99 %, 23 %
2026/07/19 10:34:09.145, 2670 MHz, 80, 60.98 W, 99 %, 23 %
2026/07/19 10:34:09.350, 2670 MHz, 78, 52.58 W, 100 %, 21 %
2026/07/19 10:34:09.563, 2670 MHz, 78, 52.58 W, 100 %, 21 %
2026/07/19 10:34:09.764, 2670 MHz, 77, 38.58 W, 100 %, 12 %
2026/07/19 10:34:09.967, 2670 MHz, 77, 38.58 W, 100 %, 12 %
2026/07/19 10:34:10.169, 2670 MHz, 77, 38.58 W, 100 %, 12 %
2026/07/19 10:34:10.384, 2535 MHz, 81, 60.79 W, 84 %, 38 %
2026/07/19 10:34:10.588, 2535 MHz, 81, 60.79 W, 84 %, 38 %
2026/07/19 10:34:10.800, 2670 MHz, 80, 55.62 W, 94 %, 23 %
2026/07/19 10:34:11.010, 2670 MHz, 80, 55.62 W, 94 %, 23 %
2026/07/19 10:34:11.221, 2670 MHz, 78, 52.31 W, 95 %, 19 %
2026/07/19 10:34:11.425, 2670 MHz, 78, 52.31 W, 95 %, 19 %
2026/07/19 10:34:11.626, 2670 MHz, 78, 52.31 W, 95 %, 19 %
2026/07/19 10:34:11.826, 2670 MHz, 77, 45.48 W, 95 %, 12 %
2026/07/19 10:34:12.030, 2670 MHz, 77, 45.48 W, 95 %, 12 %
2026/07/19 10:34:12.233, 2670 MHz, 75, 25.39 W, 3 %, 0 %
2026/07/19 10:34:12.436, 2670 MHz, 75, 25.39 W, 3 %, 0 %
2026/07/19 10:34:12.638, 2670 MHz, 75, 25.39 W, 3 %, 0 %
2026/07/19 10:34:12.838, 2670 MHz, 74, 22.41 W, 0 %, 0 %
2026/07/19 10:34:13.045, 2670 MHz, 74, 22.41 W, 0 %, 0 %
2026/07/19 10:34:13.249, 2670 MHz, 73, 21.72 W, 0 %, 0 %
2026/07/19 10:34:13.452, 2670 MHz, 73, 21.72 W, 0 %, 0 %
2026/07/19 10:34:13.660, 2670 MHz, 73, 21.72 W, 0 %, 0 %
2026/07/19 10:34:13.864, 2670 MHz, 73, 23.07 W, 22 %, 3 %
2026/07/19 10:34:14.076, 2670 MHz, 73, 23.07 W, 22 %, 3 %
2026/07/19 10:34:14.278, 2055 MHz, 72, 16.46 W, 25 %, 5 %
2026/07/19 10:34:14.480, 2055 MHz, 72, 16.46 W, 25 %, 5 %
2026/07/19 10:34:14.687, 2055 MHz, 72, 16.46 W, 25 %, 5 %
2026/07/19 10:34:14.888, 2055 MHz, 72, 18.77 W, 26 %, 4 %
2026/07/19 10:34:15.090, 2055 MHz, 72, 18.77 W, 26 %, 4 %
2026/07/19 10:34:15.290, 2055 MHz, 72, 19.34 W, 36 %, 8 %
2026/07/19 10:34:15.493, 2055 MHz, 72, 19.34 W, 36 %, 8 %
2026/07/19 10:34:15.694, 2055 MHz, 72, 19.34 W, 36 %, 8 %
2026/07/19 10:34:15.909, 2055 MHz, 73, 21.91 W, 39 %, 11 %
2026/07/19 10:34:16.113, 2055 MHz, 73, 21.91 W, 39 %, 11 %
2026/07/19 10:34:16.314, 2670 MHz, 76, 40.35 W, 63 %, 25 %
2026/07/19 10:34:16.528, 2670 MHz, 76, 40.35 W, 63 %, 25 %
2026/07/19 10:34:16.743, 2670 MHz, 76, 48.65 W, 72 %, 20 %
2026/07/19 10:34:16.954, 2670 MHz, 76, 48.65 W, 72 %, 20 %
2026/07/19 10:34:17.156, 2670 MHz, 76, 48.65 W, 72 %, 20 %
2026/07/19 10:34:17.357, 2670 MHz, 77, 46.32 W, 75 %, 15 %
2026/07/19 10:34:17.558, 2670 MHz, 77, 46.32 W, 75 %, 15 %
2026/07/19 10:34:17.760, 2670 MHz, 78, 45.05 W, 84 %, 15 %
2026/07/19 10:34:17.962, 2670 MHz, 78, 45.05 W, 84 %, 15 %
2026/07/19 10:34:18.164, 2670 MHz, 78, 45.05 W, 84 %, 15 %
2026/07/19 10:34:18.365, 2670 MHz, 77, 41.99 W, 83 %, 12 %
2026/07/19 10:34:18.568, 2670 MHz, 77, 41.99 W, 83 %, 12 %
2026/07/19 10:34:18.781, 2445 MHz, 79, 61.91 W, 95 %, 42 %
2026/07/19 10:34:18.995, 2445 MHz, 79, 61.91 W, 95 %, 42 %
2026/07/19 10:34:19.197, 2670 MHz, 79, 54.88 W, 96 %, 24 %
2026/07/19 10:34:19.400, 2670 MHz, 79, 54.88 W, 96 %, 24 %
2026/07/19 10:34:19.609, 2670 MHz, 79, 54.88 W, 96 %, 24 %
2026/07/19 10:34:19.811, 2670 MHz, 78, 50.62 W, 97 %, 14 %
2026/07/19 10:34:20.023, 2670 MHz, 78, 50.62 W, 97 %, 14 %
2026/07/19 10:34:20.227, 2670 MHz, 77, 45.28 W, 97 %, 13 %
2026/07/19 10:34:20.436, 2670 MHz, 77, 45.28 W, 97 %, 13 %
2026/07/19 10:34:20.649, 2670 MHz, 77, 45.28 W, 97 %, 13 %
2026/07/19 10:34:20.851, 2670 MHz, 81, 62.06 W, 95 %, 30 %
2026/07/19 10:34:21.053, 2670 MHz, 81, 62.06 W, 95 %, 30 %
2026/07/19 10:34:21.260, 2670 MHz, 79, 55.20 W, 95 %, 22 %
2026/07/19 10:34:21.463, 2670 MHz, 79, 55.20 W, 95 %, 22 %
2026/07/19 10:34:21.664, 2670 MHz, 79, 55.20 W, 95 %, 22 %
2026/07/19 10:34:21.878, 2670 MHz, 79, 46.82 W, 97 %, 15 %
2026/07/19 10:34:22.086, 2670 MHz, 79, 46.82 W, 97 %, 15 %
2026/07/19 10:34:22.294, 2670 MHz, 79, 44.32 W, 96 %, 12 %
2026/07/19 10:34:22.504, 2670 MHz, 79, 44.32 W, 96 %, 12 %
2026/07/19 10:34:22.715, 2640 MHz, 81, 57.55 W, 96 %, 29 %
2026/07/19 10:34:22.918, 2640 MHz, 81, 57.55 W, 96 %, 29 %
2026/07/19 10:34:23.132, 2640 MHz, 81, 57.55 W, 96 %, 29 %
2026/07/19 10:34:23.347, 2670 MHz, 80, 54.86 W, 97 %, 22 %
2026/07/19 10:34:23.550, 2670 MHz, 80, 54.86 W, 97 %, 22 %
2026/07/19 10:34:23.753, 2670 MHz, 78, 49.37 W, 97 %, 18 %
2026/07/19 10:34:23.958, 2670 MHz, 78, 49.37 W, 97 %, 18 %
2026/07/19 10:34:24.171, 2670 MHz, 78, 49.37 W, 97 %, 18 %
2026/07/19 10:34:24.378, 2490 MHz, 81, 54.86 W, 89 %, 27 %
2026/07/19 10:34:24.581, 2490 MHz, 81, 54.86 W, 89 %, 27 %
2026/07/19 10:34:24.790, 2655 MHz, 81, 59.42 W, 91 %, 29 %
2026/07/19 10:34:24.991, 2655 MHz, 81, 59.42 W, 91 %, 29 %
2026/07/19 10:34:25.193, 2655 MHz, 81, 59.42 W, 91 %, 29 %
2026/07/19 10:34:25.403, 2670 MHz, 80, 52.88 W, 94 %, 19 %
2026/07/19 10:34:25.604, 2670 MHz, 80, 52.88 W, 94 %, 19 %
2026/07/19 10:34:25.809, 2670 MHz, 78, 49.27 W, 95 %, 17 %
2026/07/19 10:34:26.021, 2670 MHz, 78, 49.27 W, 95 %, 17 %
2026/07/19 10:34:26.225, 2670 MHz, 76, 37.15 W, 51 %, 8 %
2026/07/19 10:34:26.428, 2670 MHz, 76, 37.15 W, 51 %, 8 %
2026/07/19 10:34:26.631, 2670 MHz, 76, 37.15 W, 51 %, 8 %
2026/07/19 10:34:26.832, 2670 MHz, 75, 24.38 W, 0 %, 0 %
2026/07/19 10:34:27.034, 2670 MHz, 75, 24.38 W, 0 %, 0 %
2026/07/19 10:34:27.241, 2670 MHz, 74, 21.74 W, 0 %, 0 %
2026/07/19 10:34:27.446, 2670 MHz, 74, 21.74 W, 0 %, 0 %
2026/07/19 10:34:27.653, 2670 MHz, 74, 21.74 W, 0 %, 0 %
2026/07/19 10:34:27.865, 2670 MHz, 74, 22.52 W, 30 %, 5 %
2026/07/19 10:34:28.067, 2670 MHz, 74, 22.52 W, 30 %, 5 %
2026/07/19 10:34:28.269, 2055 MHz, 73, 19.50 W, 30 %, 5 %
2026/07/19 10:34:28.472, 2055 MHz, 73, 19.50 W, 30 %, 5 %
2026/07/19 10:34:28.675, 2055 MHz, 73, 19.50 W, 30 %, 5 %
2026/07/19 10:34:28.875, 2055 MHz, 73, 19.16 W, 31 %, 6 %
2026/07/19 10:34:29.077, 2055 MHz, 73, 19.16 W, 31 %, 6 %
2026/07/19 10:34:29.280, 2055 MHz, 73, 20.03 W, 30 %, 6 %
2026/07/19 10:34:29.491, 2055 MHz, 73, 20.03 W, 30 %, 6 %
2026/07/19 10:34:29.705, 2055 MHz, 74, 23.02 W, 46 %, 13 %
2026/07/19 10:34:29.909, 2055 MHz, 74, 23.02 W, 46 %, 13 %
2026/07/19 10:34:30.121, 2055 MHz, 74, 23.02 W, 46 %, 13 %
2026/07/19 10:34:30.324, 2670 MHz, 77, 31.76 W, 55 %, 13 %
2026/07/19 10:34:30.524, 2670 MHz, 77, 31.76 W, 55 %, 13 %
2026/07/19 10:34:30.734, 2670 MHz, 77, 39.65 W, 69 %, 12 %
2026/07/19 10:34:30.947, 2670 MHz, 77, 39.65 W, 69 %, 12 %
2026/07/19 10:34:31.149, 2670 MHz, 77, 39.65 W, 69 %, 12 %
2026/07/19 10:34:31.352, 2670 MHz, 77, 40.85 W, 78 %, 13 %
2026/07/19 10:34:31.566, 2670 MHz, 77, 40.85 W, 78 %, 13 %
2026/07/19 10:34:31.768, 2670 MHz, 77, 44.25 W, 74 %, 14 %
2026/07/19 10:34:31.968, 2670 MHz, 77, 44.25 W, 74 %, 14 %
2026/07/19 10:34:32.169, 2670 MHz, 77, 44.25 W, 74 %, 14 %
2026/07/19 10:34:32.384, 2670 MHz, 77, 41.71 W, 83 %, 11 %
2026/07/19 10:34:32.599, 2670 MHz, 77, 41.71 W, 83 %, 11 %
2026/07/19 10:34:32.800, 2670 MHz, 81, 61.19 W, 99 %, 32 %
2026/07/19 10:34:33.002, 2670 MHz, 81, 61.19 W, 99 %, 32 %
2026/07/19 10:34:33.205, 2670 MHz, 80, 54.96 W, 100 %, 24 %
2026/07/19 10:34:33.414, 2670 MHz, 80, 54.96 W, 100 %, 24 %
2026/07/19 10:34:33.623, 2670 MHz, 80, 54.96 W, 100 %, 24 %
2026/07/19 10:34:33.827, 2670 MHz, 80, 48.92 W, 100 %, 17 %
2026/07/19 10:34:34.040, 2670 MHz, 80, 48.92 W, 100 %, 17 %
2026/07/19 10:34:34.243, 2670 MHz, 79, 46.58 W, 100 %, 12 %
2026/07/19 10:34:34.448, 2670 MHz, 79, 46.58 W, 100 %, 12 %
2026/07/19 10:34:34.654, 2670 MHz, 79, 46.58 W, 100 %, 12 %
2026/07/19 10:34:34.855, 2625 MHz, 81, 52.82 W, 100 %, 30 %
2026/07/19 10:34:35.058, 2625 MHz, 81, 52.82 W, 100 %, 30 %
2026/07/19 10:34:35.261, 2655 MHz, 81, 56.80 W, 100 %, 22 %
2026/07/19 10:34:35.464, 2655 MHz, 81, 56.80 W, 100 %, 22 %
2026/07/19 10:34:35.677, 2655 MHz, 81, 56.80 W, 100 %, 22 %
2026/07/19 10:34:35.881, 2670 MHz, 79, 50.74 W, 100 %, 19 %
2026/07/19 10:34:36.095, 2670 MHz, 79, 50.74 W, 100 %, 19 %
2026/07/19 10:34:36.297, 2355 MHz, 82, 74.33 W, 97 %, 37 %
2026/07/19 10:34:36.499, 2355 MHz, 82, 74.33 W, 97 %, 37 %
2026/07/19 10:34:36.714, 2640 MHz, 81, 59.98 W, 100 %, 25 %
2026/07/19 10:34:36.925, 2640 MHz, 81, 59.98 W, 100 %, 25 %
2026/07/19 10:34:37.138, 2640 MHz, 81, 59.98 W, 100 %, 25 %
2026/07/19 10:34:37.340, 2670 MHz, 80, 56.95 W, 100 %, 20 %
2026/07/19 10:34:37.545, 2670 MHz, 80, 56.95 W, 100 %, 20 %
2026/07/19 10:34:37.749, 2670 MHz, 79, 51.90 W, 100 %, 13 %
2026/07/19 10:34:37.960, 2670 MHz, 79, 51.90 W, 100 %, 13 %
2026/07/19 10:34:38.164, 2670 MHz, 79, 51.90 W, 100 %, 13 %
2026/07/19 10:34:38.366, 2505 MHz, 81, 49.83 W, 91 %, 40 %
2026/07/19 10:34:38.568, 2505 MHz, 81, 49.83 W, 91 %, 40 %
2026/07/19 10:34:38.774, 2670 MHz, 81, 53.61 W, 94 %, 24 %
2026/07/19 10:34:38.977, 2670 MHz, 81, 53.61 W, 94 %, 24 %
2026/07/19 10:34:39.178, 2670 MHz, 81, 53.61 W, 94 %, 24 %
2026/07/19 10:34:39.391, 2670 MHz, 80, 53.03 W, 94 %, 21 %
2026/07/19 10:34:39.603, 2670 MHz, 80, 53.03 W, 94 %, 21 %
2026/07/19 10:34:39.805, 2670 MHz, 79, 44.88 W, 97 %, 13 %
2026/07/19 10:34:40.007, 2670 MHz, 79, 44.88 W, 97 %, 13 %
2026/07/19 10:34:40.209, 2670 MHz, 76, 25.61 W, 2 %, 0 %
2026/07/19 10:34:40.410, 2670 MHz, 76, 25.61 W, 2 %, 0 %
2026/07/19 10:34:40.616, 2670 MHz, 76, 25.61 W, 2 %, 0 %
2026/07/19 10:34:40.824, 2670 MHz, 75, 24.50 W, 0 %, 0 %
2026/07/19 10:34:41.025, 2670 MHz, 75, 24.50 W, 0 %, 0 %
2026/07/19 10:34:41.238, 2670 MHz, 75, 23.23 W, 0 %, 0 %
2026/07/19 10:34:41.445, 2670 MHz, 75, 23.23 W, 0 %, 0 %
2026/07/19 10:34:41.661, 2670 MHz, 75, 23.23 W, 0 %, 0 %
2026/07/19 10:34:41.862, 2670 MHz, 75, 22.16 W, 0 %, 0 %
2026/07/19 10:34:42.065, 2670 MHz, 75, 22.16 W, 0 %, 0 %
2026/07/19 10:34:42.268, 630 MHz, 72, 9.82 W, 0 %, 0 %
2026/07/19 10:34:42.471, 630 MHz, 72, 9.82 W, 0 %, 0 %
2026/07/19 10:34:42.674, 630 MHz, 72, 9.82 W, 0 %, 0 %
2026/07/19 10:34:42.877, 525 MHz, 72, 9.67 W, 0 %, 0 %
2026/07/19 10:34:43.081, 525 MHz, 72, 9.67 W, 0 %, 0 %
2026/07/19 10:34:43.286, 390 MHz, 72, 9.67 W, 0 %, 0 %
2026/07/19 10:34:43.489, 390 MHz, 72, 9.67 W, 0 %, 0 %
2026/07/19 10:34:43.693, 390 MHz, 72, 9.67 W, 0 %, 0 %
2026/07/19 10:34:43.897, 330 MHz, 72, 9.34 W, 0 %, 0 %
2026/07/19 10:34:44.101, 330 MHz, 72, 9.34 W, 0 %, 0 %
2026/07/19 10:34:44.306, 2055 MHz, 48, 1.20 W, 0 %, 0 %
2026/07/19 10:34:45.086, 2055 MHz, 72, 11.53 W, 0 %, 0 %
2026/07/19 10:34:45.289, 2055 MHz, 72, 11.53 W, 0 %, 0 %
2026/07/19 10:34:45.494, 2055 MHz, 72, 14.08 W, 0 %, 0 %
2026/07/19 10:34:45.699, 2055 MHz, 72, 14.08 W, 0 %, 0 %
2026/07/19 10:34:45.903, 2055 MHz, 72, 14.08 W, 0 %, 0 %
2026/07/19 10:34:46.106, 2055 MHz, 72, 14.05 W, 0 %, 0 %
2026/07/19 10:34:46.322, 2055 MHz, 72, 14.05 W, 0 %, 0 %
2026/07/19 10:34:46.524, 2055 MHz, 72, 14.11 W, 0 %, 0 %
2026/07/19 10:34:46.729, 1365 MHz, 48, 590.01 W, 0 %, 0 %
2026/07/19 10:34:47.348, 2055 MHz, 72, 13.30 W, 0 %, 0 %
2026/07/19 10:34:47.552, 2055 MHz, 72, 13.30 W, 0 %, 0 %
2026/07/19 10:34:47.754, 2055 MHz, 72, 14.02 W, 0 %, 0 %
2026/07/19 10:34:47.956, 2055 MHz, 72, 14.02 W, 0 %, 0 %
2026/07/19 10:34:48.161, 2055 MHz, 72, 14.02 W, 0 %, 0 %
2026/07/19 10:34:48.364, 2055 MHz, 72, 14.17 W, 0 %, 0 %
2026/07/19 10:34:48.578, 2055 MHz, 72, 14.17 W, 0 %, 0 %
2026/07/19 10:34:48.786, 2055 MHz, 72, 14.08 W, 0 %, 0 %
2026/07/19 10:34:48.987, 2055 MHz, 72, 14.08 W, 0 %, 0 %
2026/07/19 10:34:49.200, 2055 MHz, 72, 14.04 W, 0 %, 0 %
2026/07/19 10:34:49.401, 2055 MHz, 72, 14.04 W, 0 %, 0 %
2026/07/19 10:34:49.606, 2055 MHz, 72, 14.04 W, 0 %, 0 %
2026/07/19 10:34:49.811, 2055 MHz, 72, 14.02 W, 0 %, 0 %
2026/07/19 10:34:50.013, 2055 MHz, 72, 14.02 W, 0 %, 0 %
2026/07/19 10:34:50.227, 2055 MHz, 72, 14.02 W, 0 %, 0 %
2026/07/19 10:34:50.431, 2055 MHz, 72, 14.02 W, 0 %, 0 %
2026/07/19 10:34:50.633, 2055 MHz, 72, 14.02 W, 0 %, 0 %
2026/07/19 10:34:50.835, 2055 MHz, 72, 14.01 W, 0 %, 0 %
2026/07/19 10:34:51.042, 2055 MHz, 48, 1.20 W, 0 %, 0 %
2026/07/19 10:34:51.700, 2055 MHz, 71, 11.48 W, 0 %, 0 %
2026/07/19 10:34:51.906, 2055 MHz, 71, 11.48 W, 0 %, 0 %
2026/07/19 10:34:52.118, 2055 MHz, 71, 14.12 W, 0 %, 0 %
2026/07/19 10:34:52.319, 2055 MHz, 71, 14.12 W, 0 %, 0 %
2026/07/19 10:34:52.524, 2055 MHz, 48, 1.20 W, 0 %, 0 %
2026/07/19 10:34:53.139, 2055 MHz, 71, 14.89 W, 0 %, 0 %
2026/07/19 10:34:53.340, 2055 MHz, 71, 14.89 W, 0 %, 0 %
2026/07/19 10:34:53.554, 2055 MHz, 71, 14.04 W, 0 %, 0 %
2026/07/19 10:34:53.761, 2055 MHz, 71, 14.04 W, 0 %, 0 %
2026/07/19 10:34:53.969, 2055 MHz, 71, 14.04 W, 0 %, 0 %
2026/07/19 10:34:54.176, 2055 MHz, 71, 14.03 W, 0 %, 0 %
2026/07/19 10:34:54.381, 2055 MHz, 71, 14.03 W, 0 %, 0 %
2026/07/19 10:34:54.583, 2055 MHz, 71, 13.98 W, 0 %, 0 %
2026/07/19 10:34:54.785, 2055 MHz, 71, 13.98 W, 0 %, 0 %
2026/07/19 10:34:54.987, 2055 MHz, 71, 13.98 W, 0 %, 0 %
2026/07/19 10:34:55.191, 2055 MHz, 71, 13.94 W, 0 %, 0 %
2026/07/19 10:34:55.392, 2055 MHz, 71, 13.94 W, 0 %, 0 %
2026/07/19 10:34:55.598, 2055 MHz, 48, 1.20 W, 0 %, 0 %
2026/07/19 10:34:56.308, 2055 MHz, 71, 11.40 W, 0 %, 0 %
2026/07/19 10:34:56.520, 2055 MHz, 71, 11.40 W, 0 %, 0 %
2026/07/19 10:34:56.724, 2055 MHz, 71, 13.94 W, 0 %, 0 %
2026/07/19 10:34:56.931, 2055 MHz, 71, 13.94 W, 0 %, 0 %
2026/07/19 10:34:57.138, 2055 MHz, 71, 13.94 W, 0 %, 0 %
2026/07/19 10:34:57.346, 2055 MHz, 71, 13.93 W, 0 %, 0 %
2026/07/19 10:34:57.550, 2055 MHz, 71, 13.93 W, 0 %, 0 %
2026/07/19 10:34:57.761, 2055 MHz, 71, 13.90 W, 0 %, 0 %
2026/07/19 10:34:57.963, 2055 MHz, 71, 13.90 W, 0 %, 0 %
2026/07/19 10:34:58.170, 2055 MHz, 71, 13.90 W, 0 %, 0 %
2026/07/19 10:34:58.375, 2055 MHz, 71, 13.92 W, 0 %, 0 %
2026/07/19 10:34:58.584, 2055 MHz, 71, 13.92 W, 0 %, 0 %
2026/07/19 10:34:58.787, 2055 MHz, 71, 13.93 W, 0 %, 0 %
2026/07/19 10:34:59.002, 2055 MHz, 71, 13.93 W, 0 %, 0 %
2026/07/19 10:34:59.210, 2055 MHz, 71, 14.06 W, 0 %, 0 %
2026/07/19 10:34:59.411, 2055 MHz, 71, 14.06 W, 0 %, 0 %
2026/07/19 10:34:59.619, 2055 MHz, 71, 14.06 W, 0 %, 0 %
2026/07/19 10:34:59.826, 2055 MHz, 71, 13.91 W, 0 %, 0 %
2026/07/19 10:35:00.028, 2055 MHz, 71, 13.91 W, 0 %, 0 %
2026/07/19 10:35:00.229, 2055 MHz, 71, 13.92 W, 0 %, 0 %
2026/07/19 10:35:00.433, 2055 MHz, 71, 13.92 W, 0 %, 0 %
2026/07/19 10:35:00.635, 2055 MHz, 71, 13.92 W, 0 %, 0 %
2026/07/19 10:35:00.844, 2055 MHz, 71, 13.93 W, 0 %, 0 %
2026/07/19 10:35:01.048, 2055 MHz, 71, 13.93 W, 0 %, 0 %
2026/07/19 10:35:01.249, 2055 MHz, 71, 13.91 W, 0 %, 0 %
2026/07/19 10:35:01.461, 2055 MHz, 71, 13.91 W, 0 %, 0 %
2026/07/19 10:35:01.662, 2055 MHz, 71, 13.91 W, 0 %, 0 %
2026/07/19 10:35:01.867, 2055 MHz, 71, 13.89 W, 0 %, 0 %
2026/07/19 10:35:02.068, 2055 MHz, 71, 13.89 W, 0 %, 0 %
2026/07/19 10:35:02.273, 2055 MHz, 71, 13.94 W, 0 %, 0 %
2026/07/19 10:35:02.477, 2055 MHz, 71, 13.94 W, 0 %, 0 %
2026/07/19 10:35:02.688, 2055 MHz, 71, 14.03 W, 0 %, 0 %
2026/07/19 10:35:02.890, 2055 MHz, 71, 14.03 W, 0 %, 0 %
2026/07/19 10:35:03.092, 2055 MHz, 71, 14.03 W, 0 %, 0 %
2026/07/19 10:35:03.304, 2055 MHz, 71, 14.06 W, 0 %, 0 %
2026/07/19 10:35:03.510, 2055 MHz, 71, 14.06 W, 0 %, 0 %
2026/07/19 10:35:03.721, 2055 MHz, 71, 14.02 W, 0 %, 0 %
2026/07/19 10:35:03.932, 2055 MHz, 71, 14.02 W, 0 %, 0 %
2026/07/19 10:35:04.147, 2055 MHz, 48, 1.20 W, 0 %, 0 %
2026/07/19 10:35:04.795, 2055 MHz, 70, 12.69 W, 0 %, 0 %
2026/07/19 10:35:05.002, 2055 MHz, 70, 12.69 W, 0 %, 0 %
2026/07/19 10:35:05.207, 2055 MHz, 71, 13.91 W, 0 %, 0 %
2026/07/19 10:35:05.410, 2055 MHz, 71, 13.91 W, 0 %, 0 %
2026/07/19 10:35:05.614, 2055 MHz, 71, 13.91 W, 0 %, 0 %
2026/07/19 10:35:05.818, 2055 MHz, 48, 1.20 W, 0 %, 0 %
2026/07/19 10:35:06.538, 2055 MHz, 70, 12.92 W, 0 %, 0 %
2026/07/19 10:35:06.751, 2055 MHz, 70, 12.92 W, 0 %, 0 %
2026/07/19 10:35:06.965, 2055 MHz, 71, 14.67 W, 26 %, 4 %
2026/07/19 10:35:07.174, 2055 MHz, 71, 14.67 W, 26 %, 4 %
2026/07/19 10:35:07.379, 2055 MHz, 71, 14.67 W, 26 %, 4 %
2026/07/19 10:35:07.581, 2055 MHz, 71, 15.92 W, 31 %, 5 %
2026/07/19 10:35:07.784, 2055 MHz, 71, 15.92 W, 31 %, 5 %
2026/07/19 10:35:07.988, 2055 MHz, 71, 17.73 W, 31 %, 6 %
2026/07/19 10:35:08.201, 2055 MHz, 71, 17.73 W, 31 %, 6 %
2026/07/19 10:35:08.416, 2055 MHz, 72, 19.55 W, 39 %, 9 %
2026/07/19 10:35:08.618, 2055 MHz, 72, 19.55 W, 39 %, 9 %
2026/07/19 10:35:08.825, 2055 MHz, 72, 19.55 W, 39 %, 9 %
2026/07/19 10:35:09.030, 2685 MHz, 73, 22.88 W, 63 %, 23 %
2026/07/19 10:35:09.244, 2685 MHz, 73, 22.88 W, 63 %, 23 %
2026/07/19 10:35:09.447, 2670 MHz, 76, 35.26 W, 71 %, 17 %
2026/07/19 10:35:09.657, 2670 MHz, 76, 35.26 W, 71 %, 17 %
2026/07/19 10:35:09.859, 2670 MHz, 76, 35.26 W, 71 %, 17 %
2026/07/19 10:35:10.064, 2670 MHz, 77, 45.60 W, 82 %, 16 %
2026/07/19 10:35:10.271, 2670 MHz, 77, 45.60 W, 82 %, 16 %
2026/07/19 10:35:10.479, 2670 MHz, 77, 35.61 W, 76 %, 11 %
2026/07/19 10:35:10.681, 2670 MHz, 77, 35.61 W, 76 %, 11 %
2026/07/19 10:35:10.892, 2670 MHz, 77, 35.61 W, 76 %, 11 %
2026/07/19 10:35:11.103, 2670 MHz, 75, 53.35 W, 75 %, 7 %
2026/07/19 10:35:11.309, 2670 MHz, 75, 53.35 W, 75 %, 7 %
2026/07/19 10:35:11.510, 2535 MHz, 78, 50.92 W, 89 %, 40 %
2026/07/19 10:35:11.716, 2535 MHz, 78, 50.92 W, 89 %, 40 %
2026/07/19 10:35:11.917, 2670 MHz, 79, 57.86 W, 94 %, 23 %
2026/07/19 10:35:12.133, 2670 MHz, 79, 57.86 W, 94 %, 23 %
2026/07/19 10:35:12.343, 2670 MHz, 79, 57.86 W, 94 %, 23 %
2026/07/19 10:35:12.546, 2670 MHz, 79, 52.52 W, 96 %, 20 %
2026/07/19 10:35:12.748, 2670 MHz, 79, 52.52 W, 96 %, 20 %
2026/07/19 10:35:12.962, 2670 MHz, 77, 48.56 W, 98 %, 13 %
2026/07/19 10:35:13.176, 2670 MHz, 77, 48.56 W, 98 %, 13 %
2026/07/19 10:35:13.387, 2670 MHz, 77, 48.56 W, 98 %, 13 %
2026/07/19 10:35:13.588, 2460 MHz, 80, 66.78 W, 94 %, 43 %
2026/07/19 10:35:13.792, 2460 MHz, 80, 66.78 W, 94 %, 43 %
2026/07/19 10:35:13.994, 2670 MHz, 79, 55.42 W, 96 %, 24 %
2026/07/19 10:35:14.201, 2670 MHz, 79, 55.42 W, 96 %, 24 %
2026/07/19 10:35:14.403, 2670 MHz, 79, 55.42 W, 96 %, 24 %
2026/07/19 10:35:14.607, 2670 MHz, 78, 47.58 W, 97 %, 16 %
2026/07/19 10:35:14.809, 2670 MHz, 78, 47.58 W, 97 %, 16 %
2026/07/19 10:35:15.010, 2670 MHz, 78, 37.87 W, 97 %, 12 %
2026/07/19 10:35:15.222, 2670 MHz, 78, 37.87 W, 97 %, 12 %
2026/07/19 10:35:15.424, 2475 MHz, 80, 50.61 W, 94 %, 41 %
2026/07/19 10:35:15.634, 2475 MHz, 80, 50.61 W, 94 %, 41 %
2026/07/19 10:35:15.843, 2475 MHz, 80, 50.61 W, 94 %, 41 %
2026/07/19 10:35:16.044, 2670 MHz, 79, 58.20 W, 96 %, 25 %
2026/07/19 10:35:16.246, 2670 MHz, 79, 58.20 W, 96 %, 25 %
2026/07/19 10:35:16.447, 2670 MHz, 79, 50.52 W, 97 %, 16 %
2026/07/19 10:35:16.648, 2670 MHz, 79, 50.52 W, 97 %, 16 %
2026/07/19 10:35:16.852, 2670 MHz, 79, 50.52 W, 97 %, 16 %
2026/07/19 10:35:17.057, 2670 MHz, 78, 45.74 W, 97 %, 12 %
2026/07/19 10:35:17.270, 2670 MHz, 78, 45.74 W, 97 %, 12 %
2026/07/19 10:35:17.471, 2460 MHz, 81, 63.56 W, 95 %, 42 %
2026/07/19 10:35:17.673, 2460 MHz, 81, 63.56 W, 95 %, 42 %
2026/07/19 10:35:17.878, 2460 MHz, 81, 63.56 W, 95 %, 42 %
2026/07/19 10:35:18.080, 2670 MHz, 81, 57.22 W, 97 %, 25 %
2026/07/19 10:35:18.282, 2670 MHz, 81, 57.22 W, 97 %, 25 %
2026/07/19 10:35:18.484, 2670 MHz, 79, 54.53 W, 97 %, 18 %
2026/07/19 10:35:18.685, 2670 MHz, 79, 54.53 W, 97 %, 18 %
2026/07/19 10:35:18.900, 2670 MHz, 79, 54.53 W, 97 %, 18 %
2026/07/19 10:35:19.105, 2670 MHz, 78, 50.16 W, 96 %, 12 %
2026/07/19 10:35:19.316, 2670 MHz, 78, 50.16 W, 96 %, 12 %
2026/07/19 10:35:19.531, 2430 MHz, 81, 49.30 W, 94 %, 41 %
2026/07/19 10:35:19.738, 2430 MHz, 81, 49.30 W, 94 %, 41 %
2026/07/19 10:35:19.945, 2670 MHz, 80, 53.43 W, 95 %, 24 %
2026/07/19 10:35:20.160, 2670 MHz, 80, 53.43 W, 95 %, 24 %
2026/07/19 10:35:20.363, 2670 MHz, 80, 53.43 W, 95 %, 24 %
2026/07/19 10:35:20.569, 2670 MHz, 79, 54.93 W, 96 %, 18 %
2026/07/19 10:35:20.785, 2670 MHz, 79, 54.93 W, 96 %, 18 %
2026/07/19 10:35:20.989, 2670 MHz, 78, 49.63 W, 97 %, 12 %
2026/07/19 10:35:21.192, 2670 MHz, 78, 49.63 W, 97 %, 12 %
2026/07/19 10:35:21.398, 2670 MHz, 78, 49.63 W, 97 %, 12 %
2026/07/19 10:35:21.599, 2400 MHz, 81, 49.60 W, 95 %, 41 %
2026/07/19 10:35:21.801, 2400 MHz, 81, 49.60 W, 95 %, 41 %
2026/07/19 10:35:22.003, 2670 MHz, 80, 54.07 W, 97 %, 22 %
2026/07/19 10:35:22.205, 2670 MHz, 80, 54.07 W, 97 %, 22 %
2026/07/19 10:35:22.408, 2670 MHz, 80, 54.07 W, 97 %, 22 %
2026/07/19 10:35:22.610, 2670 MHz, 80, 47.83 W, 96 %, 16 %
2026/07/19 10:35:22.823, 2670 MHz, 80, 47.83 W, 96 %, 16 %
2026/07/19 10:35:23.025, 2670 MHz, 78, 37.01 W, 97 %, 12 %
2026/07/19 10:35:23.237, 2670 MHz, 78, 37.01 W, 97 %, 12 %
2026/07/19 10:35:23.439, 2430 MHz, 81, 61.86 W, 94 %, 40 %
2026/07/19 10:35:23.642, 2430 MHz, 81, 61.86 W, 94 %, 40 %
2026/07/19 10:35:23.850, 2430 MHz, 81, 61.86 W, 94 %, 40 %
2026/07/19 10:35:24.051, 2670 MHz, 80, 55.96 W, 96 %, 23 %
2026/07/19 10:35:24.253, 2670 MHz, 80, 55.96 W, 96 %, 23 %
2026/07/19 10:35:24.457, 2670 MHz, 79, 53.18 W, 95 %, 17 %
2026/07/19 10:35:24.663, 2670 MHz, 79, 53.18 W, 95 %, 17 %
2026/07/19 10:35:24.871, 2670 MHz, 79, 53.18 W, 95 %, 17 %
2026/07/19 10:35:25.074, 2670 MHz, 79, 44.36 W, 97 %, 12 %
2026/07/19 10:35:25.276, 2670 MHz, 79, 44.36 W, 97 %, 12 %
2026/07/19 10:35:25.478, 2445 MHz, 82, 64.68 W, 94 %, 41 %
2026/07/19 10:35:25.679, 2445 MHz, 82, 64.68 W, 94 %, 41 %
2026/07/19 10:35:25.883, 2445 MHz, 82, 64.68 W, 94 %, 41 %
2026/07/19 10:35:26.096, 2670 MHz, 81, 51.43 W, 97 %, 18 %
2026/07/19 10:35:26.300, 2670 MHz, 81, 51.43 W, 97 %, 18 %
2026/07/19 10:35:26.514, 2670 MHz, 79, 52.44 W, 96 %, 21 %
2026/07/19 10:35:26.717, 2670 MHz, 79, 52.44 W, 96 %, 21 %
2026/07/19 10:35:26.917, 2670 MHz, 79, 44.93 W, 97 %, 12 %
2026/07/19 10:35:27.133, 2670 MHz, 79, 44.93 W, 97 %, 12 %
2026/07/19 10:35:27.336, 2670 MHz, 79, 44.93 W, 97 %, 12 %
2026/07/19 10:35:27.540, 2430 MHz, 82, 51.88 W, 94 %, 41 %
2026/07/19 10:35:27.752, 2430 MHz, 82, 51.88 W, 94 %, 41 %
2026/07/19 10:35:27.968, 2670 MHz, 80, 52.98 W, 96 %, 18 %
2026/07/19 10:35:28.179, 2670 MHz, 80, 52.98 W, 96 %, 18 %
2026/07/19 10:35:28.390, 2670 MHz, 80, 52.98 W, 96 %, 18 %
2026/07/19 10:35:28.592, 2670 MHz, 79, 50.03 W, 96 %, 20 %
2026/07/19 10:35:28.797, 2670 MHz, 79, 50.03 W, 96 %, 20 %
2026/07/19 10:35:29.008, 2670 MHz, 79, 45.03 W, 98 %, 14 %
2026/07/19 10:35:29.220, 2670 MHz, 79, 45.03 W, 98 %, 14 %
2026/07/19 10:35:29.428, 2460 MHz, 82, 62.39 W, 94 %, 41 %
2026/07/19 10:35:29.630, 2460 MHz, 82, 62.39 W, 94 %, 41 %
2026/07/19 10:35:29.841, 2460 MHz, 82, 62.39 W, 94 %, 41 %
2026/07/19 10:35:30.048, 2670 MHz, 81, 56.33 W, 96 %, 21 %
2026/07/19 10:35:30.257, 2670 MHz, 81, 56.33 W, 96 %, 21 %
2026/07/19 10:35:30.459, 2670 MHz, 80, 42.97 W, 96 %, 15 %
2026/07/19 10:35:30.671, 2670 MHz, 80, 42.97 W, 96 %, 15 %
2026/07/19 10:35:30.871, 2670 MHz, 80, 42.97 W, 96 %, 15 %
2026/07/19 10:35:31.074, 2670 MHz, 79, 44.51 W, 97 %, 13 %
2026/07/19 10:35:31.283, 2670 MHz, 79, 44.51 W, 97 %, 13 %
2026/07/19 10:35:31.487, 2445 MHz, 82, 54.45 W, 91 %, 40 %
2026/07/19 10:35:31.688, 2445 MHz, 82, 54.45 W, 91 %, 40 %
2026/07/19 10:35:31.897, 2445 MHz, 82, 54.45 W, 91 %, 40 %
2026/07/19 10:35:32.103, 2670 MHz, 80, 54.61 W, 94 %, 18 %
2026/07/19 10:35:32.315, 2670 MHz, 80, 54.61 W, 94 %, 18 %
2026/07/19 10:35:32.516, 2670 MHz, 79, 53.98 W, 95 %, 19 %
2026/07/19 10:35:32.724, 2670 MHz, 79, 53.98 W, 95 %, 19 %
2026/07/19 10:35:32.940, 2670 MHz, 79, 48.83 W, 97 %, 13 %
2026/07/19 10:35:33.141, 2670 MHz, 79, 48.83 W, 97 %, 13 %
2026/07/19 10:35:33.350, 2670 MHz, 79, 48.83 W, 97 %, 13 %
2026/07/19 10:35:33.563, 2670 MHz, 76, 40.93 W, 3 %, 0 %
2026/07/19 10:35:33.766, 2670 MHz, 76, 40.93 W, 3 %, 0 %
2026/07/19 10:35:33.971, 2670 MHz, 75, 30.38 W, 0 %, 0 %
2026/07/19 10:35:34.182, 2670 MHz, 75, 30.38 W, 0 %, 0 %
2026/07/19 10:35:34.396, 2670 MHz, 75, 30.38 W, 0 %, 0 %
2026/07/19 10:35:34.604, 2670 MHz, 75, 22.13 W, 0 %, 0 %
2026/07/19 10:35:34.816, 2670 MHz, 75, 22.13 W, 0 %, 0 %
2026/07/19 10:35:35.028, 600 MHz, 74, 21.79 W, 0 %, 0 %
2026/07/19 10:35:35.241, 600 MHz, 74, 21.79 W, 0 %, 0 %
2026/07/19 10:35:35.444, 495 MHz, 72, 9.86 W, 0 %, 0 %
2026/07/19 10:35:35.653, 495 MHz, 72, 9.86 W, 0 %, 0 %
2026/07/19 10:35:35.857, 495 MHz, 72, 9.86 W, 0 %, 0 %
2026/07/19 10:35:36.065, 375 MHz, 72, 9.70 W, 0 %, 0 %
2026/07/19 10:35:36.274, 375 MHz, 72, 9.70 W, 0 %, 0 %
2026/07/19 10:35:36.476, 315 MHz, 72, 9.70 W, 0 %, 0 %
2026/07/19 10:35:36.677, 315 MHz, 72, 9.70 W, 0 %, 0 %
2026/07/19 10:35:36.884, 315 MHz, 72, 9.70 W, 0 %, 0 %
2026/07/19 10:35:37.090, 270 MHz, 72, 9.41 W, 0 %, 0 %
2026/07/19 10:35:37.302, 2055 MHz, 48, 1.20 W, 0 %, 0 %
2026/07/19 10:35:38.052, 2055 MHz, 72, 11.59 W, 0 %, 0 %
2026/07/19 10:35:38.266, 2055 MHz, 72, 11.59 W, 0 %, 0 %
2026/07/19 10:35:38.476, 2055 MHz, 72, 14.19 W, 0 %, 0 %
2026/07/19 10:35:38.683, 2055 MHz, 72, 14.19 W, 0 %, 0 %
2026/07/19 10:35:38.897, 2055 MHz, 72, 14.19 W, 0 %, 0 %
2026/07/19 10:35:39.112, 2055 MHz, 72, 14.33 W, 0 %, 0 %
2026/07/19 10:35:39.316, 2055 MHz, 72, 14.33 W, 0 %, 0 %
2026/07/19 10:35:39.523, 2055 MHz, 72, 14.12 W, 0 %, 0 %
2026/07/19 10:35:39.737, 2055 MHz, 72, 14.12 W, 0 %, 0 %
2026/07/19 10:35:39.952, 2055 MHz, 48, 1.20 W, 0 %, 0 %
2026/07/19 10:35:40.643, 2055 MHz, 72, 11.57 W, 0 %, 0 %
2026/07/19 10:35:40.853, 2055 MHz, 72, 11.57 W, 0 %, 0 %
2026/07/19 10:35:41.055, 2055 MHz, 48, 1.20 W, 0 %, 0 %
2026/07/19 10:35:41.628, 2055 MHz, 72, 11.45 W, 0 %, 0 %
2026/07/19 10:35:41.835, 2055 MHz, 72, 11.45 W, 0 %, 0 %
2026/07/19 10:35:42.036, 2055 MHz, 72, 14.17 W, 0 %, 0 %
2026/07/19 10:35:42.244, 2055 MHz, 72, 14.17 W, 0 %, 0 %
2026/07/19 10:35:42.451, 2055 MHz, 72, 14.17 W, 0 %, 0 %
2026/07/19 10:35:42.657, 2055 MHz, 72, 14.02 W, 0 %, 0 %
2026/07/19 10:35:42.865, 2055 MHz, 72, 14.02 W, 0 %, 0 %
2026/07/19 10:35:43.071, 2055 MHz, 48, 1.20 W, 0 %, 0 %
2026/07/19 10:35:43.663, 2055 MHz, 72, 11.60 W, 0 %, 0 %
2026/07/19 10:35:43.876, 2055 MHz, 72, 11.60 W, 0 %, 0 %
2026/07/19 10:35:44.089, 2055 MHz, 72, 14.09 W, 0 %, 0 %
2026/07/19 10:35:44.298, 2055 MHz, 72, 14.09 W, 0 %, 0 %
2026/07/19 10:35:44.507, 2055 MHz, 72, 14.09 W, 0 %, 0 %
2026/07/19 10:35:44.710, 2055 MHz, 72, 14.09 W, 0 %, 0 %
2026/07/19 10:35:44.912, 2055 MHz, 72, 14.09 W, 0 %, 0 %
2026/07/19 10:35:45.116, 2055 MHz, 72, 14.06 W, 0 %, 0 %
2026/07/19 10:35:45.321, 2055 MHz, 72, 14.06 W, 0 %, 0 %
2026/07/19 10:35:45.524, 2055 MHz, 72, 14.06 W, 0 %, 0 %
2026/07/19 10:35:45.740, 2055 MHz, 72, 14.00 W, 0 %, 0 %
2026/07/19 10:35:45.945, 2055 MHz, 72, 14.00 W, 0 %, 0 %
2026/07/19 10:35:46.156, 2055 MHz, 72, 14.00 W, 0 %, 0 %
2026/07/19 10:35:46.365, 2055 MHz, 48, 1.20 W, 0 %, 0 %
2026/07/19 10:35:47.074, 2055 MHz, 71, 12.76 W, 0 %, 0 %
2026/07/19 10:35:47.281, 2055 MHz, 71, 12.76 W, 0 %, 0 %
2026/07/19 10:35:47.495, 1365 MHz, 48, 590.01 W, 0 %, 0 %
2026/07/19 10:35:48.122, 2055 MHz, 71, 12.83 W, 0 %, 0 %
2026/07/19 10:35:48.337, 2055 MHz, 71, 12.83 W, 0 %, 0 %
2026/07/19 10:35:48.542, 2055 MHz, 71, 14.06 W, 0 %, 0 %
2026/07/19 10:35:48.742, 2055 MHz, 71, 14.06 W, 0 %, 0 %
2026/07/19 10:35:48.957, 2055 MHz, 71, 14.06 W, 0 %, 0 %
2026/07/19 10:35:49.166, 2055 MHz, 71, 14.04 W, 0 %, 0 %
2026/07/19 10:35:49.379, 2055 MHz, 71, 14.04 W, 0 %, 0 %
2026/07/19 10:35:49.581, 2055 MHz, 71, 14.00 W, 0 %, 0 %
2026/07/19 10:35:49.790, 2055 MHz, 71, 14.00 W, 0 %, 0 %
2026/07/19 10:35:50.004, 2055 MHz, 71, 14.29 W, 27 %, 4 %
2026/07/19 10:35:50.208, 2055 MHz, 71, 14.29 W, 27 %, 4 %
2026/07/19 10:35:50.414, 2055 MHz, 71, 14.29 W, 27 %, 4 %
2026/07/19 10:35:50.617, 2055 MHz, 72, 15.52 W, 28 %, 5 %
2026/07/19 10:35:50.829, 2055 MHz, 72, 15.52 W, 28 %, 5 %
2026/07/19 10:35:51.035, 2055 MHz, 72, 17.25 W, 23 %, 4 %
2026/07/19 10:35:51.236, 2055 MHz, 72, 17.25 W, 23 %, 4 %
2026/07/19 10:35:51.436, 2055 MHz, 72, 17.25 W, 23 %, 4 %
2026/07/19 10:35:51.640, 2055 MHz, 72, 18.59 W, 29 %, 6 %
2026/07/19 10:35:51.848, 2055 MHz, 72, 18.59 W, 29 %, 6 %
2026/07/19 10:35:52.056, 2055 MHz, 72, 19.68 W, 39 %, 11 %
2026/07/19 10:35:52.266, 2055 MHz, 72, 19.68 W, 39 %, 11 %
2026/07/19 10:35:52.475, 2055 MHz, 72, 19.68 W, 39 %, 11 %
2026/07/19 10:35:52.681, 2580 MHz, 75, 26.39 W, 62 %, 25 %
2026/07/19 10:35:52.885, 2580 MHz, 75, 26.39 W, 62 %, 25 %
2026/07/19 10:35:53.096, 2670 MHz, 77, 43.41 W, 56 %, 12 %
2026/07/19 10:35:53.303, 2670 MHz, 77, 43.41 W, 56 %, 12 %
2026/07/19 10:35:53.512, 2670 MHz, 77, 45.56 W, 77 %, 15 %
2026/07/19 10:35:53.713, 2670 MHz, 77, 45.56 W, 77 %, 15 %
2026/07/19 10:35:53.929, 2670 MHz, 77, 45.56 W, 77 %, 15 %
2026/07/19 10:35:54.144, 2670 MHz, 76, 40.47 W, 74 %, 11 %
2026/07/19 10:35:54.354, 2670 MHz, 76, 40.47 W, 74 %, 11 %
2026/07/19 10:35:54.555, 2670 MHz, 76, 39.59 W, 80 %, 11 %
2026/07/19 10:35:54.764, 2670 MHz, 76, 39.59 W, 80 %, 11 %
2026/07/19 10:35:54.970, 2670 MHz, 76, 39.59 W, 80 %, 11 %
2026/07/19 10:35:55.184, 2445 MHz, 80, 42.70 W, 99 %, 45 %
2026/07/19 10:35:55.386, 2445 MHz, 80, 42.70 W, 99 %, 45 %
2026/07/19 10:35:55.597, 2670 MHz, 80, 56.01 W, 100 %, 24 %
2026/07/19 10:35:55.810, 2670 MHz, 80, 56.01 W, 100 %, 24 %
2026/07/19 10:35:56.020, 2670 MHz, 80, 41.79 W, 100 %, 16 %
2026/07/19 10:35:56.224, 2670 MHz, 80, 41.79 W, 100 %, 16 %
2026/07/19 10:35:56.425, 2670 MHz, 80, 41.79 W, 100 %, 16 %
2026/07/19 10:35:56.630, 2670 MHz, 78, 46.04 W, 100 %, 12 %
2026/07/19 10:35:56.844, 2670 MHz, 78, 46.04 W, 100 %, 12 %
2026/07/19 10:35:57.050, 2415 MHz, 81, 61.02 W, 99 %, 43 %
2026/07/19 10:35:57.264, 2415 MHz, 81, 61.02 W, 99 %, 43 %
2026/07/19 10:35:57.466, 2415 MHz, 81, 61.02 W, 99 %, 43 %
2026/07/19 10:35:57.677, 2670 MHz, 79, 50.41 W, 100 %, 24 %
2026/07/19 10:35:57.887, 2670 MHz, 79, 50.41 W, 100 %, 24 %
2026/07/19 10:35:58.095, 2670 MHz, 80, 48.71 W, 99 %, 16 %
2026/07/19 10:35:58.310, 2670 MHz, 80, 48.71 W, 99 %, 16 %
2026/07/19 10:35:58.516, 2670 MHz, 78, 46.33 W, 100 %, 12 %
2026/07/19 10:35:58.726, 2670 MHz, 78, 46.33 W, 100 %, 12 %
2026/07/19 10:35:58.931, 2670 MHz, 78, 46.33 W, 100 %, 12 %
2026/07/19 10:35:59.140, 2415 MHz, 81, 63.15 W, 99 %, 43 %
2026/07/19 10:35:59.355, 2415 MHz, 81, 63.15 W, 99 %, 43 %
2026/07/19 10:35:59.560, 2670 MHz, 80, 49.39 W, 100 %, 19 %
2026/07/19 10:35:59.763, 2670 MHz, 80, 49.39 W, 100 %, 19 %
2026/07/19 10:35:59.964, 2670 MHz, 80, 49.39 W, 100 %, 19 %
2026/07/19 10:36:00.175, 2670 MHz, 79, 48.51 W, 100 %, 16 %
2026/07/19 10:36:00.379, 2670 MHz, 79, 48.51 W, 100 %, 16 %
2026/07/19 10:36:00.580, 2670 MHz, 78, 44.71 W, 100 %, 13 %
2026/07/19 10:36:00.793, 2670 MHz, 78, 44.71 W, 100 %, 13 %
2026/07/19 10:36:01.005, 2400 MHz, 80, 63.37 W, 100 %, 43 %
2026/07/19 10:36:01.208, 2400 MHz, 80, 63.37 W, 100 %, 43 %
2026/07/19 10:36:01.411, 2400 MHz, 80, 63.37 W, 100 %, 43 %
2026/07/19 10:36:01.620, 2655 MHz, 80, 55.69 W, 100 %, 21 %
2026/07/19 10:36:01.822, 2655 MHz, 80, 55.69 W, 100 %, 21 %
2026/07/19 10:36:02.025, 2655 MHz, 79, 53.56 W, 100 %, 14 %
2026/07/19 10:36:02.228, 2655 MHz, 79, 53.56 W, 100 %, 14 %
2026/07/19 10:36:02.430, 2655 MHz, 79, 53.56 W, 100 %, 14 %
2026/07/19 10:36:02.637, 2655 MHz, 79, 48.84 W, 100 %, 14 %
2026/07/19 10:36:02.844, 2655 MHz, 79, 48.84 W, 100 %, 14 %
2026/07/19 10:36:03.052, 2580 MHz, 81, 57.84 W, 100 %, 36 %
2026/07/19 10:36:03.259, 2580 MHz, 81, 57.84 W, 100 %, 36 %
2026/07/19 10:36:03.474, 2580 MHz, 81, 57.84 W, 100 %, 36 %
2026/07/19 10:36:03.676, 2655 MHz, 80, 56.17 W, 100 %, 22 %
2026/07/19 10:36:03.877, 2655 MHz, 80, 56.17 W, 100 %, 22 %
2026/07/19 10:36:04.083, 2655 MHz, 79, 49.61 W, 100 %, 15 %
2026/07/19 10:36:04.284, 2655 MHz, 79, 49.61 W, 100 %, 15 %
2026/07/19 10:36:04.486, 2655 MHz, 79, 44.60 W, 100 %, 12 %
2026/07/19 10:36:04.687, 2655 MHz, 79, 44.60 W, 100 %, 12 %
2026/07/19 10:36:04.887, 2655 MHz, 79, 44.60 W, 100 %, 12 %
2026/07/19 10:36:05.090, 2625 MHz, 82, 65.72 W, 100 %, 28 %
2026/07/19 10:36:05.303, 2625 MHz, 82, 65.72 W, 100 %, 28 %
2026/07/19 10:36:05.514, 2655 MHz, 81, 52.76 W, 100 %, 20 %
2026/07/19 10:36:05.720, 2655 MHz, 81, 52.76 W, 100 %, 20 %
2026/07/19 10:36:05.928, 2655 MHz, 81, 52.76 W, 100 %, 20 %
2026/07/19 10:36:06.137, 2655 MHz, 80, 51.03 W, 100 %, 18 %
2026/07/19 10:36:06.351, 2655 MHz, 80, 51.03 W, 100 %, 18 %
2026/07/19 10:36:06.562, 2655 MHz, 81, 47.65 W, 100 %, 8 %
2026/07/19 10:36:06.763, 2655 MHz, 81, 47.65 W, 100 %, 8 %
2026/07/19 10:36:06.976, 2655 MHz, 81, 47.65 W, 100 %, 8 %
2026/07/19 10:36:07.190, 2565 MHz, 81, 52.33 W, 99 %, 31 %
2026/07/19 10:36:07.392, 2565 MHz, 81, 52.33 W, 99 %, 31 %
2026/07/19 10:36:07.599, 2655 MHz, 81, 51.59 W, 100 %, 20 %
2026/07/19 10:36:07.802, 2655 MHz, 81, 51.59 W, 100 %, 20 %
2026/07/19 10:36:08.011, 2655 MHz, 79, 48.58 W, 100 %, 16 %
2026/07/19 10:36:08.223, 2655 MHz, 79, 48.58 W, 100 %, 16 %
2026/07/19 10:36:08.427, 2655 MHz, 79, 48.58 W, 100 %, 16 %
2026/07/19 10:36:08.634, 2655 MHz, 79, 63.65 W, 97 %, 32 %
2026/07/19 10:36:08.837, 2655 MHz, 79, 63.65 W, 97 %, 32 %
2026/07/19 10:36:09.037, 2655 MHz, 82, 59.06 W, 100 %, 26 %
2026/07/19 10:36:09.245, 2655 MHz, 82, 59.06 W, 100 %, 26 %
2026/07/19 10:36:09.450, 2655 MHz, 82, 59.06 W, 100 %, 26 %
2026/07/19 10:36:09.654, 2655 MHz, 80, 53.55 W, 100 %, 21 %
2026/07/19 10:36:09.860, 2655 MHz, 80, 53.55 W, 100 %, 21 %
2026/07/19 10:36:10.074, 2655 MHz, 79, 50.26 W, 100 %, 13 %
2026/07/19 10:36:10.279, 2655 MHz, 79, 50.26 W, 100 %, 13 %
2026/07/19 10:36:10.482, 2370 MHz, 82, 49.21 W, 99 %, 43 %
2026/07/19 10:36:10.697, 2370 MHz, 82, 49.21 W, 99 %, 43 %
2026/07/19 10:36:10.899, 2370 MHz, 82, 49.21 W, 99 %, 43 %
2026/07/19 10:36:11.100, 2655 MHz, 82, 52.88 W, 100 %, 24 %
2026/07/19 10:36:11.303, 2655 MHz, 82, 52.88 W, 100 %, 24 %
2026/07/19 10:36:11.507, 2655 MHz, 80, 57.21 W, 100 %, 16 %
2026/07/19 10:36:11.710, 2655 MHz, 80, 57.21 W, 100 %, 16 %
2026/07/19 10:36:11.912, 2655 MHz, 80, 57.21 W, 100 %, 16 %
2026/07/19 10:36:12.114, 2655 MHz, 80, 51.26 W, 100 %, 12 %
2026/07/19 10:36:12.316, 2655 MHz, 80, 51.26 W, 100 %, 12 %
2026/07/19 10:36:12.519, 2385 MHz, 82, 49.56 W, 99 %, 42 %
2026/07/19 10:36:12.731, 2385 MHz, 82, 49.56 W, 99 %, 42 %
2026/07/19 10:36:12.934, 2385 MHz, 82, 49.56 W, 99 %, 42 %
2026/07/19 10:36:13.136, 2655 MHz, 81, 54.55 W, 100 %, 25 %
2026/07/19 10:36:13.347, 2655 MHz, 81, 54.55 W, 100 %, 25 %
2026/07/19 10:36:13.559, 2655 MHz, 80, 55.62 W, 100 %, 18 %
2026/07/19 10:36:13.760, 2655 MHz, 80, 55.62 W, 100 %, 18 %
2026/07/19 10:36:13.966, 2655 MHz, 80, 55.62 W, 100 %, 18 %
2026/07/19 10:36:14.177, 2655 MHz, 79, 50.93 W, 100 %, 12 %
2026/07/19 10:36:14.380, 2655 MHz, 79, 50.93 W, 100 %, 12 %
2026/07/19 10:36:14.590, 2475 MHz, 82, 50.16 W, 91 %, 39 %
2026/07/19 10:36:14.795, 2475 MHz, 82, 50.16 W, 91 %, 39 %
2026/07/19 10:36:15.001, 2655 MHz, 81, 49.28 W, 93 %, 24 %
2026/07/19 10:36:15.205, 2655 MHz, 81, 49.28 W, 93 %, 24 %
2026/07/19 10:36:15.407, 2655 MHz, 81, 49.28 W, 93 %, 24 %
2026/07/19 10:36:15.610, 2655 MHz, 81, 52.21 W, 95 %, 18 %
2026/07/19 10:36:15.822, 2655 MHz, 81, 52.21 W, 95 %, 18 %
2026/07/19 10:36:16.024, 2655 MHz, 80, 43.63 W, 96 %, 10 %
2026/07/19 10:36:16.232, 2655 MHz, 80, 43.63 W, 96 %, 10 %
2026/07/19 10:36:16.436, 2655 MHz, 80, 43.63 W, 96 %, 10 %
2026/07/19 10:36:16.641, 2655 MHz, 76, 25.53 W, 2 %, 0 %
2026/07/19 10:36:16.852, 2655 MHz, 76, 25.53 W, 2 %, 0 %
2026/07/19 10:36:17.058, 2670 MHz, 76, 22.42 W, 0 %, 0 %
2026/07/19 10:36:17.265, 2670 MHz, 76, 22.42 W, 0 %, 0 %
2026/07/19 10:36:17.465, 2670 MHz, 76, 22.42 W, 0 %, 0 %
2026/07/19 10:36:17.677, 2670 MHz, 75, 22.78 W, 0 %, 0 %
2026/07/19 10:36:17.891, 2670 MHz, 75, 22.78 W, 0 %, 0 %
2026/07/19 10:36:18.094, 2670 MHz, 75, 22.11 W, 0 %, 0 %
2026/07/19 10:36:18.307, 2670 MHz, 75, 22.11 W, 0 %, 0 %
2026/07/19 10:36:18.514, 495 MHz, 73, 9.80 W, 0 %, 0 %
2026/07/19 10:36:18.722, 495 MHz, 73, 9.80 W, 0 %, 0 %
2026/07/19 10:36:18.937, 495 MHz, 73, 9.80 W, 0 %, 0 %
2026/07/19 10:36:19.149, 420 MHz, 73, 9.95 W, 0 %, 0 %
2026/07/19 10:36:19.352, 420 MHz, 73, 9.95 W, 0 %, 0 %
2026/07/19 10:36:19.561, 315 MHz, 73, 9.70 W, 0 %, 0 %
2026/07/19 10:36:19.774, 315 MHz, 73, 9.70 W, 0 %, 0 %
2026/07/19 10:36:19.984, 270 MHz, 72, 9.47 W, 0 %, 0 %
2026/07/19 10:36:20.185, 270 MHz, 72, 9.47 W, 0 %, 0 %
2026/07/19 10:36:20.388, 270 MHz, 72, 9.47 W, 0 %, 0 %
2026/07/19 10:36:20.604, 240 MHz, 72, 9.43 W, 0 %, 0 %
2026/07/19 10:36:20.804, 240 MHz, 72, 9.43 W, 0 %, 0 %
2026/07/19 10:36:21.007, 240 MHz, 72, 9.43 W, 0 %, 0 %
2026/07/19 10:36:21.216, 240 MHz, 72, 9.43 W, 0 %, 0 %
2026/07/19 10:36:21.430, 240 MHz, 72, 9.43 W, 0 %, 0 %
2026/07/19 10:36:21.633, 2055 MHz, 48, 1.20 W, 0 %, 0 %
2026/07/19 10:36:22.297, 2055 MHz, 72, 11.55 W, 0 %, 0 %
2026/07/19 10:36:22.509, 2055 MHz, 72, 11.55 W, 0 %, 0 %
2026/07/19 10:36:22.710, 2055 MHz, 72, 14.22 W, 0 %, 0 %
2026/07/19 10:36:22.920, 2055 MHz, 72, 14.22 W, 0 %, 0 %
2026/07/19 10:36:23.124, 2055 MHz, 72, 14.22 W, 0 %, 0 %
2026/07/19 10:36:23.336, 2055 MHz, 72, 14.07 W, 0 %, 0 %
2026/07/19 10:36:23.539, 2055 MHz, 72, 14.07 W, 0 %, 0 %
2026/07/19 10:36:23.755, 2055 MHz, 72, 14.03 W, 0 %, 0 %
2026/07/19 10:36:23.958, 2055 MHz, 72, 14.03 W, 0 %, 0 %
2026/07/19 10:36:24.170, 2055 MHz, 72, 14.30 W, 0 %, 0 %
2026/07/19 10:36:24.384, 2055 MHz, 72, 14.30 W, 0 %, 0 %
2026/07/19 10:36:24.585, 2055 MHz, 72, 14.30 W, 0 %, 0 %
2026/07/19 10:36:24.797, 2055 MHz, 72, 14.11 W, 0 %, 0 %
2026/07/19 10:36:25.009, 2055 MHz, 72, 14.11 W, 0 %, 0 %
2026/07/19 10:36:25.217, 2055 MHz, 72, 14.04 W, 0 %, 0 %
2026/07/19 10:36:25.425, 2055 MHz, 72, 14.04 W, 0 %, 0 %
2026/07/19 10:36:25.639, 2055 MHz, 72, 14.04 W, 0 %, 0 %
2026/07/19 10:36:25.853, 2055 MHz, 72, 14.00 W, 0 %, 0 %
2026/07/19 10:36:26.066, 2055 MHz, 72, 14.00 W, 0 %, 0 %
2026/07/19 10:36:26.268, 2055 MHz, 72, 14.06 W, 0 %, 0 %
2026/07/19 10:36:26.471, 2055 MHz, 72, 14.06 W, 0 %, 0 %
2026/07/19 10:36:26.677, 2055 MHz, 48, 1.20 W, 0 %, 0 %
2026/07/19 10:36:27.355, 2055 MHz, 72, 11.61 W, 0 %, 0 %
2026/07/19 10:36:27.563, 2055 MHz, 72, 11.61 W, 0 %, 0 %
2026/07/19 10:36:27.768, 2055 MHz, 72, 13.99 W, 0 %, 0 %
2026/07/19 10:36:27.973, 2055 MHz, 72, 13.99 W, 0 %, 0 %
2026/07/19 10:36:28.176, 2055 MHz, 72, 13.99 W, 0 %, 0 %
2026/07/19 10:36:28.380, 2055 MHz, 72, 14.61 W, 0 %, 0 %
2026/07/19 10:36:28.591, 2055 MHz, 72, 14.61 W, 0 %, 0 %
2026/07/19 10:36:28.804, 2055 MHz, 72, 14.04 W, 0 %, 0 %
2026/07/19 10:36:29.016, 2055 MHz, 72, 14.04 W, 0 %, 0 %
2026/07/19 10:36:29.222, 2055 MHz, 72, 14.04 W, 0 %, 0 %
2026/07/19 10:36:29.422, 2055 MHz, 72, 14.07 W, 0 %, 0 %
2026/07/19 10:36:29.628, 2055 MHz, 72, 14.07 W, 0 %, 0 %
2026/07/19 10:36:29.835, 2055 MHz, 72, 14.05 W, 0 %, 0 %
2026/07/19 10:36:30.038, 2055 MHz, 48, 1.20 W, 0 %, 0 %
2026/07/19 10:36:30.662, 2055 MHz, 71, 12.60 W, 0 %, 0 %
2026/07/19 10:36:30.878, 2055 MHz, 71, 12.60 W, 0 %, 0 %
2026/07/19 10:36:31.082, 2055 MHz, 71, 13.93 W, 0 %, 0 %
2026/07/19 10:36:31.291, 2055 MHz, 71, 13.93 W, 0 %, 0 %
2026/07/19 10:36:31.501, 2055 MHz, 71, 13.93 W, 0 %, 0 %
2026/07/19 10:36:31.709, 2055 MHz, 71, 13.93 W, 0 %, 0 %
2026/07/19 10:36:31.914, 2055 MHz, 71, 13.93 W, 0 %, 0 %
2026/07/19 10:36:32.116, 2055 MHz, 71, 13.98 W, 0 %, 0 %
2026/07/19 10:36:32.319, 2055 MHz, 71, 13.98 W, 0 %, 0 %
2026/07/19 10:36:32.526, 2055 MHz, 71, 13.98 W, 0 %, 0 %
2026/07/19 10:36:32.738, 2055 MHz, 71, 13.99 W, 0 %, 0 %
2026/07/19 10:36:32.951, 2055 MHz, 71, 13.99 W, 0 %, 0 %
2026/07/19 10:36:33.152, 2055 MHz, 71, 13.97 W, 0 %, 0 %
2026/07/19 10:36:33.352, 2055 MHz, 71, 13.97 W, 0 %, 0 %
2026/07/19 10:36:33.559, 2055 MHz, 71, 13.97 W, 0 %, 0 %
2026/07/19 10:36:33.767, 2055 MHz, 71, 13.97 W, 0 %, 0 %
2026/07/19 10:36:33.973, 2055 MHz, 71, 13.97 W, 0 %, 0 %
2026/07/19 10:36:34.187, 2055 MHz, 71, 13.97 W, 0 %, 0 %
2026/07/19 10:36:34.397, 2055 MHz, 71, 13.97 W, 0 %, 0 %
2026/07/19 10:36:34.604, 2055 MHz, 71, 13.98 W, 0 %, 0 %
2026/07/19 10:36:34.807, 2055 MHz, 71, 13.98 W, 0 %, 0 %
2026/07/19 10:36:35.009, 2055 MHz, 71, 13.98 W, 0 %, 0 %
2026/07/19 10:36:35.224, 2055 MHz, 71, 13.96 W, 0 %, 0 %
2026/07/19 10:36:35.439, 2055 MHz, 48, 1.20 W, 0 %, 0 %
2026/07/19 10:36:36.157, 2055 MHz, 71, 14.93 W, 0 %, 0 %
2026/07/19 10:36:36.358, 2055 MHz, 71, 14.93 W, 0 %, 0 %
2026/07/19 10:36:36.571, 2055 MHz, 71, 14.04 W, 0 %, 0 %
2026/07/19 10:36:36.779, 2055 MHz, 71, 14.04 W, 0 %, 0 %
2026/07/19 10:36:36.982, 2055 MHz, 71, 14.04 W, 0 %, 0 %
2026/07/19 10:36:37.194, 2055 MHz, 71, 14.03 W, 0 %, 0 %
2026/07/19 10:36:37.401, 2055 MHz, 71, 14.03 W, 0 %, 0 %
2026/07/19 10:36:37.610, 2055 MHz, 71, 13.98 W, 0 %, 0 %
2026/07/19 10:36:37.823, 2055 MHz, 71, 13.98 W, 0 %, 0 %
2026/07/19 10:36:38.034, 2055 MHz, 71, 13.98 W, 0 %, 0 %
2026/07/19 10:36:38.236, 2055 MHz, 71, 13.97 W, 0 %, 0 %
2026/07/19 10:36:38.451, 2055 MHz, 71, 13.97 W, 0 %, 0 %
2026/07/19 10:36:38.654, 2055 MHz, 71, 13.94 W, 0 %, 0 %
2026/07/19 10:36:38.857, 2055 MHz, 71, 13.94 W, 0 %, 0 %
2026/07/19 10:36:39.062, 2055 MHz, 48, 1.20 W, 0 %, 0 %
2026/07/19 10:36:39.667, 2055 MHz, 71, 13.00 W, 0 %, 0 %
2026/07/19 10:36:39.875, 2055 MHz, 71, 13.00 W, 0 %, 0 %
2026/07/19 10:36:40.079, 2055 MHz, 71, 13.99 W, 0 %, 0 %
2026/07/19 10:36:40.294, 2055 MHz, 48, 1.20 W, 0 %, 0 %
2026/07/19 10:36:40.848, 2055 MHz, 71, 12.99 W, 0 %, 0 %
2026/07/19 10:36:41.060, 2055 MHz, 48, 1.20 W, 0 %, 0 %
2026/07/19 10:36:41.712, 2055 MHz, 71, 12.56 W, 0 %, 0 %
2026/07/19 10:36:41.918, 2055 MHz, 71, 12.56 W, 0 %, 0 %
2026/07/19 10:36:42.125, 2055 MHz, 71, 13.97 W, 0 %, 0 %
2026/07/19 10:36:42.325, 2055 MHz, 71, 13.97 W, 0 %, 0 %
2026/07/19 10:36:42.532, 2055 MHz, 71, 13.97 W, 0 %, 0 %
2026/07/19 10:36:42.745, 2055 MHz, 71, 13.92 W, 0 %, 0 %
2026/07/19 10:36:42.947, 2055 MHz, 71, 13.92 W, 0 %, 0 %
2026/07/19 10:36:43.160, 2055 MHz, 71, 13.89 W, 0 %, 0 %
2026/07/19 10:36:43.363, 2055 MHz, 71, 13.89 W, 0 %, 0 %
2026/07/19 10:36:43.564, 2055 MHz, 71, 13.89 W, 0 %, 0 %
2026/07/19 10:36:43.774, 2055 MHz, 71, 13.90 W, 0 %, 0 %
2026/07/19 10:36:43.979, 2055 MHz, 71, 13.90 W, 0 %, 0 %
2026/07/19 10:36:44.180, 2055 MHz, 71, 13.91 W, 0 %, 0 %
2026/07/19 10:36:44.393, 2055 MHz, 71, 13.91 W, 0 %, 0 %
2026/07/19 10:36:44.595, 2055 MHz, 71, 13.89 W, 0 %, 0 %
2026/07/19 10:36:44.799, 2055 MHz, 48, 1.20 W, 0 %, 0 %
2026/07/19 10:36:45.483, 2055 MHz, 70, 11.51 W, 0 %, 0 %
2026/07/19 10:36:45.687, 2055 MHz, 70, 11.51 W, 0 %, 0 %
2026/07/19 10:36:45.895, 2055 MHz, 71, 13.88 W, 0 %, 0 %
2026/07/19 10:36:46.103, 2055 MHz, 71, 13.88 W, 0 %, 0 %
2026/07/19 10:36:46.317, 2055 MHz, 71, 13.88 W, 0 %, 0 %
2026/07/19 10:36:46.521, 2055 MHz, 71, 13.95 W, 0 %, 0 %
2026/07/19 10:36:46.724, 2055 MHz, 71, 13.95 W, 0 %, 0 %
2026/07/19 10:36:46.926, 2055 MHz, 71, 13.93 W, 0 %, 0 %
2026/07/19 10:36:47.128, 2055 MHz, 71, 13.93 W, 0 %, 0 %
2026/07/19 10:36:47.330, 2055 MHz, 71, 13.93 W, 0 %, 0 %
2026/07/19 10:36:47.539, 2055 MHz, 71, 13.90 W, 0 %, 0 %
2026/07/19 10:36:47.744, 2055 MHz, 71, 13.90 W, 0 %, 0 %
2026/07/19 10:36:47.947, 1365 MHz, 48, 590.01 W, 0 %, 0 %
2026/07/19 10:36:48.570, 2055 MHz, 70, 13.03 W, 0 %, 0 %
2026/07/19 10:36:48.786, 2055 MHz, 48, 1.20 W, 0 %, 0 %
2026/07/19 10:36:49.508, 2055 MHz, 70, 12.91 W, 0 %, 0 %
2026/07/19 10:36:49.714, 2055 MHz, 70, 12.91 W, 0 %, 0 %
2026/07/19 10:36:49.919, 2055 MHz, 70, 13.85 W, 0 %, 0 %
2026/07/19 10:36:50.133, 2055 MHz, 70, 13.85 W, 0 %, 0 %
2026/07/19 10:36:50.339, 2055 MHz, 70, 13.85 W, 0 %, 0 %
2026/07/19 10:36:50.544, 2055 MHz, 48, 1.20 W, 0 %, 0 %
2026/07/19 10:36:51.172, 2055 MHz, 70, 12.70 W, 0 %, 0 %
2026/07/19 10:36:51.386, 2055 MHz, 70, 12.70 W, 0 %, 0 %
2026/07/19 10:36:51.588, 2055 MHz, 70, 13.91 W, 0 %, 0 %
2026/07/19 10:36:51.801, 2055 MHz, 70, 13.91 W, 0 %, 0 %
2026/07/19 10:36:52.013, 2055 MHz, 70, 13.91 W, 0 %, 0 %
2026/07/19 10:36:52.227, 2055 MHz, 70, 13.85 W, 0 %, 0 %
2026/07/19 10:36:52.432, 2055 MHz, 70, 13.85 W, 0 %, 0 %
2026/07/19 10:36:52.640, 2055 MHz, 70, 14.88 W, 0 %, 0 %
2026/07/19 10:36:52.843, 2055 MHz, 70, 14.88 W, 0 %, 0 %
2026/07/19 10:36:53.051, 2055 MHz, 70, 13.89 W, 0 %, 0 %
2026/07/19 10:36:53.255, 2055 MHz, 70, 13.89 W, 0 %, 0 %
2026/07/19 10:36:53.466, 2055 MHz, 48, 1.20 W, 0 %, 0 %
2026/07/19 10:36:54.187, 2055 MHz, 70, 11.39 W, 0 %, 0 %
2026/07/19 10:36:54.387, 2055 MHz, 70, 11.39 W, 0 %, 0 %
2026/07/19 10:36:54.600, 2055 MHz, 70, 13.84 W, 0 %, 0 %
2026/07/19 10:36:54.802, 2055 MHz, 70, 13.84 W, 0 %, 0 %
2026/07/19 10:36:55.009, 2055 MHz, 70, 13.84 W, 0 %, 0 %
2026/07/19 10:36:55.213, 2055 MHz, 70, 13.89 W, 0 %, 0 %
2026/07/19 10:36:55.413, 2055 MHz, 70, 13.89 W, 0 %, 0 %
2026/07/19 10:36:55.617, 2055 MHz, 70, 13.86 W, 0 %, 0 %
2026/07/19 10:36:55.831, 2055 MHz, 70, 13.86 W, 0 %, 0 %
2026/07/19 10:36:56.040, 2055 MHz, 70, 13.86 W, 0 %, 0 %
2026/07/19 10:36:56.247, 2055 MHz, 70, 13.81 W, 0 %, 0 %
2026/07/19 10:36:56.454, 2055 MHz, 48, 1.20 W, 0 %, 0 %
2026/07/19 10:36:57.049, 2055 MHz, 70, 12.68 W, 0 %, 0 %
2026/07/19 10:36:57.257, 2055 MHz, 70, 12.68 W, 0 %, 0 %
2026/07/19 10:36:57.462, 2055 MHz, 70, 13.89 W, 0 %, 0 %
2026/07/19 10:36:57.675, 2055 MHz, 70, 13.89 W, 0 %, 0 %
2026/07/19 10:36:57.875, 2055 MHz, 70, 13.89 W, 0 %, 0 %
2026/07/19 10:36:58.081, 2055 MHz, 48, 1.20 W, 0 %, 0 %
2026/07/19 10:36:58.616, 2055 MHz, 70, 12.86 W, 0 %, 0 %
2026/07/19 10:36:58.831, 2055 MHz, 70, 12.86 W, 0 %, 0 %
2026/07/19 10:36:59.036, 2055 MHz, 70, 13.81 W, 0 %, 0 %
2026/07/19 10:36:59.244, 2055 MHz, 70, 13.81 W, 0 %, 0 %
2026/07/19 10:36:59.453, 2055 MHz, 70, 13.81 W, 0 %, 0 %
2026/07/19 10:36:59.655, 2055 MHz, 70, 13.81 W, 0 %, 0 %
2026/07/19 10:36:59.862, 2055 MHz, 70, 13.81 W, 0 %, 0 %
2026/07/19 10:37:00.075, 2055 MHz, 70, 13.90 W, 0 %, 0 %
2026/07/19 10:37:00.290, 2055 MHz, 70, 13.90 W, 0 %, 0 %
2026/07/19 10:37:00.494, 2055 MHz, 70, 13.76 W, 0 %, 0 %
2026/07/19 10:37:00.709, 2055 MHz, 70, 13.76 W, 0 %, 0 %
2026/07/19 10:37:00.919, 2055 MHz, 70, 13.76 W, 0 %, 0 %
2026/07/19 10:37:01.121, 2055 MHz, 70, 13.79 W, 0 %, 0 %
2026/07/19 10:37:01.332, 2055 MHz, 70, 13.79 W, 0 %, 0 %
2026/07/19 10:37:01.547, 2055 MHz, 70, 13.83 W, 0 %, 0 %
2026/07/19 10:37:01.750, 2055 MHz, 70, 13.83 W, 0 %, 0 %
2026/07/19 10:37:01.954, 2055 MHz, 70, 13.83 W, 0 %, 0 %
2026/07/19 10:37:02.164, 2055 MHz, 70, 13.84 W, 0 %, 0 %
2026/07/19 10:37:02.370, 2055 MHz, 70, 13.84 W, 0 %, 0 %
2026/07/19 10:37:02.572, 2055 MHz, 70, 13.83 W, 0 %, 0 %
2026/07/19 10:37:02.777, 2055 MHz, 70, 13.83 W, 0 %, 0 %
2026/07/19 10:37:02.986, 2055 MHz, 48, 1.20 W, 0 %, 0 %
2026/07/19 10:37:03.709, 2055 MHz, 70, 12.55 W, 0 %, 0 %
2026/07/19 10:37:03.911, 2055 MHz, 70, 12.55 W, 0 %, 0 %
2026/07/19 10:37:04.113, 2055 MHz, 70, 13.86 W, 0 %, 0 %
2026/07/19 10:37:04.316, 2055 MHz, 70, 13.86 W, 0 %, 0 %
2026/07/19 10:37:04.532, 2055 MHz, 70, 13.86 W, 0 %, 0 %
2026/07/19 10:37:04.742, 2055 MHz, 70, 13.82 W, 0 %, 0 %
2026/07/19 10:37:04.956, 2055 MHz, 48, 1.20 W, 0 %, 0 %
2026/07/19 10:37:05.557, 2055 MHz, 70, 11.30 W, 0 %, 0 %
2026/07/19 10:37:05.759, 2055 MHz, 70, 11.30 W, 0 %, 0 %
2026/07/19 10:37:05.968, 2055 MHz, 70, 13.84 W, 0 %, 0 %
2026/07/19 10:37:06.176, 2055 MHz, 70, 13.84 W, 0 %, 0 %
2026/07/19 10:37:06.377, 2055 MHz, 70, 13.84 W, 0 %, 0 %
2026/07/19 10:37:06.586, 2055 MHz, 70, 13.84 W, 0 %, 0 %
2026/07/19 10:37:06.795, 2055 MHz, 70, 13.84 W, 0 %, 0 %
2026/07/19 10:37:07.001, 2055 MHz, 70, 13.82 W, 0 %, 0 %
2026/07/19 10:37:07.210, 2055 MHz, 70, 13.82 W, 0 %, 0 %
2026/07/19 10:37:07.413, 2055 MHz, 70, 13.82 W, 0 %, 0 %
2026/07/19 10:37:07.614, 2055 MHz, 70, 14.95 W, 0 %, 0 %
2026/07/19 10:37:07.822, 2055 MHz, 70, 14.95 W, 0 %, 0 %
2026/07/19 10:37:08.036, 2055 MHz, 70, 13.86 W, 0 %, 0 %
2026/07/19 10:37:08.240, 2055 MHz, 70, 13.86 W, 0 %, 0 %
2026/07/19 10:37:08.442, 2055 MHz, 70, 13.84 W, 0 %, 0 %
2026/07/19 10:37:08.647, 2055 MHz, 70, 13.84 W, 0 %, 0 %
2026/07/19 10:37:08.858, 2055 MHz, 70, 13.84 W, 0 %, 0 %
2026/07/19 10:37:09.062, 2055 MHz, 70, 15.08 W, 0 %, 0 %
2026/07/19 10:37:09.266, 1365 MHz, 48, 590.01 W, 0 %, 0 %
2026/07/19 10:37:09.892, 2055 MHz, 69, 12.45 W, 0 %, 0 %
2026/07/19 10:37:10.094, 2055 MHz, 69, 12.45 W, 0 %, 0 %
2026/07/19 10:37:10.295, 2055 MHz, 70, 13.96 W, 0 %, 0 %
2026/07/19 10:37:10.504, 2055 MHz, 70, 13.96 W, 0 %, 0 %
2026/07/19 10:37:10.712, 2055 MHz, 70, 13.96 W, 0 %, 0 %
2026/07/19 10:37:10.916, 2055 MHz, 70, 13.92 W, 0 %, 0 %
2026/07/19 10:37:11.126, 2055 MHz, 70, 13.92 W, 0 %, 0 %
2026/07/19 10:37:11.339, 2055 MHz, 70, 13.72 W, 0 %, 0 %
2026/07/19 10:37:11.540, 2055 MHz, 70, 13.72 W, 0 %, 0 %
2026/07/19 10:37:11.745, 2055 MHz, 70, 13.72 W, 0 %, 0 %
2026/07/19 10:37:11.945, 2055 MHz, 70, 13.73 W, 0 %, 0 %
2026/07/19 10:37:12.147, 2055 MHz, 70, 13.73 W, 0 %, 0 %
2026/07/19 10:37:12.359, 2055 MHz, 70, 13.76 W, 0 %, 0 %
2026/07/19 10:37:12.561, 2055 MHz, 70, 13.76 W, 0 %, 0 %
2026/07/19 10:37:12.772, 2055 MHz, 70, 13.95 W, 0 %, 0 %
2026/07/19 10:37:12.984, 2055 MHz, 70, 13.95 W, 0 %, 0 %
2026/07/19 10:37:13.196, 2055 MHz, 70, 13.95 W, 0 %, 0 %
2026/07/19 10:37:13.403, 2055 MHz, 48, 1.20 W, 0 %, 0 %
2026/07/19 10:37:14.117, 2055 MHz, 70, 14.61 W, 0 %, 0 %
2026/07/19 10:37:14.329, 2055 MHz, 70, 14.61 W, 0 %, 0 %
2026/07/19 10:37:14.543, 2055 MHz, 48, 1.20 W, 0 %, 0 %
2026/07/19 10:37:15.073, 2055 MHz, 69, 11.12 W, 0 %, 0 %
2026/07/19 10:37:15.278, 2055 MHz, 69, 11.12 W, 0 %, 0 %
2026/07/19 10:37:15.491, 2055 MHz, 70, 13.93 W, 0 %, 0 %
2026/07/19 10:37:15.704, 2055 MHz, 70, 13.93 W, 0 %, 0 %
2026/07/19 10:37:15.912, 2055 MHz, 70, 13.93 W, 0 %, 0 %
2026/07/19 10:37:16.126, 2055 MHz, 70, 13.80 W, 0 %, 0 %
2026/07/19 10:37:16.333, 2055 MHz, 70, 13.80 W, 0 %, 0 %
2026/07/19 10:37:16.536, 2055 MHz, 69, 13.76 W, 0 %, 0 %
2026/07/19 10:37:16.738, 2055 MHz, 69, 13.76 W, 0 %, 0 %
2026/07/19 10:37:16.952, 2055 MHz, 69, 13.76 W, 0 %, 0 %
2026/07/19 10:37:17.166, 2055 MHz, 48, 1.20 W, 0 %, 0 %
2026/07/19 10:37:17.876, 2055 MHz, 69, 12.80 W, 0 %, 0 %
2026/07/19 10:37:18.091, 2055 MHz, 69, 12.80 W, 0 %, 0 %
2026/07/19 10:37:18.295, 2055 MHz, 69, 13.69 W, 0 %, 0 %
2026/07/19 10:37:18.498, 2055 MHz, 69, 13.69 W, 0 %, 0 %
2026/07/19 10:37:18.700, 2055 MHz, 69, 13.69 W, 0 %, 0 %
2026/07/19 10:37:18.907, 2055 MHz, 69, 13.71 W, 0 %, 0 %
2026/07/19 10:37:19.113, 2055 MHz, 69, 13.71 W, 0 %, 0 %
2026/07/19 10:37:19.327, 2055 MHz, 48, 1.20 W, 0 %, 0 %
2026/07/19 10:37:19.978, 2055 MHz, 69, 11.17 W, 0 %, 0 %
2026/07/19 10:37:20.187, 2055 MHz, 69, 11.17 W, 0 %, 0 %
2026/07/19 10:37:20.388, 2055 MHz, 69, 13.73 W, 0 %, 0 %
2026/07/19 10:37:20.602, 2055 MHz, 69, 13.73 W, 0 %, 0 %
2026/07/19 10:37:20.812, 2055 MHz, 69, 13.73 W, 0 %, 0 %
2026/07/19 10:37:21.025, 2055 MHz, 69, 13.69 W, 0 %, 0 %
2026/07/19 10:37:21.228, 2055 MHz, 69, 13.69 W, 0 %, 0 %
2026/07/19 10:37:21.433, 2055 MHz, 69, 13.68 W, 0 %, 0 %
2026/07/19 10:37:21.635, 2055 MHz, 69, 13.68 W, 0 %, 0 %
2026/07/19 10:37:21.847, 2055 MHz, 69, 13.69 W, 0 %, 0 %
2026/07/19 10:37:22.049, 1365 MHz, 48, 15.89 W, 0 %, 0 %
2026/07/19 10:37:22.666, 2055 MHz, 69, 11.35 W, 0 %, 0 %
2026/07/19 10:37:22.876, 2055 MHz, 69, 11.35 W, 0 %, 0 %
2026/07/19 10:37:23.085, 2055 MHz, 69, 13.73 W, 0 %, 0 %
2026/07/19 10:37:23.290, 2055 MHz, 69, 13.73 W, 0 %, 0 %
2026/07/19 10:37:23.492, 2055 MHz, 69, 13.73 W, 0 %, 0 %
2026/07/19 10:37:23.695, 2055 MHz, 69, 14.08 W, 0 %, 0 %
2026/07/19 10:37:23.901, 2055 MHz, 69, 14.08 W, 0 %, 0 %
2026/07/19 10:37:24.105, 2055 MHz, 48, 1.20 W, 0 %, 0 %
2026/07/19 10:37:24.738, 2055 MHz, 69, 11.17 W, 0 %, 0 %
2026/07/19 10:37:24.941, 2055 MHz, 69, 11.17 W, 0 %, 0 %
2026/07/19 10:37:25.144, 2055 MHz, 69, 13.76 W, 0 %, 0 %
2026/07/19 10:37:25.347, 2055 MHz, 69, 13.76 W, 0 %, 0 %
2026/07/19 10:37:25.560, 2055 MHz, 69, 13.76 W, 0 %, 0 %
2026/07/19 10:37:25.769, 2055 MHz, 69, 13.64 W, 0 %, 0 %
2026/07/19 10:37:25.970, 2055 MHz, 69, 13.64 W, 0 %, 0 %
2026/07/19 10:37:26.173, 2055 MHz, 69, 13.64 W, 0 %, 0 %
2026/07/19 10:37:26.381, 2055 MHz, 48, 1.20 W, 0 %, 0 %
2026/07/19 10:37:26.927, 2055 MHz, 68, 11.18 W, 0 %, 0 %
2026/07/19 10:37:27.130, 2055 MHz, 68, 11.18 W, 0 %, 0 %
2026/07/19 10:37:27.334, 2055 MHz, 48, 1.20 W, 0 %, 0 %
2026/07/19 10:37:28.060, 2055 MHz, 68, 11.25 W, 0 %, 0 %
2026/07/19 10:37:28.265, 2055 MHz, 68, 11.25 W, 0 %, 0 %
2026/07/19 10:37:28.471, 2055 MHz, 69, 13.68 W, 0 %, 0 %
2026/07/19 10:37:28.679, 2055 MHz, 69, 13.68 W, 0 %, 0 %
2026/07/19 10:37:28.880, 2055 MHz, 69, 13.68 W, 0 %, 0 %
2026/07/19 10:37:29.093, 2055 MHz, 69, 13.89 W, 0 %, 0 %
2026/07/19 10:37:29.294, 2055 MHz, 69, 13.89 W, 0 %, 0 %
2026/07/19 10:37:29.499, 2055 MHz, 69, 13.65 W, 0 %, 0 %
2026/07/19 10:37:29.708, 2055 MHz, 69, 13.65 W, 0 %, 0 %
2026/07/19 10:37:29.909, 2055 MHz, 69, 13.65 W, 0 %, 0 %
2026/07/19 10:37:30.110, 2055 MHz, 68, 13.72 W, 0 %, 0 %
2026/07/19 10:37:30.313, 2055 MHz, 68, 13.72 W, 0 %, 0 %
2026/07/19 10:37:30.526, 2055 MHz, 68, 13.64 W, 0 %, 0 %
2026/07/19 10:37:30.727, 2055 MHz, 68, 13.64 W, 0 %, 0 %
2026/07/19 10:37:30.931, 2055 MHz, 68, 13.64 W, 0 %, 0 %
2026/07/19 10:37:31.133, 2055 MHz, 68, 13.68 W, 0 %, 0 %
2026/07/19 10:37:31.343, 2055 MHz, 68, 13.68 W, 0 %, 0 %
2026/07/19 10:37:31.547, 2055 MHz, 68, 13.73 W, 0 %, 0 %
2026/07/19 10:37:31.762, 2055 MHz, 48, 1.20 W, 0 %, 0 %
2026/07/19 10:37:32.433, 2055 MHz, 68, 11.22 W, 0 %, 0 %
2026/07/19 10:37:32.635, 2055 MHz, 68, 11.22 W, 0 %, 0 %
2026/07/19 10:37:32.837, 2055 MHz, 68, 13.61 W, 0 %, 0 %
2026/07/19 10:37:33.038, 2055 MHz, 68, 13.61 W, 0 %, 0 %
2026/07/19 10:37:33.253, 2055 MHz, 68, 13.61 W, 0 %, 0 %
2026/07/19 10:37:33.454, 2055 MHz, 68, 13.66 W, 0 %, 0 %
2026/07/19 10:37:33.660, 2055 MHz, 48, 1.20 W, 0 %, 0 %
2026/07/19 10:37:34.233, 2055 MHz, 68, 11.16 W, 0 %, 0 %
2026/07/19 10:37:34.443, 2055 MHz, 68, 11.16 W, 0 %, 0 %
2026/07/19 10:37:34.645, 2055 MHz, 68, 13.61 W, 0 %, 0 %
2026/07/19 10:37:34.848, 2055 MHz, 68, 13.61 W, 0 %, 0 %
2026/07/19 10:37:35.051, 2055 MHz, 68, 13.61 W, 0 %, 0 %
2026/07/19 10:37:35.259, 2055 MHz, 68, 13.58 W, 0 %, 0 %
2026/07/19 10:37:35.465, 2055 MHz, 68, 13.58 W, 0 %, 0 %
2026/07/19 10:37:35.679, 2055 MHz, 48, 1.20 W, 0 %, 0 %
2026/07/19 10:37:36.261, 2055 MHz, 68, 11.19 W, 0 %, 0 %
2026/07/19 10:37:36.474, 2055 MHz, 68, 11.19 W, 0 %, 0 %
2026/07/19 10:37:36.686, 2055 MHz, 68, 13.60 W, 0 %, 0 %
2026/07/19 10:37:36.893, 2055 MHz, 68, 13.60 W, 0 %, 0 %
2026/07/19 10:37:37.108, 2055 MHz, 68, 13.60 W, 0 %, 0 %
2026/07/19 10:37:37.310, 2055 MHz, 68, 13.62 W, 0 %, 0 %
2026/07/19 10:37:37.515, 2055 MHz, 68, 13.62 W, 0 %, 0 %
2026/07/19 10:37:37.721, 2055 MHz, 68, 13.66 W, 0 %, 0 %
2026/07/19 10:37:37.928, 2055 MHz, 68, 13.66 W, 0 %, 0 %
2026/07/19 10:37:38.140, 2055 MHz, 48, 1.20 W, 0 %, 0 %
2026/07/19 10:37:38.823, 2055 MHz, 68, 11.18 W, 0 %, 0 %
2026/07/19 10:37:39.034, 2055 MHz, 68, 11.18 W, 0 %, 0 %
2026/07/19 10:37:39.246, 2055 MHz, 68, 13.66 W, 0 %, 0 %
2026/07/19 10:37:39.460, 2055 MHz, 68, 13.66 W, 0 %, 0 %
2026/07/19 10:37:39.674, 2055 MHz, 68, 13.66 W, 0 %, 0 %
2026/07/19 10:37:39.880, 2055 MHz, 68, 13.81 W, 0 %, 0 %
2026/07/19 10:37:40.082, 1380 MHz, 48, 15.64 W, 0 %, 0 %
2026/07/19 10:37:40.703, 2055 MHz, 68, 11.29 W, 0 %, 0 %
2026/07/19 10:37:40.908, 2055 MHz, 68, 11.29 W, 0 %, 0 %
2026/07/19 10:37:41.110, 2055 MHz, 68, 15.00 W, 0 %, 0 %
2026/07/19 10:37:41.314, 2055 MHz, 68, 15.00 W, 0 %, 0 %
2026/07/19 10:37:41.526, 2055 MHz, 68, 15.00 W, 0 %, 0 %
2026/07/19 10:37:41.730, 2055 MHz, 68, 14.96 W, 0 %, 0 %
2026/07/19 10:37:41.945, 2055 MHz, 48, 1.20 W, 0 %, 0 %
2026/07/19 10:37:42.585, 2055 MHz, 68, 12.83 W, 0 %, 0 %
2026/07/19 10:37:42.787, 2055 MHz, 68, 12.83 W, 0 %, 0 %
2026/07/19 10:37:42.999, 2055 MHz, 68, 14.96 W, 0 %, 0 %
2026/07/19 10:37:43.208, 2055 MHz, 68, 14.96 W, 0 %, 0 %
2026/07/19 10:37:43.411, 2055 MHz, 68, 14.96 W, 0 %, 0 %
2026/07/19 10:37:43.620, 2055 MHz, 48, 1.20 W, 0 %, 0 %
2026/07/19 10:37:44.330, 2055 MHz, 67, 13.10 W, 0 %, 0 %
2026/07/19 10:37:44.537, 2055 MHz, 67, 13.10 W, 0 %, 0 %
2026/07/19 10:37:44.750, 2055 MHz, 68, 14.95 W, 0 %, 0 %
2026/07/19 10:37:44.958, 2055 MHz, 68, 14.95 W, 0 %, 0 %
2026/07/19 10:37:45.162, 2055 MHz, 68, 14.95 W, 0 %, 0 %
2026/07/19 10:37:45.369, 2055 MHz, 68, 15.02 W, 0 %, 0 %
2026/07/19 10:37:45.571, 2055 MHz, 48, 1.20 W, 0 %, 0 %
2026/07/19 10:37:46.095, 2055 MHz, 67, 13.00 W, 0 %, 0 %
2026/07/19 10:37:46.296, 2055 MHz, 67, 13.00 W, 0 %, 0 %
2026/07/19 10:37:46.510, 2055 MHz, 68, 14.93 W, 0 %, 0 %
2026/07/19 10:37:46.725, 2055 MHz, 48, 1.20 W, 0 %, 0 %
2026/07/19 10:37:47.390, 2055 MHz, 67, 13.02 W, 0 %, 0 %
2026/07/19 10:37:47.594, 2055 MHz, 67, 13.02 W, 0 %, 0 %
2026/07/19 10:37:47.808, 2055 MHz, 67, 13.55 W, 0 %, 0 %
2026/07/19 10:37:48.023, 2055 MHz, 67, 13.55 W, 0 %, 0 %
2026/07/19 10:37:48.231, 2055 MHz, 67, 13.55 W, 0 %, 0 %
2026/07/19 10:37:48.433, 2055 MHz, 67, 14.80 W, 0 %, 0 %
2026/07/19 10:37:48.633, 2055 MHz, 67, 14.80 W, 0 %, 0 %
2026/07/19 10:37:48.842, 2055 MHz, 67, 13.60 W, 0 %, 0 %
2026/07/19 10:37:49.044, 2055 MHz, 67, 13.60 W, 0 %, 0 %
2026/07/19 10:37:49.245, 2055 MHz, 67, 13.60 W, 0 %, 0 %
2026/07/19 10:37:49.446, 2055 MHz, 67, 13.50 W, 0 %, 0 %
2026/07/19 10:37:49.653, 2055 MHz, 67, 13.50 W, 0 %, 0 %
2026/07/19 10:37:49.860, 2055 MHz, 67, 14.46 W, 0 %, 0 %
2026/07/19 10:37:50.063, 2055 MHz, 67, 14.46 W, 0 %, 0 %
2026/07/19 10:37:50.267, 2055 MHz, 67, 14.89 W, 0 %, 0 %
2026/07/19 10:37:50.474, 2055 MHz, 48, 1.20 W, 0 %, 0 %
2026/07/19 10:37:51.085, 2055 MHz, 67, 14.73 W, 0 %, 0 %
2026/07/19 10:37:51.293, 2055 MHz, 67, 14.73 W, 0 %, 0 %
2026/07/19 10:37:51.499, 2055 MHz, 67, 13.47 W, 0 %, 0 %
2026/07/19 10:37:51.704, 2055 MHz, 67, 13.47 W, 0 %, 0 %
2026/07/19 10:37:51.909, 2055 MHz, 67, 13.47 W, 0 %, 0 %
2026/07/19 10:37:52.110, 2055 MHz, 67, 14.87 W, 0 %, 0 %
2026/07/19 10:37:52.312, 2055 MHz, 67, 14.87 W, 0 %, 0 %
2026/07/19 10:37:52.517, 2055 MHz, 67, 13.51 W, 0 %, 0 %
2026/07/19 10:37:52.732, 2055 MHz, 67, 13.51 W, 0 %, 0 %
2026/07/19 10:37:52.942, 2055 MHz, 67, 13.51 W, 0 %, 0 %
2026/07/19 10:37:53.144, 2055 MHz, 67, 13.54 W, 0 %, 0 %
2026/07/19 10:37:53.349, 2055 MHz, 67, 13.54 W, 0 %, 0 %
2026/07/19 10:37:53.551, 2055 MHz, 67, 13.72 W, 0 %, 0 %
2026/07/19 10:37:53.759, 2055 MHz, 67, 13.72 W, 0 %, 0 %
2026/07/19 10:37:53.961, 2055 MHz, 67, 13.72 W, 0 %, 0 %
2026/07/19 10:37:54.164, 2055 MHz, 67, 13.59 W, 0 %, 0 %
2026/07/19 10:37:54.371, 2055 MHz, 67, 13.59 W, 0 %, 0 %
2026/07/19 10:37:54.580, 2055 MHz, 67, 13.57 W, 0 %, 0 %
2026/07/19 10:37:54.788, 2055 MHz, 67, 13.57 W, 0 %, 0 %
2026/07/19 10:37:54.991, 2055 MHz, 67, 13.55 W, 0 %, 0 %
2026/07/19 10:37:55.197, 2055 MHz, 67, 13.55 W, 0 %, 0 %
2026/07/19 10:37:55.399, 2055 MHz, 67, 13.55 W, 0 %, 0 %
2026/07/19 10:37:55.604, 2055 MHz, 67, 13.54 W, 0 %, 0 %
2026/07/19 10:37:55.806, 2055 MHz, 67, 13.54 W, 0 %, 0 %
2026/07/19 10:37:56.021, 2055 MHz, 67, 13.53 W, 0 %, 0 %
2026/07/19 10:37:56.236, 2055 MHz, 67, 13.53 W, 0 %, 0 %
2026/07/19 10:37:56.437, 2055 MHz, 67, 13.53 W, 0 %, 0 %
2026/07/19 10:37:56.639, 2055 MHz, 67, 13.53 W, 0 %, 0 %
2026/07/19 10:37:56.841, 2055 MHz, 67, 13.53 W, 0 %, 0 %
2026/07/19 10:37:57.043, 2055 MHz, 67, 13.53 W, 0 %, 0 %
2026/07/19 10:37:57.251, 2055 MHz, 48, 1.20 W, 0 %, 0 %
2026/07/19 10:37:57.892, 2055 MHz, 67, 12.43 W, 0 %, 0 %
2026/07/19 10:37:58.106, 2055 MHz, 67, 12.43 W, 0 %, 0 %
2026/07/19 10:37:58.317, 2055 MHz, 67, 13.56 W, 0 %, 0 %
2026/07/19 10:37:58.518, 2055 MHz, 67, 13.56 W, 0 %, 0 %
