prompt_idx,pos,input_token,wall_ms,embed_gpu_ms,attention_gpu_ms,router_gpu_ms,experts_gpu_ms,final_gpu_ms,h2d_bytes,d2h_bytes,d2d_bytes,vram_used_bytes
0,0,65354,842.841800,4.476100,31.284201,3.759900,796.577881,6.496800,0,632320,196608,3913809920
0,1,448,856.414700,0.074700,30.996599,3.501400,815.096619,6.396700,0,632320,196608,5193072640
0,2,1172,469.444800,0.071900,30.577101,2.824100,429.342407,6.351400,0,632320,196608,5799149568
0,3,264,375.555000,0.055000,30.891100,3.247600,334.631714,6.412600,0,632320,196608,6327631872
0,4,3175,304.931000,0.131800,30.887300,3.092200,264.025909,6.429100,0,632320,196608,6438780928
0,5,13027,531.116100,0.069800,31.327600,3.635900,489.243805,6.433900,0,632320,196608,6438780928
0,6,50494,391.316300,0.087700,31.116301,3.359500,350.016815,6.372000,0,632320,196608,6438780928
0,7,2038,321.199900,0.072400,31.155701,3.402000,279.779297,6.409700,0,632320,196608,6438780928
0,8,2504,315.060800,0.073600,31.116899,3.262700,273.848999,6.382500,0,632320,196608,6438780928
0,9,8482,289.858000,0.068200,31.156700,3.486900,248.435501,6.357600,0,632320,196608,6438780928
0,10,264,175.452400,0.081800,30.132000,2.829500,136.095001,5.976800,0,632320,196608,6438780928
0,11,729,190.633600,0.061200,27.982300,2.772600,154.203201,5.232400,0,632320,196608,6438780928
0,12,429,305.954300,0.053500,25.323000,2.739300,272.112915,5.294900,0,632320,196608,6438780928
0,13,20853,302.320500,0.087400,25.370501,2.671300,268.503510,5.314000,0,632320,196608,6438780928
0,14,264,221.040900,0.063000,25.331900,2.778300,187.277405,5.234100,0,632320,196608,6438780928
0,15,1140,187.800000,0.043000,25.518499,2.982000,153.733398,5.167600,0,632320,196608,6438780928
0,16,1667,146.223000,0.085100,25.125900,2.764100,112.677101,5.178100,0,632320,196608,6438780928
0,17,3974,387.971900,0.072400,24.611500,3.057900,354.934906,4.921600,0,632320,196608,6438780928
0,18,6860,264.828900,0.101400,24.399900,2.830100,232.117493,4.974000,0,632320,196608,6438780928
0,19,13,657.684700,0.100400,24.362700,2.975600,624.908508,4.966700,0,632320,196608,6438780928
0,20,3155,392.106500,0.054000,24.545300,2.990400,359.175415,4.929700,0,632320,196608,6438780928
0,21,537,283.407300,0.064600,27.757700,3.575400,245.693497,5.899100,0,632320,196608,6438780928
0,22,2924,244.554500,0.070700,27.225500,2.842500,208.852295,5.140500,0,632320,196608,6438780928
0,23,894,205.946800,0.106700,24.762600,2.933300,172.679092,4.977300,0,632320,196608,6438780928
0,24,1467,218.429400,0.123700,24.480301,2.672500,185.771606,4.997400,0,632320,196608,6438780928
0,25,1573,222.227700,0.082900,24.228500,2.828200,189.688095,5.000300,0,632320,196608,6438780928
0,26,476,275.131800,0.145600,24.309401,3.004200,242.266098,4.996500,0,632320,196608,6438780928
0,27,1283,137.383400,0.075900,24.271400,2.806100,104.844704,5.002400,0,632320,196608,6438780928
0,28,279,210.523300,0.067700,24.468700,2.935100,177.748093,4.922400,0,632320,196608,6438780928
0,29,2038,187.662500,0.068800,24.150200,2.856000,155.329407,4.889100,0,632320,196608,6438780928
0,30,2504,148.490500,0.051800,24.266199,2.621400,116.213699,4.922300,0,632320,196608,6438780928
0,31,13,305.732100,0.064600,24.428801,2.767700,273.102295,4.945900,0,632320,196608,6438780928
0,32,3155,292.459600,0.075700,24.555901,2.761700,259.716095,4.939400,0,632320,196608,6438780928
0,33,537,231.781900,0.076700,24.524700,3.106100,198.794907,4.910000,0,632320,196608,6438780928
0,34,2924,198.126300,0.091700,24.659700,2.791200,165.245804,4.925500,0,632320,196608,6438780928
0,35,6042,186.451900,0.064300,24.785999,3.063400,153.156494,4.943200,0,632320,196608,6438780928
0,36,4766,195.862200,0.109100,25.076401,3.121300,162.094604,5.053300,0,632320,196608,6438780928
0,37,279,228.241500,0.072600,24.657900,2.884100,195.333801,4.902900,0,632320,196608,6438780928
0,38,2038,175.174800,0.049200,24.707199,2.638100,142.446396,4.945000,0,632320,196608,6438780928
0,39,13,256.032200,0.124400,25.010099,2.627000,222.880707,4.945400,0,632320,196608,6438780928
0,40,576,206.222400,0.069400,25.015800,2.523800,173.335907,4.913600,0,632320,196608,6438780928
0,41,729,167.842100,0.057700,25.374300,2.702300,134.383804,4.938400,0,632320,196608,6438780928
0,42,1969,207.205400,0.058900,25.568899,2.810500,173.342194,4.993600,0,632320,196608,6438780928
0,43,387,154.503300,0.085400,25.580200,2.852800,120.673401,4.949900,0,632320,196608,6438780928
0,44,6941,231.132700,0.063800,25.773701,2.819500,197.097794,4.951200,0,632320,196608,6438780928
0,45,1565,361.300400,0.095800,26.277300,3.015400,326.451508,4.982700,0,632320,196608,6438780928
0,46,446,434.887100,0.090400,26.010201,2.570100,400.792999,4.985900,0,632320,196608,6438780928
0,47,5788,323.247100,0.089700,26.220400,3.036600,288.492310,4.944800,0,632320,196608,6438780928
0,48,371,200.075800,0.082700,26.556499,3.021900,164.982193,4.956100,0,632320,196608,6438780928
0,49,63,291.663300,0.080100,27.020901,3.468600,255.413498,5.252300,0,632320,196608,6438780928
0,50,323,275.790800,0.083500,27.173901,3.629700,239.469299,4.979500,0,632320,196608,6438780928
0,51,1896,258.696300,0.152000,26.985300,2.978600,223.323502,4.900700,0,632320,196608,6438780928
0,52,264,304.977500,0.051800,27.484400,3.329500,268.767090,4.974200,0,632320,196608,6438780928
0,53,3175,216.452800,0.067100,26.792400,2.847500,181.389008,4.992400,0,632320,196608,6438780928
0,54,5733,168.158300,0.121200,27.392500,2.822200,132.545395,4.910300,0,632320,196608,6438780928
0,55,1565,245.497600,0.067200,27.234501,3.140000,209.732895,4.935400,0,632320,196608,6438780928
0,56,1118,316.345400,0.073700,27.503000,2.935300,280.314789,5.014500,0,632320,196608,6438780928
0,57,28587,308.820100,0.095600,27.953899,3.519500,271.951385,4.933700,0,632320,196608,6438780928
0,58,576,257.510400,0.082400,28.146099,3.119000,220.771194,4.970500,0,632320,196608,6438780928
0,59,729,217.955000,0.082400,27.867599,3.744700,180.934601,4.924500,0,632320,196608,6438780928
0,60,1969,201.491400,0.080900,27.999701,2.742900,165.253693,5.011100,0,632320,196608,6438780928
0,61,537,208.164500,0.086800,28.322399,3.875400,170.488205,4.952900,0,632320,196608,6438780928
0,62,5602,237.770200,0.078200,27.957899,3.094300,201.240295,4.974800,0,632320,196608,6438780928
0,63,279,203.415800,0.071800,27.607800,3.613400,166.779007,4.955300,0,632320,196608,6438780928
0,64,1946,195.831700,0.066700,27.197599,3.049700,160.108994,5.020600,0,632320,196608,6438780928
0,65,1140,161.146200,0.082300,27.815399,3.439400,124.473701,4.936100,0,632320,196608,6438780928
0,66,13,288.075100,0.070500,27.981199,3.403000,251.308807,4.954400,0,632320,196608,6438780928
0,67,576,220.792200,0.069600,27.236799,2.826600,185.347900,4.969600,0,632320,196608,6438780928
0,68,729,180.947600,0.067200,27.522699,3.157100,144.896896,4.943600,0,632320,196608,6438780928
0,69,1969,180.953000,0.078500,27.397600,2.822100,145.238800,5.049400,0,632320,196608,6438780928
0,70,470,200.899400,0.082300,27.329000,2.838700,165.234100,5.025300,0,632320,196608,6438780928
0,71,264,207.316100,0.069800,27.494499,2.712600,171.604401,5.049000,0,632320,196608,6438780928
0,72,501,157.965800,0.118100,27.596901,2.927400,121.975800,4.969600,0,632320,196608,6438780928
0,73,1140,163.211000,0.067600,27.211100,2.681700,127.949402,4.926100,0,632320,196608,6438780928
0,74,429,165.508300,0.040300,27.568701,2.570200,129.998703,4.964700,0,632320,196608,6438780928
0,75,374,189.551100,0.060100,27.839001,3.125300,153.165497,4.965700,0,632320,196608,6438780928
0,76,10615,161.603600,0.074300,27.699600,3.032400,125.469002,4.928900,0,632320,196608,6438780928
0,77,13,301.817700,0.069000,28.115700,3.154000,265.128510,4.957100,0,632320,196608,6438780928
0,78,576,237.506000,0.070700,27.623100,2.672400,201.701904,4.973100,0,632320,196608,6438780928
0,79,729,194.194300,0.086800,27.699400,2.806400,158.230804,4.963500,0,632320,196608,6438780928
0,80,1969,150.593500,0.072300,27.436100,2.822100,114.824600,4.978900,0,632320,196608,6438780928
0,81,537,182.930900,0.152100,28.231001,3.567500,145.617905,4.967100,0,632320,196608,6438780928
0,82,990,220.832800,0.093400,27.896000,3.253300,184.103104,5.034200,0,632320,196608,6438780928
0,83,894,160.820100,0.098800,27.957199,3.348600,124.051003,4.967300,0,632320,196608,6438780928
0,84,5798,293.042600,0.079700,28.154301,3.515200,255.853394,5.009800,0,632320,196608,6438780928
0,85,3419,147.818800,0.097500,27.565701,2.928300,111.899597,4.942500,0,632320,196608,6438780928
0,86,28273,181.412500,0.055500,27.641199,2.680000,145.653305,4.940700,0,632320,196608,6438780928
0,87,5746,165.386600,0.088500,27.896500,2.714600,129.247498,5.009100,0,632320,196608,6438780928
0,88,13,275.844600,0.074500,27.965401,2.885400,239.567703,4.942000,0,632320,196608,6438780928
0,89,576,236.963300,0.088800,27.759300,2.696800,200.956604,5.015200,0,632320,196608,6438780928
0,90,729,190.145100,0.077600,27.846701,2.887700,154.001801,4.971500,0,632320,196608,6438780928
0,91,1969,184.096600,0.072400,27.859301,2.900800,147.820908,4.972100,0,632320,196608,6438780928
0,92,387,194.445500,0.077700,28.745899,3.363700,156.883698,4.999000,0,632320,196608,6438780928
0,93,5326,160.085500,0.057800,28.185400,3.060100,123.452003,4.952800,0,632320,196608,6438780928
0,94,304,225.857300,0.070900,28.892799,2.992300,188.496307,5.043600,0,632320,196608,6438780928
0,95,13027,234.784700,0.103400,27.955000,3.240100,198.135605,4.971700,0,632320,196608,6438780928
0,96,220,311.004800,0.076100,28.019400,3.081400,274.440613,5.007500,0,632320,196608,6438780928
0,97,18,274.142700,0.096500,27.990400,3.040600,237.355103,5.068800,0,632320,196608,6438780928
0,98,382,398.585900,0.112000,28.032301,3.051600,362.018005,4.970900,0,632320,196608,6438780928
0,99,73594,308.172800,0.076700,28.417000,3.727800,270.571106,4.926600,0,632320,196608,6438780928
0,100,12669,303.907900,0.097000,28.192900,3.066500,267.187012,4.964300,0,632320,196608,6438780928
0,101,198,185.772900,0.098700,27.972799,3.135900,149.227402,4.976400,0,632320,196608,6438780928
0,102,750,216.367200,0.065700,28.063000,3.101800,179.713196,4.987100,0,632320,196608,6438780928
0,103,3974,267.100300,0.070800,27.847900,2.819100,230.996002,5.016100,0,632320,196608,6438780928
1,0,65354,320.121200,3.542700,24.025101,2.835000,284.273804,4.929000,0,632320,196608,6438780928
1,1,448,321.104400,0.067900,24.286800,2.746600,288.704010,4.938600,0,632320,196608,6438780928
1,2,1172,186.591500,0.074400,24.258801,2.783200,154.131699,4.960600,0,632320,196608,6438780928
1,3,264,195.231800,0.128600,24.478800,3.367600,161.885895,4.958500,0,632320,196608,6438780928
1,4,3175,153.862600,0.071800,25.139099,2.984000,120.234299,5.013300,0,632320,196608,6438780928
1,5,13027,231.653100,0.072200,24.370800,2.797300,199.042603,4.962100,0,632320,196608,6438780928
1,6,50494,152.729700,0.056600,24.377399,2.999300,119.951302,4.956400,0,632320,196608,6438780928
1,7,2038,139.842000,0.053200,24.588400,3.039300,106.846298,4.936200,0,632320,196608,6438780928
1,8,2504,167.676600,0.069800,24.745100,3.265200,134.231201,4.990200,0,632320,196608,6438780928
1,9,8482,147.547300,0.094400,24.581200,3.192900,114.300598,4.978900,0,632320,196608,6438780928
1,10,264,96.561700,0.074200,24.372101,3.218700,63.604301,4.922700,0,632320,196608,6438780928
1,11,729,108.843900,0.051500,24.370701,2.911700,76.171799,4.923000,0,632320,196608,6438780928
1,12,429,168.571300,0.070000,24.532801,2.993500,135.588806,4.990300,0,632320,196608,6438780928
1,13,17431,261.653200,0.094300,24.884800,3.380500,227.953003,4.939800,0,632320,196608,6438780928
1,14,288,143.178500,0.076400,24.459000,3.023300,110.342300,4.928300,0,632320,196608,6438780928
1,15,264,153.322100,0.097700,24.393700,2.852800,120.613197,4.974500,0,632320,196608,6438780928
1,16,85499,198.280100,0.076600,24.367800,2.937200,165.485306,4.992600,0,632320,196608,6438780928
1,17,10592,168.358500,0.154800,24.456699,3.355500,134.987198,4.979000,0,632320,196608,6438780928
1,18,1140,213.828000,0.119300,24.719801,3.015100,180.495193,4.978300,0,632320,196608,6438780928
1,19,13,329.280200,0.071500,24.778099,3.230800,295.653412,5.044400,0,632320,196608,6438780928
1,20,3155,246.486400,0.076900,24.468399,2.915900,213.631195,5.014900,0,632320,196608,6438780928
1,21,537,204.616500,0.078500,24.792900,3.105600,171.166000,5.042700,0,632320,196608,6438780928
1,22,2924,178.109300,0.074600,24.759600,2.930000,144.948395,4.993300,0,632320,196608,6438780928
1,23,894,179.173500,0.134800,24.702400,3.092600,145.453796,5.044800,0,632320,196608,6438780928
1,24,1467,165.698200,0.091800,24.593800,3.099300,132.485306,5.015900,0,632320,196608,6438780928
1,25,1573,156.934700,0.076100,24.643700,3.213300,123.611603,5.010800,0,632320,196608,6438780928
1,26,476,164.281700,0.078700,24.368299,3.074800,131.466095,4.946200,0,632320,196608,6438780928
1,27,1283,99.102700,0.065700,24.374001,2.755900,66.578400,4.974100,0,632320,196608,6438780928
1,28,279,135.720000,0.059600,24.418400,2.847500,103.041901,4.930600,0,632320,196608,6438780928
1,29,2038,137.376500,0.075200,24.212799,2.719900,105.019997,4.978600,0,632320,196608,6438780928
1,30,2504,116.845100,0.055800,24.317499,2.743400,84.298103,4.981700,0,632320,196608,6438780928
1,31,13,233.531600,0.066500,24.669701,2.663100,200.811493,4.949500,0,632320,196608,6438780928
1,32,3155,259.264800,0.071700,24.762199,2.855500,226.086395,4.986400,0,632320,196608,6438780928
1,33,537,189.142600,0.095400,24.983200,3.047800,155.643494,4.982900,0,632320,196608,6438780928
1,34,2924,152.554800,0.058500,24.459101,2.796200,119.909698,4.979800,0,632320,196608,6438780928
1,35,6042,152.821400,0.053900,24.271700,2.658700,120.509697,4.951300,0,632320,196608,6438780928
1,36,4766,163.042300,0.064100,24.562500,2.704000,130.402298,4.929200,0,632320,196608,6438780928
1,37,279,180.126400,0.066500,24.765301,2.631800,147.278000,4.955300,0,632320,196608,6438780928
1,38,2038,161.304600,0.066500,24.994400,2.644400,128.328995,4.921400,0,632320,196608,6438780928
1,39,13,234.861400,0.083700,25.058201,2.615400,201.735794,4.968400,0,632320,196608,6438780928
1,40,576,161.844700,0.071900,25.410299,2.913500,128.057007,4.999900,0,632320,196608,6438780928
1,41,729,146.860200,0.066700,25.527399,2.980500,112.977097,4.946400,0,632320,196608,6438780928
1,42,1265,168.861300,0.069500,25.748501,3.034100,134.497894,5.034300,0,632320,196608,6438780928
1,43,387,128.741200,0.167300,25.905899,3.311000,93.956902,4.978200,0,632320,196608,6438780928
1,44,6941,184.727500,0.070600,26.268801,2.989200,149.935394,5.013900,0,632320,196608,6438780928
1,45,9931,296.086100,0.092300,26.296801,3.114600,261.188690,4.982200,0,632320,196608,6438780928
1,46,76145,194.112600,0.088500,26.571699,3.132300,158.933395,4.970700,0,632320,196608,6438780928
1,47,2019,148.358900,0.186800,26.478201,3.087000,113.218697,4.981900,0,632320,196608,6438780928
1,48,323,194.051900,0.077200,26.779200,3.079900,158.713898,5.007800,0,632320,196608,6438780928
1,49,1896,159.979500,0.125900,26.892401,3.239600,124.362801,4.990000,0,632320,196608,6438780928
1,50,264,185.947500,0.068800,27.009701,3.263000,150.257401,4.960600,0,632320,196608,6438780928
1,51,3175,189.294000,0.122000,27.249001,3.506100,152.949493,5.050100,0,632320,196608,6438780928
1,52,5733,180.383300,0.094600,27.725700,3.858100,143.303802,4.993000,0,632320,196608,6438780928
1,53,1968,241.669500,0.084800,27.036100,2.987600,206.222702,4.977700,0,632320,196608,6438780928
1,54,892,136.069500,0.090300,26.928699,2.568600,101.175598,4.955800,0,632320,196608,6438780928
1,55,374,132.848400,0.055500,26.938700,2.854600,97.638100,5.002900,0,632320,196608,6438780928
1,56,279,156.175300,0.051300,27.153601,3.179400,120.420502,4.943500,0,632320,196608,6438780928
1,57,1968,203.139900,0.074000,27.663300,2.776500,167.320908,4.956100,0,632320,196608,6438780928
1,58,315,207.287600,0.052400,27.775700,3.246500,170.869202,4.979100,0,632320,196608,6438780928
1,59,279,237.531600,0.065500,27.623100,2.895300,201.655106,4.925300,0,632320,196608,6438780928
1,60,10592,184.010200,0.053000,27.981899,2.939800,147.319397,4.924800,0,632320,196608,6438780928
1,61,1140,177.431300,0.077600,28.186600,3.188100,140.637405,4.946800,0,632320,196608,6438780928
1,62,13,294.393000,0.100500,27.993099,3.018400,257.663605,5.165900,0,632320,196608,6438780928
1,63,576,195.622800,0.074500,27.684700,3.193900,159.325806,4.966200,0,632320,196608,6438780928
1,64,729,202.273700,0.079400,27.751801,3.146800,165.926697,5.008300,0,632320,196608,6438780928
1,65,1265,202.192700,0.096100,27.464500,2.950900,166.281998,4.966200,0,632320,196608,6438780928
1,66,470,192.640600,0.076000,27.633900,3.150700,156.356796,4.995500,0,632320,196608,6438780928
1,67,279,200.269500,0.090600,28.010201,3.626900,163.171005,4.969200,0,632320,196608,6438780928
1,68,501,185.888100,0.065700,27.762300,3.157300,149.518997,4.973000,0,632320,196608,6438780928
1,69,1968,220.837100,0.072800,27.924400,3.394900,183.735001,5.195100,0,632320,196608,6438780928
1,70,315,210.662600,0.119000,27.828199,3.204000,174.108704,5.005000,0,632320,196608,6438780928
1,71,279,189.837600,0.071000,27.777800,2.655600,154.044998,4.934800,0,632320,196608,6438780928
1,72,27437,156.550700,0.042700,27.204000,2.668600,121.328598,4.958600,0,632320,196608,6438780928
1,73,10592,141.744800,0.056500,27.233400,2.597700,106.495300,4.944600,0,632320,196608,6438780928
1,74,1140,145.313000,0.062300,27.389299,2.765700,109.822403,4.891100,0,632320,196608,6438780928
1,75,13,312.101900,0.052500,27.727301,2.867200,276.078613,4.966500,0,632320,196608,6438780928
1,76,576,202.124300,0.085400,27.489901,2.798200,166.208206,4.994400,0,632320,196608,6438780928
1,77,10592,149.628000,0.096100,27.353201,4.014900,112.771400,4.993300,0,632320,196608,6438780928
1,78,1140,115.585300,0.074200,27.477301,2.964300,79.738098,4.951500,0,632320,196608,6438780928
1,79,7798,144.361600,0.065600,27.375700,2.878400,108.681602,5.003900,0,632320,196608,6438780928
1,80,525,206.627100,0.167500,27.701000,2.919700,170.420898,4.993400,0,632320,196608,6438780928
1,81,4512,186.910800,0.081300,27.624001,2.855700,150.774704,5.072100,0,632320,196608,6438780928
1,82,438,181.367600,0.076600,28.108400,3.089400,144.686996,4.973700,0,632320,196608,6438780928
1,83,11017,170.575900,0.060700,27.889400,2.822600,134.455597,4.970400,0,632320,196608,6438780928
1,84,1447,255.547700,0.057300,27.795601,2.837000,219.471405,5.012200,0,632320,196608,6438780928
1,85,1040,223.141400,0.065300,27.979700,3.073400,186.678894,4.950600,0,632320,196608,6438780928
1,86,6018,262.417500,0.061700,27.909800,3.021700,226.056396,4.983400,0,632320,196608,6438780928
1,87,510,199.157200,0.078600,28.177999,3.015500,162.541397,4.965300,0,632320,196608,6438780928
1,88,262,248.574600,0.071000,28.168200,3.627000,211.356003,4.948200,0,632320,196608,6438780928
1,89,707,278.209700,0.057900,28.438999,3.172400,241.184296,4.971500,0,632320,196608,6438780928
1,90,1304,290.367200,0.079300,27.950399,2.800100,254.119797,4.962800,0,632320,196608,6438780928
1,91,2327,285.629400,0.069800,27.978800,2.895200,249.357697,4.952100,0,632320,196608,6438780928
1,92,3804,233.337600,0.047000,27.977501,2.919200,197.076599,4.925700,0,632320,196608,6438780928
1,93,721,218.747700,0.064200,28.203501,2.880600,182.266098,4.971400,0,632320,196608,6438780928
1,94,11,242.420300,0.052700,27.999901,2.779800,206.258606,4.971300,0,632320,196608,6438780928
1,95,897,195.812500,0.071100,27.625299,3.043000,159.690506,4.979400,0,632320,196608,6438780928
1,96,982,244.709900,0.069600,28.158800,2.823400,208.195801,4.978300,0,632320,196608,6438780928
1,97,286,236.074400,0.072900,27.957001,3.163800,199.576996,4.922200,0,632320,196608,6438780928
1,98,656,161.964400,0.065500,27.742599,2.758400,126.099899,4.921800,0,632320,196608,6438780928
1,99,2824,150.822400,0.055200,27.897499,2.971700,114.445198,4.967500,0,632320,196608,6438780928
1,100,284,357.600800,0.053000,27.966999,2.961300,321.139496,5.097100,0,632320,196608,6438780928
1,101,897,235.686200,0.093300,28.037800,3.419700,198.658295,5.025800,0,632320,196608,6438780928
1,102,198,267.415300,0.172400,28.578199,3.694300,229.564499,4.948300,0,632320,196608,6438780928
1,103,286,235.253700,0.065900,28.409800,3.570000,197.839600,4.974200,0,632320,196608,6438780928
2,0,65354,289.395800,3.597200,23.903400,2.977400,253.621902,4.947100,0,632320,196608,6438780928
2,1,448,319.767800,0.058500,24.068600,2.688000,287.486511,5.091100,0,632320,196608,6438780928
2,2,1172,178.880600,0.072400,24.228800,2.705500,146.502701,4.999000,0,632320,196608,6438780928
2,3,264,206.183100,0.069500,23.931900,2.626300,174.214203,4.964800,0,632320,196608,6438780928
2,4,3175,147.067300,0.089800,24.180700,2.682300,114.761200,4.999300,0,632320,196608,6438780928
2,5,13027,236.352000,0.076800,24.215799,2.507000,204.249405,4.934800,0,632320,196608,6438780928
2,6,50494,150.876600,0.070700,24.437799,2.538000,118.506203,4.938300,0,632320,196608,6438780928
2,7,2038,133.227400,0.067800,24.610300,3.081900,100.174797,4.919300,0,632320,196608,6438780928
2,8,2504,175.445600,0.065000,24.670300,3.429200,141.968201,4.929900,0,632320,196608,6438780928
2,9,8482,148.158500,0.109600,24.286800,2.833600,115.563797,4.966600,0,632320,196608,6438780928
2,10,264,96.895100,0.061400,24.381201,3.223100,63.914299,4.957800,0,632320,196608,6438780928
2,11,729,122.733400,0.066800,24.300699,2.562200,90.439598,4.953800,0,632320,196608,6438780928
2,12,429,160.157500,0.053000,24.058500,2.693100,128.033600,4.938800,0,632320,196608,6438780928
2,13,12341,186.187100,0.071500,24.564699,3.175900,152.653107,5.120900,0,632320,196608,6438780928
2,14,3425,154.698600,0.085500,24.326401,2.752200,122.081299,5.012800,0,632320,196608,6438780928
2,15,264,144.532700,0.082200,24.755699,3.097200,111.184303,4.981800,0,632320,196608,6438780928
2,16,914,130.184400,0.068800,24.476900,3.066300,97.145500,4.955400,0,632320,196608,6438780928
2,17,374,131.768600,0.079800,24.568899,3.139800,98.489502,5.022400,0,632320,196608,6438780928
2,18,264,116.960200,0.094400,24.675200,3.062800,83.594299,5.060900,0,632320,196608,6438780928
2,19,73097,183.113100,0.083200,24.847200,2.962600,149.895798,4.945600,0,632320,196608,6438780928
2,20,13,262.616100,0.083500,24.208500,2.704100,230.315094,4.931300,0,632320,196608,6438780928
2,21,3155,202.991100,0.061200,24.216101,2.638400,170.747604,4.955900,0,632320,196608,6438780928
2,22,537,164.065100,0.066600,24.667200,2.840500,131.205597,4.923400,0,632320,196608,6438780928
2,23,2924,154.063100,0.063200,24.330799,2.688200,121.682098,4.944900,0,632320,196608,6438780928
2,24,894,163.166800,0.049700,24.382799,2.701500,130.643097,4.941400,0,632320,196608,6438780928
2,25,1467,155.777000,0.061300,24.191601,2.703700,123.543503,4.902900,0,632320,196608,6438780928
2,26,1573,158.189100,0.036200,24.374800,2.795400,125.707901,4.925100,0,632320,196608,6438780928
2,27,476,179.129700,0.049000,24.518400,2.723900,146.394302,4.983200,0,632320,196608,6438780928
2,28,1283,104.669600,0.057100,24.617201,3.465800,71.150299,4.985500,0,632320,196608,6438780928
2,29,279,138.732600,0.059700,24.549000,3.289500,105.507301,4.943600,0,632320,196608,6438780928
2,30,2038,149.809900,0.072300,24.952999,3.482700,115.888000,4.983500,0,632320,196608,6438780928
2,31,2504,123.034100,0.071400,24.359301,2.883100,90.373596,4.981800,0,632320,196608,6438780928
2,32,13,230.157900,0.062200,24.502800,2.495100,197.745697,4.961900,0,632320,196608,6438780928
2,33,3155,233.677300,0.059100,24.650600,2.769400,200.836304,4.944200,0,632320,196608,6438780928
2,34,537,179.219100,0.077600,24.431900,2.616500,146.753799,4.962200,0,632320,196608,6438780928
2,35,2924,184.966600,0.072700,25.142599,3.094400,151.197296,4.987000,0,632320,196608,6438780928
2,36,6042,166.361700,0.081900,25.279100,3.347300,132.254303,5.000900,0,632320,196608,6438780928
2,37,4766,178.729300,0.074000,25.178600,3.225300,144.856796,4.964100,0,632320,196608,6438780928
2,38,279,195.815200,0.058000,25.420401,3.312400,161.690994,4.948900,0,632320,196608,6438780928
2,39,2038,153.674300,0.062100,25.003901,2.832100,120.426804,4.974900,0,632320,196608,6438780928
2,40,13,219.403400,0.066400,25.173000,2.962000,185.862106,4.951800,0,632320,196608,6438780928
2,41,576,154.142600,0.065900,25.394800,2.716900,120.677803,4.921800,0,632320,196608,6438780928
2,42,729,134.830200,0.048800,25.525400,2.737800,101.203201,4.965100,0,632320,196608,6438780928
2,43,1265,174.412400,0.047700,25.649200,2.928800,140.453293,4.961700,0,632320,196608,6438780928
2,44,387,129.703100,0.050500,25.793200,2.528600,95.973503,4.972600,0,632320,196608,6438780928
2,45,6941,165.728300,0.052100,26.247200,2.805200,131.263901,4.972700,0,632320,196608,6438780928
2,46,374,252.428100,0.120100,26.378000,2.676900,217.875900,4.962200,0,632320,196608,6438780928
2,47,73310,274.269400,0.059000,26.302999,2.790200,239.758301,4.971300,0,632320,196608,6438780928
2,48,36058,146.768900,0.067400,26.424000,2.774900,112.160896,4.962300,0,632320,196608,6438780928
2,49,323,178.145900,0.045100,26.647699,2.628900,143.526001,4.936400,0,632320,196608,6438780928
2,50,1896,152.197700,0.064000,26.742399,2.744300,117.330101,4.951300,0,632320,196608,6438780928
2,51,264,185.406200,0.064300,26.580299,2.417300,150.938202,4.987100,0,632320,196608,6438780928
2,52,3175,187.547500,0.127000,26.924299,2.913500,152.083206,5.034400,0,632320,196608,6438780928
2,53,914,188.366100,0.080300,26.854601,2.595400,153.497803,4.958700,0,632320,196608,6438780928
2,54,5693,141.814000,0.067800,27.112200,2.882500,106.404701,4.959500,0,632320,196608,6438780928
2,55,13,248.512500,0.054700,27.499500,2.977700,212.565308,5.006600,0,632320,196608,6438780928
2,56,576,198.881600,0.075700,27.445299,2.892300,163.213394,4.899700,0,632320,196608,6438780928
2,57,729,238.857700,0.050300,27.471201,2.589400,203.391006,4.963200,0,632320,196608,6438780928
2,58,1265,168.918800,0.073800,27.786699,3.200800,132.434204,4.979100,0,632320,196608,6438780928
2,59,470,210.526600,0.064300,27.979601,3.328100,173.853302,4.926200,0,632320,196608,6438780928
2,60,264,214.256600,0.077600,28.296301,3.335200,177.205505,4.955100,0,632320,196608,6438780928
2,61,2710,201.013900,0.070600,28.160601,3.258700,164.140305,4.974100,0,632320,196608,6438780928
2,62,897,148.652900,0.133300,28.574699,3.553900,111.071701,4.932000,0,632320,196608,6438780928
2,63,13,264.915600,0.071900,27.297100,2.744200,229.489594,4.899900,0,632320,196608,6438780928
2,64,576,197.254000,0.054600,27.105200,2.864200,161.896301,4.934900,0,632320,196608,6438780928
2,65,729,179.269800,0.054800,27.215599,2.813200,143.858093,4.956000,0,632320,196608,6438780928
2,66,1265,172.985100,0.052500,27.617901,2.689400,137.283905,4.936300,0,632320,196608,6438780928
2,67,387,133.510200,0.068800,27.565800,2.834300,97.766800,4.930900,0,632320,196608,6438780928
2,68,5326,151.621600,0.050100,27.142000,2.836000,116.314201,4.933400,0,632320,196608,6438780928
2,69,304,184.165100,0.070400,27.493900,2.914400,148.269501,4.951400,0,632320,196608,6438780928
2,70,13027,191.047800,0.079500,27.469101,2.938500,155.124802,4.986700,0,632320,196608,6438780928
2,71,220,219.185500,0.069000,27.715799,2.707700,183.348999,4.938800,0,632320,196608,6438780928
2,72,18,162.140900,0.067600,27.726101,3.375000,125.580498,4.958900,0,632320,196608,6438780928
2,73,13,311.858600,0.059000,27.805201,3.119300,275.549896,4.956800,0,632320,196608,6438780928
2,74,576,212.172900,0.079400,27.719400,2.795500,176.252106,4.949800,0,632320,196608,6438780928
2,75,729,218.355600,0.070500,27.573400,2.684200,182.648499,4.971300,0,632320,196608,6438780928
2,76,1265,198.444100,0.070400,28.321600,2.884000,161.812393,4.955000,0,632320,196608,6438780928
2,77,537,162.684000,0.068700,27.746500,3.096100,126.404297,4.953300,0,632320,196608,6438780928
2,78,990,184.798600,0.068000,27.664400,2.986800,148.744598,4.953200,0,632320,196608,6438780928
2,79,894,157.513500,0.072200,28.110600,3.276900,120.655502,4.963500,0,632320,196608,6438780928
2,80,5798,236.463300,0.080300,28.012800,3.760400,199.292007,4.948700,0,632320,196608,6438780928
2,81,3419,133.209700,0.074400,27.704800,2.778000,97.315804,4.972500,0,632320,196608,6438780928
2,82,5746,158.940900,0.128700,27.156900,2.633900,123.746101,4.914100,0,632320,196608,6438780928
2,83,369,213.906600,0.046500,27.314501,2.797900,178.450302,4.929500,0,632320,196608,6438780928
2,84,75183,135.041300,0.052900,27.585800,2.727500,99.388000,4.920800,0,632320,196608,6438780928
2,85,279,138.598500,0.066900,27.476299,2.799500,102.904800,4.988700,0,632320,196608,6438780928
2,86,914,138.825300,0.076000,27.371799,2.674000,103.260300,5.040600,0,632320,196608,6438780928
2,87,13,244.836600,0.068500,27.646000,2.493300,209.144394,5.037200,0,632320,196608,6438780928
2,88,576,207.448000,0.071200,27.892799,3.081800,171.042801,4.957500,0,632320,196608,6438780928
2,89,729,190.239300,0.065400,28.215599,3.100900,153.451996,4.995600,0,632320,196608,6438780928
2,90,1265,236.211100,0.085800,30.728901,5.410300,194.319199,5.178900,0,632320,196608,6438780928
2,91,537,145.324500,0.152200,30.169201,5.412400,104.167900,4.995700,0,632320,196608,6438780928
2,92,990,237.745300,0.153900,29.591801,5.355900,197.010696,5.096000,0,632320,196608,6438780928
2,93,894,181.683000,0.097100,30.057899,5.252900,140.332397,5.225900,0,632320,196608,6438780928
2,94,29753,243.920700,0.118900,29.212799,4.363700,204.846603,4.960400,0,632320,196608,6438780928
2,95,13,246.915400,0.057800,27.985800,2.767200,210.591904,5.015000,0,632320,196608,6438780928
2,96,576,197.003200,0.092000,28.015900,2.880100,160.693405,4.936400,0,632320,196608,6438780928
2,97,729,235.887400,0.060900,28.887699,3.573900,198.069000,4.928600,0,632320,196608,6438780928
2,98,1265,177.181100,0.069600,27.837000,2.576800,141.423294,4.907100,0,632320,196608,6438780928
2,99,537,123.635000,0.054200,27.728201,2.690300,87.797699,4.986400,0,632320,196608,6438780928
2,100,990,165.113300,0.042700,27.521000,2.626900,129.551193,5.015800,0,632320,196608,6438780928
2,101,894,139.303300,0.044500,28.054501,3.004500,102.760902,5.026000,0,632320,196608,6438780928
2,102,50262,221.871000,0.079800,27.627001,2.484400,186.311096,4.993900,0,632320,196608,6438780928
2,103,13,254.601500,0.066400,27.926901,2.624500,218.625595,4.995600,0,632320,196608,6438780928
2,104,576,187.838300,0.070800,27.892700,2.719400,151.858994,4.931400,0,632320,196608,6438780928
3,0,65354,333.780900,3.282600,24.240999,2.595800,298.277802,4.989900,0,632320,196608,6438780928
3,1,448,302.268200,0.071400,24.672501,2.887300,269.280792,4.992400,0,632320,196608,6438780928
3,2,1172,176.294700,0.067000,24.031099,2.742600,144.112503,4.949400,0,632320,196608,6438780928
3,3,264,151.370600,0.082100,24.276300,2.798600,118.868401,4.938200,0,632320,196608,6438780928
3,4,3175,147.431300,0.054300,24.276899,2.527000,115.264099,4.944600,0,632320,196608,6438780928
3,5,13027,218.512700,0.071900,24.224701,2.742000,186.082596,4.950500,0,632320,196608,6438780928
3,6,50494,156.621600,0.086800,24.470600,3.014600,123.599297,5.016900,0,632320,196608,6438780928
3,7,2038,151.470200,0.073800,24.548700,3.440300,118.020599,5.008000,0,632320,196608,6438780928
3,8,2504,168.654900,0.078500,24.616100,3.051200,135.463593,4.995000,0,632320,196608,6438780928
3,9,8482,153.311400,0.076000,24.809500,3.021400,120.028198,5.002900,0,632320,196608,6438780928
3,10,264,96.708800,0.077500,24.564501,3.062000,63.673199,4.967300,0,632320,196608,6438780928
3,11,729,106.392300,0.065500,24.086599,3.024000,73.950699,4.911300,0,632320,196608,6438780928
3,12,429,146.080800,0.044900,24.052700,3.695700,112.994400,4.950000,0,632320,196608,6438780928
3,13,57203,258.590900,0.070000,24.016399,2.528800,226.628693,4.971000,0,632320,196608,6438780928
3,14,279,197.057400,0.065600,24.291401,2.796200,164.479706,4.955300,0,632320,196608,6438780928
3,15,55129,314.751500,0.055400,24.268200,2.583600,282.521698,4.939200,0,632320,196608,6438780928
3,16,79683,237.699000,0.072700,24.361799,3.016600,204.906006,4.963900,0,632320,196608,6438780928
3,17,1372,170.509000,0.090300,24.058100,2.863900,138.188095,4.967500,0,632320,196608,6438780928
3,18,5367,180.486300,0.054100,24.051399,2.842700,148.211807,4.977000,0,632320,196608,6438780928
3,19,7887,119.164900,0.059100,24.019501,2.788900,86.985603,4.931600,0,632320,196608,6438780928
3,20,13,270.397200,0.114900,24.358101,2.721500,237.875504,4.970800,0,632320,196608,6438780928
3,21,3155,213.289700,0.076100,24.108700,2.665300,181.168106,4.921800,0,632320,196608,6438780928
3,22,537,170.483900,0.101300,24.182800,2.571100,138.335007,4.926300,0,632320,196608,6438780928
3,23,2924,153.446600,0.064300,24.108299,2.724100,121.162498,4.923500,0,632320,196608,6438780928
3,24,894,152.296600,0.062600,24.271799,2.935800,119.556999,5.042300,0,632320,196608,6438780928
3,25,1467,180.238600,0.079600,24.363800,2.670600,147.661804,4.978400,0,632320,196608,6438780928
3,26,1573,162.201200,0.094300,24.508801,3.133900,129.069107,4.969800,0,632320,196608,6438780928
3,27,476,166.269900,0.092900,24.905300,3.130400,132.768707,4.999800,0,632320,196608,6438780928
3,28,1283,108.532400,0.069100,24.414000,2.784200,75.869301,4.988700,0,632320,196608,6438780928
3,29,279,125.759800,0.137800,24.512899,2.763600,93.032402,4.934900,0,632320,196608,6438780928
3,30,2038,136.746700,0.067200,24.332001,2.877100,104.151901,4.905600,0,632320,196608,6438780928
3,31,2504,122.057300,0.071300,24.450701,3.098300,89.087601,4.979100,0,632320,196608,6438780928
3,32,13,248.001100,0.046100,24.699600,3.022300,214.927795,4.932600,0,632320,196608,6438780928
3,33,3155,272.246200,0.071500,25.135599,3.219300,238.392593,4.990500,0,632320,196608,6438780928
3,34,537,183.175000,0.055800,24.884001,3.071700,149.776703,4.976100,0,632320,196608,6438780928
3,35,2924,186.885800,0.077800,25.159201,3.419900,152.778000,5.002200,0,632320,196608,6438780928
3,36,6042,166.880800,0.124900,25.091600,3.144500,133.061600,4.982900,0,632320,196608,6438780928
3,37,4766,174.182400,0.077500,25.790100,3.304200,139.710999,4.936200,0,632320,196608,6438780928
3,38,279,167.570500,0.064500,24.812500,2.489100,134.912094,4.939100,0,632320,196608,6438780928
3,39,2038,148.152100,0.072500,24.893801,2.647600,115.196404,4.950300,0,632320,196608,6438780928
3,40,13,231.650700,0.053800,25.308001,2.949300,197.922699,4.968900,0,632320,196608,6438780928
3,41,576,155.780100,0.057100,25.416700,2.612300,122.362396,4.967900,0,632320,196608,6438780928
3,42,729,134.697400,0.053100,25.377600,2.637200,101.307701,4.936200,0,632320,196608,6438780928
3,43,1969,172.332900,0.065300,25.745600,2.810900,138.294495,4.999500,0,632320,196608,6438780928
3,44,387,122.115000,0.078600,26.051901,3.455800,87.130997,5.020000,0,632320,196608,6438780928
3,45,6941,180.503300,0.066500,26.101801,2.786600,146.174896,5.005500,0,632320,196608,6438780928
3,46,1565,186.382600,0.075700,25.989401,2.682300,152.334503,4.944700,0,632320,196608,6438780928
3,47,75326,266.662300,0.047300,26.139099,2.551100,232.614502,4.913000,0,632320,196608,6438780928
3,48,39345,143.579500,0.062600,26.209400,2.825100,109.106499,5.024000,0,632320,196608,6438780928
3,49,63,167.743000,0.062300,26.387100,2.542000,133.351105,5.017000,0,632320,196608,6438780928
3,50,323,193.588000,0.059100,26.438400,2.647300,159.068298,4.988400,0,632320,196608,6438780928
3,51,1896,195.763100,0.064800,26.672899,2.888300,160.782196,4.958100,0,632320,196608,6438780928
3,52,264,235.543500,0.062100,26.914700,2.633400,200.558899,4.964800,0,632320,196608,6438780928
3,53,3175,176.278500,0.068200,27.088400,3.038400,140.623993,5.031800,0,632320,196608,6438780928
3,54,5693,174.682200,0.148700,27.456400,3.078500,138.552399,5.080000,0,632320,196608,6438780928
3,55,1565,193.907800,0.097300,27.254801,2.683800,158.496307,4.961800,0,632320,196608,6438780928
3,56,77,258.184400,0.061000,27.453800,2.707000,222.626602,4.961600,0,632320,196608,6438780928
3,57,28587,292.463300,0.056300,27.726999,2.927400,256.372589,4.986500,0,632320,196608,6438780928
3,58,576,236.972100,0.064400,27.852100,3.142100,200.597794,4.945300,0,632320,196608,6438780928
3,59,729,227.555600,0.066300,27.738400,2.887200,191.438995,5.019900,0,632320,196608,6438780928
3,60,1969,202.779100,0.077200,28.568100,3.493900,165.068802,5.044300,0,632320,196608,6438780928
3,61,537,140.956400,0.092300,27.717699,2.842700,104.887199,5.020400,0,632320,196608,6438780928
3,62,990,168.666500,0.073500,28.016199,2.847900,132.404205,4.947800,0,632320,196608,6438780928
3,63,50262,228.145000,0.058700,27.275000,2.711700,192.803802,4.920000,0,632320,196608,6438780928
3,64,13,229.236000,0.065900,26.966200,2.872300,193.946503,4.957100,0,632320,196608,6438780928
3,65,576,172.456600,0.059900,27.184601,3.062500,136.784195,4.987900,0,632320,196608,6438780928
3,66,729,178.945500,0.081100,27.495501,2.814400,143.210205,4.962500,0,632320,196608,6438780928
3,67,1969,157.264800,0.077000,27.527300,2.953700,121.294197,4.972900,0,632320,196608,6438780928
3,68,537,115.026400,0.088700,27.858601,3.014800,78.730400,4.914900,0,632320,196608,6438780928
3,69,990,174.409300,0.087700,27.539499,2.881500,138.353195,5.087700,0,632320,196608,6438780928
3,70,894,148.357600,0.065900,28.153000,3.362400,111.463997,4.926400,0,632320,196608,6438780928
3,71,9250,190.072300,0.110700,27.976200,3.335900,153.186600,5.008000,0,632320,196608,6438780928
3,72,20186,191.366000,0.076800,27.817900,2.983000,155.107895,4.955500,0,632320,196608,6438780928
3,73,13,282.306600,0.070000,28.463200,3.443200,244.957306,4.959400,0,632320,196608,6438780928
3,74,576,194.555300,0.076800,27.797501,3.348400,157.976395,4.954500,0,632320,196608,6438780928
3,75,729,210.472600,0.077800,28.177299,3.312600,173.483307,4.986700,0,632320,196608,6438780928
3,76,1969,203.776100,0.076700,28.464001,3.930800,165.944000,4.944500,0,632320,196608,6438780928
3,77,537,140.693000,0.083000,27.991899,3.623100,103.411797,5.058700,0,632320,196608,6438780928
3,78,990,171.516500,0.084900,27.621000,2.836100,135.609207,4.973600,0,632320,196608,6438780928
3,79,894,133.828700,0.072000,27.614000,2.466000,98.364601,4.933300,0,632320,196608,6438780928
3,80,19057,248.479100,0.054300,27.337999,2.883400,212.865494,4.979900,0,632320,196608,6438780928
3,81,1459,143.959200,0.047900,27.359301,2.740200,108.303703,5.029100,0,632320,196608,6438780928
3,82,7525,174.099700,0.075600,27.700500,2.498300,138.505096,4.940600,0,632320,196608,6438780928
3,83,13,268.176300,0.082000,27.838600,2.590200,232.305801,4.947700,0,632320,196608,6438780928
3,84,576,220.793700,0.069300,27.746901,3.008700,184.520294,5.078200,0,632320,196608,6438780928
3,85,729,187.895700,0.064000,27.469000,2.950200,152.024704,5.022200,0,632320,196608,6438780928
3,86,1969,193.474700,0.074600,27.638700,2.928200,157.441406,4.977600,0,632320,196608,6438780928
3,87,537,143.231400,0.124400,27.825100,3.214400,106.673203,4.977400,0,632320,196608,6438780928
3,88,990,181.827500,0.073800,27.883600,2.693400,145.753998,4.997700,0,632320,196608,6438780928
3,89,894,148.342200,0.082900,27.866400,2.643100,112.274200,4.992300,0,632320,196608,6438780928
3,90,19057,258.226900,0.085000,28.143000,2.863400,221.791397,4.948900,0,632320,196608,6438780928
3,91,1459,146.469100,0.082000,28.348700,3.167800,109.528702,4.958600,0,632320,196608,6438780928
3,92,5109,193.153600,0.043800,28.485100,3.912200,155.395096,4.938100,0,632320,196608,6438780928
3,93,13,299.969000,0.052300,28.525900,3.094200,262.914093,4.969600,0,632320,196608,6438780928
3,94,576,228.309800,0.068300,28.754299,3.669400,190.420807,4.974600,0,632320,196608,6438780928
3,95,729,239.112300,0.078400,28.189899,3.676300,201.766800,4.967200,0,632320,196608,6438780928
3,96,1969,204.587700,0.058600,27.634100,2.883300,168.720505,4.940500,0,632320,196608,6438780928
3,97,537,132.773500,0.045100,27.707001,2.638400,97.040497,4.996500,0,632320,196608,6438780928
3,98,990,179.247800,0.075400,27.714300,2.508700,143.587097,4.993600,0,632320,196608,6438780928
3,99,894,163.271700,0.066600,28.130400,3.304700,126.447304,4.927100,0,632320,196608,6438780928
3,100,19057,234.085500,0.067600,27.871700,3.269600,197.484604,4.983800,0,632320,196608,6438780928
3,101,1459,116.690700,0.067900,27.823500,2.901200,80.633904,4.899600,0,632320,196608,6438780928
3,102,7332,176.213000,0.068300,27.847200,2.896700,140.065796,4.934600,0,632320,196608,6438780928
3,103,13,266.407800,0.051500,28.134800,2.833000,230.029099,4.969200,0,632320,196608,6438780928
3,104,576,261.044500,0.046100,28.298201,2.844600,224.500900,4.959300,0,632320,196608,6438780928
4,0,65354,352.057300,4.008600,24.944901,3.264800,314.491913,4.941000,0,632320,196608,6438780928
4,1,448,316.589500,0.060400,24.444599,3.144500,283.558105,4.982500,0,632320,196608,6438780928
4,2,1172,201.659300,0.071200,24.360001,2.799700,169.065598,4.958600,0,632320,196608,6438780928
4,3,264,192.264800,0.082700,24.674000,3.447100,158.543396,5.018700,0,632320,196608,6438780928
4,4,3175,148.733300,0.112300,24.540800,3.041800,115.688904,4.932400,0,632320,196608,6438780928
4,5,13027,235.285600,0.071700,24.472099,3.090700,202.293594,4.963200,0,632320,196608,6438780928
4,6,50494,170.396400,0.087900,24.843500,3.339800,136.733307,4.973100,0,632320,196608,6438780928
4,7,2038,144.096700,0.100800,24.782400,3.217500,110.606201,4.919200,0,632320,196608,6438780928
4,8,2504,159.069700,0.069400,24.144800,2.767900,126.698700,4.965500,0,632320,196608,6438780928
4,9,8482,136.619500,0.064300,24.030800,3.381500,103.812599,4.958100,0,632320,196608,6438780928
4,10,264,93.187900,0.080500,24.185699,2.911000,60.711601,4.938600,0,632320,196608,6438780928
4,11,5611,135.813400,0.064300,24.126400,2.653900,103.656303,4.951000,0,632320,196608,6438780928
4,12,536,115.804800,0.064000,24.219601,2.712700,83.499199,4.940400,0,632320,196608,6438780928
4,13,11537,121.380600,0.072500,24.153200,2.855700,88.949898,4.941100,0,632320,196608,6438780928
4,14,1667,126.246500,0.066300,24.129000,2.565800,94.168098,4.940200,0,632320,196608,6438780928
4,15,264,150.695900,0.099400,24.702200,3.116200,117.314697,4.986400,0,632320,196608,6438780928
4,16,1140,109.054400,0.076200,24.325899,3.235900,75.996803,5.000900,0,632320,196608,6438780928
4,17,13,244.004500,0.077400,24.381201,3.118500,211.066498,4.932300,0,632320,196608,6438780928
4,18,3155,210.109400,0.067900,24.506901,2.665500,177.528107,4.935500,0,632320,196608,6438780928
4,19,537,185.053500,0.078600,24.490000,3.023800,152.148407,4.893100,0,632320,196608,6438780928
4,20,2924,165.313400,0.069200,24.504700,2.639500,132.764008,4.976000,0,632320,196608,6438780928
4,21,894,155.130300,0.055200,24.370001,3.073200,122.313301,4.954600,0,632320,196608,6438780928
4,22,1467,152.888800,0.094100,24.142300,2.732700,120.576500,4.958300,0,632320,196608,6438780928
4,23,1573,160.827800,0.070000,24.515600,3.070200,127.819702,4.981200,0,632320,196608,6438780928
4,24,476,176.588700,0.077100,24.917000,3.405500,142.698700,5.010600,0,632320,196608,6438780928
4,25,1283,109.124400,0.155900,25.079000,3.684200,74.763000,4.975700,0,632320,196608,6438780928
4,26,279,160.370400,0.082700,25.135500,3.748600,125.989799,4.980600,0,632320,196608,6438780928
4,27,2038,159.675700,0.116000,25.246401,3.330300,125.507797,4.988800,0,632320,196608,6438780928
4,28,2504,129.772500,0.075800,24.944401,2.893900,96.431503,5.012400,0,632320,196608,6438780928
4,29,13,256.276300,0.090200,24.563700,2.757500,223.534103,4.943800,0,632320,196608,6438780928
4,30,3155,254.758600,0.044600,24.637300,2.950000,221.743607,4.968900,0,632320,196608,6438780928
4,31,537,218.964300,0.077100,24.864401,3.308400,185.248596,4.975000,0,632320,196608,6438780928
4,32,2924,188.532400,0.159800,24.978201,2.899000,155.058701,4.979100,0,632320,196608,6438780928
4,33,6042,169.180300,0.080400,25.052900,3.812100,134.817596,5.002000,0,632320,196608,6438780928
4,34,4766,175.273400,0.082400,25.282301,3.346700,141.173096,4.957200,0,632320,196608,6438780928
4,35,279,168.933400,0.135600,24.485701,2.795200,136.230606,4.941500,0,632320,196608,6438780928
4,36,2038,149.062200,0.051600,24.747101,2.721100,116.175201,4.950500,0,632320,196608,6438780928
4,37,13,245.760300,0.079500,24.988899,2.704500,212.677597,4.932400,0,632320,196608,6438780928
4,38,576,160.973000,0.117500,25.036900,2.515600,127.953697,4.984000,0,632320,196608,6438780928
4,39,5611,237.398400,0.068700,25.341900,2.749500,203.891998,4.961200,0,632320,196608,6438780928
4,40,536,139.118100,0.073700,25.254700,2.836700,105.616898,4.940300,0,632320,196608,6438780928
4,41,1969,174.612900,0.076000,25.609600,2.552500,141.034195,4.957800,0,632320,196608,6438780928
4,42,614,187.196300,0.070300,25.706699,3.093400,152.774002,5.072300,0,632320,196608,6438780928
4,43,279,170.395400,0.101600,26.329300,3.436000,134.971405,5.080300,0,632320,196608,6438780928
4,44,2701,140.364300,0.075700,25.999800,3.226100,105.563698,5.014000,0,632320,196608,6438780928
4,45,5413,152.339400,0.141900,26.380100,3.313300,116.980400,4.992800,0,632320,196608,6438780928
4,46,25,259.344300,0.121300,26.462400,3.112100,224.279205,4.967900,0,632320,196608,6438780928
4,47,1304,239.098400,0.064900,26.857901,2.870400,203.987503,4.930800,0,632320,196608,6438780928
4,48,2327,221.725600,0.074800,27.170099,3.311300,185.701096,5.022400,0,632320,196608,6438780928
4,49,10445,156.810000,0.126000,26.993500,3.381700,120.875702,4.974600,0,632320,196608,6438780928
4,50,4484,183.174500,0.101300,27.306801,3.146600,147.125000,5.045900,0,632320,196608,6438780928
4,51,11,142.195000,0.075500,27.040899,3.375600,106.380501,4.939000,0,632320,196608,6438780928
4,52,2420,112.062400,0.067800,26.931700,2.756800,76.892097,5.036300,0,632320,196608,6438780928
4,53,11,136.590600,0.099100,27.279100,3.185100,100.570000,5.012800,0,632320,196608,6438780928
4,54,32592,125.018400,0.102200,27.827801,3.552700,88.112198,4.972200,0,632320,196608,6438780928
4,55,11,101.314300,0.091000,27.854200,3.841700,63.979198,5.039000,0,632320,196608,6438780928
4,56,374,148.217200,0.114200,27.444401,2.861200,112.470100,4.951100,0,632320,196608,6438780928
4,57,15124,132.656700,0.085500,27.639601,2.876400,96.638702,5.049600,0,632320,196608,6438780928
4,58,11,89.210700,0.062200,27.316799,2.642100,53.873699,4.947300,0,632320,196608,6438780928
4,59,1379,149.204400,0.139400,27.690201,3.015900,112.995399,4.984000,0,632320,196608,6438780928
4,60,13,234.046400,0.071900,27.760599,2.793900,198.011093,4.987600,0,632320,196608,6438780928
4,61,576,211.916900,0.071700,27.935801,2.816600,175.727493,4.989500,0,632320,196608,6438780928
4,62,5611,208.081700,0.087800,28.028299,3.083100,171.565994,4.947200,0,632320,196608,6438780928
4,63,1265,203.118500,0.062800,27.536501,2.798700,167.305496,5.054800,0,632320,196608,6438780928
4,64,387,136.326800,0.070300,27.643101,2.984200,100.303001,4.952700,0,632320,196608,6438780928
4,65,11537,198.153200,0.099600,27.486799,3.007100,162.114594,4.991100,0,632320,196608,6438780928
4,66,1667,221.873900,0.077300,27.815701,3.791000,184.794998,4.958200,0,632320,196608,6438780928
4,67,264,204.214700,0.051700,27.773199,3.154900,167.844101,4.990300,0,632320,196608,6438780928
4,68,1140,141.406200,0.070300,27.783701,2.998100,105.099800,5.017000,0,632320,196608,6438780928
4,69,11,240.858400,0.074200,27.847200,2.798900,204.720596,5.005800,0,632320,196608,6438780928
4,70,323,146.529800,0.075100,27.746799,3.017400,110.279701,4.994700,0,632320,196608,6438780928
4,71,279,151.116800,0.075200,27.785700,3.274800,114.594803,4.954700,0,632320,196608,6438780928
4,72,1140,142.037400,0.069600,27.826599,3.474800,105.249100,4.981300,0,632320,196608,6438780928
4,73,1265,187.523800,0.071300,27.946199,3.240900,150.894394,4.998600,0,632320,196608,6438780928
4,74,387,131.635500,0.069400,27.974100,3.219300,94.997200,4.954800,0,632320,196608,6438780928
4,75,264,128.523000,0.096200,28.105700,3.303300,91.619797,5.000500,0,632320,196608,6438780928
4,76,869,208.159400,0.078500,28.265900,3.973500,170.459702,4.986900,0,632320,196608,6438780928
4,77,3890,155.984000,0.061500,28.045900,3.871900,118.565102,4.995400,0,632320,196608,6438780928
4,78,13,265.553400,0.094600,27.893900,3.080500,229.139496,4.953300,0,632320,196608,6438780928
4,79,576,168.476300,0.073000,27.243200,3.200500,132.492493,5.015000,0,632320,196608,6438780928
4,80,5611,174.103700,0.129600,27.759399,3.180900,137.711197,4.930400,0,632320,196608,6438780928
4,81,1265,175.612700,0.068200,27.729200,2.851100,139.559998,5.000300,0,632320,196608,6438780928
4,82,614,167.508000,0.073100,27.860100,3.018700,131.216202,4.953800,0,632320,196608,6438780928
4,83,264,142.679900,0.115300,27.629299,3.001100,106.567101,4.960300,0,632320,196608,6438780928
4,84,7192,258.206100,0.071500,27.711100,3.074300,221.994904,4.980500,0,632320,196608,6438780928
4,85,8654,222.281900,0.073000,27.926300,2.991900,185.928802,4.977200,0,632320,196608,6438780928
4,86,11,234.184200,0.071600,28.004999,2.821600,197.933105,4.973400,0,632320,196608,6438780928
4,87,323,129.815500,0.053800,27.922800,3.098600,93.331398,4.980000,0,632320,196608,6438780928
4,88,979,169.156100,0.069300,28.362801,3.076200,132.164505,4.972000,0,632320,196608,6438780928
4,89,279,150.854700,0.098300,28.623899,3.700700,112.993797,5.023500,0,632320,196608,6438780928
4,90,5611,283.943600,0.127600,28.449301,3.336300,246.672394,4.939300,0,632320,196608,6438780928
4,91,374,180.477600,0.051600,28.335300,3.331900,143.367706,4.974400,0,632320,196608,6438780928
4,92,2480,189.131900,0.066600,28.309999,3.455400,151.945999,4.965900,0,632320,196608,6438780928
4,93,11,122.090300,0.102000,28.673100,3.846000,84.039703,4.981600,0,632320,196608,6438780928
4,94,17461,163.862200,0.075600,28.598600,2.933200,126.785004,5.020600,0,632320,196608,6438780928
4,95,1265,143.365200,0.104200,28.309401,4.059800,105.541000,4.946500,0,632320,196608,6438780928
4,96,4828,134.015900,0.090200,28.539200,3.492400,96.541801,4.954600,0,632320,196608,6438780928
4,97,458,233.843700,0.122100,29.080500,3.381900,195.897202,4.925800,0,632320,196608,6438780928
4,98,4683,157.812900,0.057800,28.200899,2.877300,121.286400,4.987500,0,632320,196608,6438780928
4,99,13,194.317600,0.076900,28.048201,2.549800,158.303497,4.926100,0,632320,196608,6438780928
4,100,576,185.156300,0.076200,27.755899,2.556800,149.407700,4.957200,0,632320,196608,6438780928
4,101,4683,155.310400,0.068500,28.021799,2.544100,119.362900,4.934100,0,632320,196608,6438780928
5,0,65354,311.591100,4.062200,24.213600,2.578900,275.364807,4.982600,0,632320,196608,6438780928
5,1,448,219.328200,0.071800,24.382999,2.523500,187.000504,4.973600,0,632320,196608,6438780928
5,2,1172,135.825200,0.078900,24.447399,2.949900,102.967102,4.969000,0,632320,196608,6438780928
5,3,264,155.398100,0.072000,24.428699,2.720100,122.859001,4.935400,0,632320,196608,6438780928
5,4,3175,138.292100,0.072000,24.616400,3.028500,105.144997,5.026800,0,632320,196608,6438780928
5,5,13027,164.645600,0.072400,24.344999,2.792100,132.091202,4.955700,0,632320,196608,6438780928
5,6,50494,142.285300,0.105600,24.324400,2.871000,109.603897,4.965500,0,632320,196608,6438780928
5,7,2038,108.726000,0.104500,24.263800,2.726500,76.130699,5.067000,0,632320,196608,6438780928
5,8,2504,126.031000,0.189600,24.320499,3.247300,92.890999,4.973300,0,632320,196608,6438780928
5,9,8482,143.747800,0.065700,25.004400,3.041800,110.104301,5.131700,0,632320,196608,6438780928
5,10,264,134.840300,0.073100,24.589100,3.057700,101.759903,4.962400,0,632320,196608,6438780928
5,11,729,85.868800,0.080100,24.285999,2.950900,53.143600,5.003200,0,632320,196608,6438780928
5,12,429,118.908300,0.078300,24.813999,3.487300,85.142899,4.971900,0,632320,196608,6438780928
5,13,26674,116.945400,0.084400,24.861900,3.225400,83.360397,5.011900,0,632320,196608,6438780928
5,14,57221,283.330200,0.071700,24.877600,3.667100,249.379303,4.946000,0,632320,196608,6438780928
5,15,1156,169.126400,0.056200,24.792200,3.057500,135.758698,4.982200,0,632320,196608,6438780928
5,16,2711,122.317500,0.131700,24.573200,3.277900,88.917198,5.005100,0,632320,196608,6438780928
5,17,389,191.919200,0.077000,25.045401,3.121000,158.293304,4.963800,0,632320,196608,6438780928
5,18,264,133.113000,0.068700,24.343901,2.691200,100.610001,4.980600,0,632320,196608,6438780928
5,19,4771,131.559300,0.058000,24.083401,2.691400,99.404503,4.954400,0,632320,196608,6438780928
5,20,2661,110.313000,0.052300,24.164700,2.680800,78.078201,4.966100,0,632320,196608,6438780928
5,21,438,99.422100,0.074200,24.298401,2.683000,66.996902,4.907200,0,632320,196608,6438780928
5,22,458,117.884200,0.078600,24.420900,3.432700,84.593803,4.930600,0,632320,196608,6438780928
5,23,73849,173.453100,0.080100,24.270399,2.751800,140.933807,4.980600,0,632320,196608,6438780928
5,24,1140,128.718700,0.072900,24.643000,2.903400,95.803299,4.932100,0,632320,196608,6438780928
5,25,13,240.318100,0.066800,24.518000,2.931700,207.464493,4.947100,0,632320,196608,6438780928
5,26,3155,158.103900,0.113400,24.636499,2.581500,125.384598,4.973200,0,632320,196608,6438780928
5,27,537,120.333300,0.075500,24.773600,3.162800,86.976402,4.944800,0,632320,196608,6438780928
5,28,2924,137.926200,0.062500,24.735800,2.882200,104.866203,4.957600,0,632320,196608,6438780928
5,29,894,131.398700,0.082100,25.033300,3.389500,97.550102,4.943100,0,632320,196608,6438780928
5,30,1467,161.472700,0.067200,24.773100,3.280500,127.924301,5.030700,0,632320,196608,6438780928
5,31,1573,140.710800,0.121700,24.840599,3.386000,106.865700,4.977600,0,632320,196608,6438780928
5,32,476,169.576700,0.074300,24.880699,3.824400,135.448502,4.966900,0,632320,196608,6438780928
5,33,1283,93.931000,0.086800,24.413500,2.740300,61.208000,5.008400,0,632320,196608,6438780928
5,34,279,114.474400,0.210500,25.068399,3.787500,79.901497,5.062500,0,632320,196608,6438780928
5,35,2038,138.161500,0.086000,24.594999,2.534400,105.544800,4.992400,0,632320,196608,6438780928
5,36,2504,128.075400,0.074700,25.042101,3.450100,94.113098,4.979300,0,632320,196608,6438780928
5,37,13,260.125000,0.075000,25.575399,3.538600,225.565399,4.975800,0,632320,196608,6438780928
5,38,3155,200.868600,0.066200,25.433701,3.038200,166.867096,5.080100,0,632320,196608,6438780928
5,39,537,130.426500,0.054600,25.501101,3.567600,95.884003,4.996400,0,632320,196608,6438780928
5,40,2924,142.355500,0.057400,25.868601,3.707100,107.187798,5.029400,0,632320,196608,6438780928
5,41,6042,172.360300,0.109300,26.109800,3.679300,137.082001,4.965400,0,632320,196608,6438780928
5,42,4766,163.222000,0.044500,25.479000,2.820100,129.539597,4.946200,0,632320,196608,6438780928
5,43,279,129.018600,0.068700,25.576200,2.918500,95.160301,4.916200,0,632320,196608,6438780928
5,44,2038,129.539900,0.053600,25.733700,2.929200,95.509201,4.941400,0,632320,196608,6438780928
5,45,13,228.610700,0.049700,25.970501,2.555000,194.726898,4.957200,0,632320,196608,6438780928
5,46,576,140.632600,0.046400,25.763700,2.698500,106.844200,4.902400,0,632320,196608,6438780928
5,47,729,101.614000,0.053000,26.282000,2.843900,67.146500,4.931600,0,632320,196608,6438780928
5,48,1265,135.165000,0.043600,26.255699,2.633500,100.929001,4.930100,0,632320,196608,6438780928
5,49,1896,137.113500,0.067400,26.508200,2.804200,102.349297,4.979700,0,632320,196608,6438780928
5,50,1378,507.752200,0.152200,26.961300,3.024500,472.272491,4.941400,0,632320,196608,6438780928
5,51,5977,133.395800,0.055800,26.996099,3.489800,97.472198,4.972800,0,632320,196608,6438780928
5,52,25,206.553000,0.084700,27.361500,3.090100,170.593597,5.022800,0,632320,196608,6438780928
5,53,279,161.494900,0.053200,27.293100,3.032100,125.792297,4.958500,0,632320,196608,6438780928
5,54,4771,157.976900,0.060900,27.320400,3.022300,122.214104,4.977100,0,632320,196608,6438780928
5,55,323,156.475100,0.064700,27.498301,3.269200,120.190399,4.990800,0,632320,196608,6438780928
5,56,279,119.571900,0.083800,27.558701,3.597500,82.922501,4.979800,0,632320,196608,6438780928
5,57,1191,180.776400,0.128600,28.020000,3.389800,143.890900,4.961600,0,632320,196608,6438780928
5,58,2436,139.321700,0.091000,27.855700,3.689500,102.080597,5.088000,0,632320,196608,6438780928
5,59,13,252.457900,0.077600,28.320000,3.506700,215.154999,4.989300,0,632320,196608,6438780928
5,60,576,202.371800,0.077700,28.287600,3.708400,164.763397,5.060200,0,632320,196608,6438780928
5,61,729,158.280000,0.110600,28.955299,4.082700,119.759399,4.985600,0,632320,196608,6438780928
5,62,1265,122.816400,0.064500,28.079500,3.207200,86.143997,4.976900,0,632320,196608,6438780928
5,63,470,123.542400,0.050800,27.144501,2.850400,88.140503,4.956000,0,632320,196608,6438780928
5,64,279,135.979900,0.048000,27.294300,2.708000,100.599998,4.951400,0,632320,196608,6438780928
5,65,1973,189.002100,0.049600,27.326200,2.966500,153.309402,4.983200,0,632320,196608,6438780928
5,66,315,149.968000,0.044700,27.643000,2.935500,113.940903,4.980500,0,632320,196608,6438780928
5,67,11994,156.152100,0.072800,27.649300,2.939900,120.132500,4.994200,0,632320,196608,6438780928
5,68,7798,135.177600,0.046500,27.396099,2.992000,99.255898,5.010900,0,632320,196608,6438780928
5,69,382,253.599900,0.077700,27.561001,2.883200,217.593704,5.083900,0,632320,196608,6438780928
5,70,73594,236.291200,0.129400,27.967699,3.283900,199.520599,4.996500,0,632320,196608,6438780928
5,71,12669,237.351200,0.072600,28.073200,3.469800,200.199097,5.118500,0,632320,196608,6438780928
5,72,198,158.325100,0.082800,27.898800,3.351400,121.589203,5.002300,0,632320,196608,6438780928
5,73,750,156.763300,0.075300,28.012300,3.803300,119.507698,5.000800,0,632320,196608,6438780928
5,74,66564,231.211300,0.064100,28.279100,2.759000,194.742096,4.993700,0,632320,196608,6438780928
5,75,24312,247.290000,0.060500,28.325199,3.477300,210.072296,4.961100,0,632320,196608,6438780928
5,76,11,249.635900,0.057100,28.395500,3.559200,212.270798,4.973500,0,632320,196608,6438780928
5,77,1191,154.832500,0.078300,28.141001,3.738700,117.447502,5.028200,0,632320,196608,6438780928
5,78,982,255.494200,0.110000,27.996401,3.023600,218.866302,5.067100,0,632320,196608,6438780928
5,79,262,245.987300,0.072100,29.007500,4.337800,207.042603,5.022500,0,632320,196608,6438780928
5,80,11994,242.116400,0.091600,27.746599,2.586100,206.359894,4.921900,0,632320,196608,6438780928
5,81,284,188.949100,0.062300,27.409700,2.575800,153.491501,5.018700,0,632320,196608,6438780928
5,82,4167,207.352300,0.049100,27.672300,3.161000,171.088699,4.983400,0,632320,196608,6438780928
5,83,262,173.725400,0.062300,27.731701,2.526700,138.054306,4.977400,0,632320,196608,6438780928
5,84,7177,237.021200,0.093200,27.958799,3.128900,200.485596,4.960100,0,632320,196608,6438780928
5,85,284,206.502900,0.061600,28.254700,3.570500,169.163101,4.997300,0,632320,196608,6438780928
5,86,508,228.713400,0.088100,27.823099,2.595400,192.823898,4.993400,0,632320,196608,6438780928
5,87,2468,233.736800,0.053900,27.953400,2.832600,197.511200,4.985200,0,632320,196608,6438780928
5,88,921,240.262800,0.066600,27.828600,2.592000,204.369705,5.033500,0,632320,196608,6438780928
5,89,262,216.248200,0.064100,27.833799,2.756200,180.246796,4.997700,0,632320,196608,6438780928
5,90,1393,197.618300,0.060300,28.103600,2.653500,161.452896,4.977100,0,632320,196608,6438780928
5,91,7177,250.915400,0.044400,28.270300,3.029800,214.216797,4.998300,0,632320,196608,6438780928
5,92,510,296.488300,0.046000,28.373699,3.400900,259.096191,5.049600,0,632320,196608,6438780928
5,93,286,217.025200,0.110900,28.667900,3.209700,179.566696,5.046700,0,632320,196608,6438780928
5,94,2436,248.351000,0.103700,28.916599,3.690700,210.072205,5.061800,0,632320,196608,6438780928
5,95,284,328.496800,0.089200,28.495701,3.319800,291.113098,5.045200,0,632320,196608,6438780928
5,96,7177,310.695500,0.078000,28.633499,3.610400,273.078705,4.942100,0,632320,196608,6438780928
5,97,8288,168.914600,0.045400,27.793301,2.900000,132.756104,5.021400,0,632320,196608,6438780928
5,98,7,296.504800,0.068600,28.785000,3.992800,258.157806,5.057000,0,632320,196608,6438780928
5,99,15,340.437500,0.106300,28.824499,3.999900,302.212585,4.933500,0,632320,196608,6438780928
5,100,340,255.228600,0.039500,27.970501,3.131100,218.765503,4.977600,0,632320,196608,6438780928
5,101,286,219.740000,0.069600,28.477200,3.185400,182.657196,4.978600,0,632320,196608,6438780928
5,102,421,184.030600,0.073400,27.791500,2.603800,148.229996,4.963100,0,632320,196608,6438780928
5,103,2436,231.000800,0.067900,28.025801,2.896400,194.628799,4.965300,0,632320,196608,6438780928
5,104,537,215.384700,0.065900,28.185301,2.707900,179.061798,4.975400,0,632320,196608,6438780928
5,105,304,221.053100,0.064100,28.209000,2.979200,184.306793,4.975200,0,632320,196608,6438780928
5,106,11994,225.647600,0.075400,28.590599,3.273700,188.348999,4.977700,0,632320,196608,6438780928
5,107,510,287.762100,0.050200,28.868299,3.924100,249.254700,5.094500,0,632320,196608,6438780928
5,108,310,348.396700,0.120400,130.246704,4.695300,207.972595,4.994200,0,632320,196608,6438780928
5,109,11994,395.516700,0.066500,154.593994,4.916800,230.569199,4.967300,0,632320,196608,6438780928
6,0,65354,451.227600,3.639100,137.698196,6.110200,298.306702,5.035400,0,632320,196608,6438780928
6,1,448,370.952800,0.068700,140.404800,6.189600,218.907806,4.992200,0,632320,196608,6438780928
6,2,1172,238.134100,0.069300,134.274597,4.883900,93.505203,4.979000,0,632320,196608,6438780928
6,3,264,256.285400,0.056100,133.105896,3.970500,113.714401,4.968000,0,632320,196608,6438780928
6,4,3175,238.650200,0.050300,135.155807,4.643200,93.337303,5.015800,0,632320,196608,6438780928
6,5,13027,274.533700,0.073300,134.474106,4.634800,129.864807,5.027200,0,632320,196608,6438780928
6,6,50494,258.589400,0.077400,134.489807,4.727100,113.912498,4.976900,0,632320,196608,6438780928
6,7,2038,232.596200,0.059000,137.836304,5.741900,83.541298,4.995500,0,632320,196608,6438780928
6,8,2504,240.304800,0.122800,136.804703,5.768000,92.189003,5.032000,0,632320,196608,6438780928
6,9,8482,250.434300,0.130200,136.440796,5.237100,103.232101,4.995600,0,632320,196608,6438780928
6,10,264,234.481800,0.061600,136.729599,5.715000,86.580002,4.989300,0,632320,196608,6438780928
6,11,4285,255.060000,0.080600,140.520996,5.862900,103.111801,5.045400,0,632320,196608,6438780928
6,12,444,359.552900,0.133800,135.524506,5.216100,213.227997,5.012300,0,632320,196608,6438780928
6,13,36003,337.879800,0.083500,139.275894,6.244600,186.773895,5.100000,0,632320,196608,6438780928
6,14,6500,241.798800,0.069500,139.411102,6.464900,90.363197,5.064900,0,632320,196608,6438780928
6,15,536,221.016800,0.138000,132.953995,4.789700,77.763901,4.982800,0,632320,196608,6438780928
6,16,448,267.805100,0.073300,136.225800,4.015300,122.075104,4.998700,0,632320,196608,6438780928
6,17,633,280.690800,0.075400,137.511307,4.550100,133.168106,5.009200,0,632320,196608,6438780928
6,18,323,274.765300,0.154600,138.278000,4.670500,126.263397,5.014500,0,632320,196608,6438780928
6,19,2182,244.279200,0.059800,137.407394,4.061000,97.319901,5.055100,0,632320,196608,6438780928
6,20,5413,243.922900,0.072400,141.093903,5.692700,91.577003,5.079200,0,632320,196608,6438780928
6,21,13,367.447600,0.080900,140.433197,5.584800,216.020798,4.957900,0,632320,196608,6438780928
6,22,3155,271.887400,0.076100,140.331802,4.991800,121.013496,5.081500,0,632320,196608,6438780928
6,23,537,244.780600,0.062300,141.096497,5.991600,92.296501,4.935700,0,632320,196608,6438780928
6,24,2924,234.676700,0.056800,137.191299,4.181100,87.905800,4.937300,0,632320,196608,6438780928
6,25,894,256.401800,0.073100,141.831406,5.334900,103.561501,5.123800,0,632320,196608,6438780928
6,26,1467,276.852300,0.089300,142.328995,5.852500,123.113899,5.018300,0,632320,196608,6438780928
6,27,1573,264.085100,0.061800,139.420502,4.854700,114.457497,4.906500,0,632320,196608,6438780928
6,28,476,272.926100,0.041000,135.130203,3.871500,128.536301,4.976800,0,632320,196608,6438780928
6,29,1283,232.730400,0.050200,140.530899,4.775600,81.981201,5.005900,0,632320,196608,6438780928
6,30,279,258.318600,0.070400,138.194107,5.089200,109.560997,4.983400,0,632320,196608,6438780928
6,31,2038,254.854100,0.069300,136.283493,4.971300,108.058197,5.063500,0,632320,196608,6438780928
6,32,2504,255.998000,0.103800,146.427597,6.398400,97.681999,4.984700,0,632320,196608,6438780928
6,33,13,381.214800,0.054600,145.997696,7.039500,222.695404,5.031500,0,632320,196608,6438780928
6,34,3155,304.969800,0.084200,143.161194,5.540200,150.726807,5.016500,0,632320,196608,6438780928
6,35,537,256.054000,0.069300,144.222107,6.014100,100.358398,4.983200,0,632320,196608,6438780928
6,36,2924,257.587500,0.074900,148.770599,6.055700,97.312599,4.999900,0,632320,196608,6438780928
6,37,6042,280.647000,0.145900,147.436600,6.480400,121.077904,5.056700,0,632320,196608,6438780928
6,38,4766,289.696600,0.192900,147.706497,6.263700,130.009201,5.040400,0,632320,196608,6438780928
6,39,279,274.168300,0.083200,150.481705,6.916800,111.295403,4.976000,0,632320,196608,6438780928
6,40,2038,265.291100,0.071000,148.263504,7.099100,104.463898,4.987200,0,632320,196608,6438780928
6,41,13,345.302100,0.094900,141.412994,4.534300,193.850998,5.013900,0,632320,196608,6438780928
6,42,576,256.324200,0.071700,143.453003,4.678100,102.779099,4.962300,0,632320,196608,6438780928
6,43,444,327.427100,0.059500,143.014099,4.802200,174.228104,4.966000,0,632320,196608,6438780928
6,44,36003,318.978400,0.137700,144.279495,5.386900,163.704407,5.050200,0,632320,196608,6438780928
6,45,6500,250.308200,0.064700,146.157898,5.172800,93.273201,5.135500,0,632320,196608,6438780928
6,46,1265,279.731500,0.103100,145.671906,5.861800,122.716400,4.970800,0,632320,196608,6438780928
6,47,614,261.967700,0.078200,145.308594,6.029000,104.999001,5.039400,0,632320,196608,6438780928
6,48,264,256.399200,0.178600,146.977005,5.992000,97.709503,5.070600,0,632320,196608,6438780928
6,49,7192,293.001600,0.075500,149.224106,6.117500,132.087006,5.039600,0,632320,196608,6438780928
6,50,1379,268.623000,0.081100,147.911102,5.595400,109.581902,5.041700,0,632320,196608,6438780928
6,51,315,346.200100,0.068900,151.246704,6.186700,183.051804,5.125500,0,632320,196608,6438780928
6,52,220,400.252000,0.165600,149.293900,6.470000,238.897903,5.016900,0,632320,196608,6438780928
6,53,16,294.351700,0.079100,143.749496,4.003900,141.096100,5.055500,0,632320,196608,6438780928
6,54,15,392.447100,0.066800,145.064606,4.914200,237.065002,4.961100,0,632320,196608,6438780928
6,55,15,259.959900,0.050300,147.120102,5.610400,101.813103,4.974800,0,632320,196608,6438780928
6,56,11,318.650500,0.065800,145.240204,4.805700,163.241592,4.933600,0,632320,196608,6438780928
6,57,323,256.638500,0.046100,148.558395,5.051400,97.166000,5.137700,0,632320,196608,6438780928
6,58,279,289.844900,0.079900,149.933105,5.834600,128.439407,5.051600,0,632320,196608,6438780928
6,59,633,342.805000,0.158500,147.370697,4.868600,184.967499,5.004500,0,632320,196608,6438780928
6,60,1714,269.541000,0.095100,148.268295,5.388300,110.343399,5.045300,0,632320,196608,6438780928
6,61,1265,264.097400,0.071600,149.270599,5.829800,103.532898,5.014400,0,632320,196608,6438780928
6,62,470,265.646200,0.056300,150.545898,6.176500,103.479897,4.982000,0,632320,196608,6438780928
6,63,481,347.495500,0.154300,152.510406,6.083200,183.341202,4.999400,0,632320,196608,6438780928
6,64,16,328.506000,0.093100,156.720001,6.311100,159.934204,4.995700,0,632320,196608,6438780928
6,65,421,300.337900,0.077300,154.087906,5.763200,134.991104,5.043200,0,632320,196608,6438780928
6,66,279,292.234100,0.077000,150.057205,4.416100,132.243805,5.040300,0,632320,196608,6438780928
6,67,1376,271.060500,0.064400,151.305099,4.891600,109.319801,5.121200,0,632320,196608,6438780928
6,68,374,270.895600,0.067600,150.858398,4.725500,109.795898,5.061700,0,632320,196608,6438780928
6,69,537,240.199000,0.069900,149.537003,4.351600,80.911102,4.971000,0,632320,196608,6438780928
6,70,3042,258.775900,0.071500,151.198898,4.676700,97.486000,4.976100,0,632320,196608,6438780928
6,71,13,365.716900,0.068300,153.320099,5.432700,201.423599,5.060700,0,632320,196608,6438780928
6,72,576,289.888100,0.070800,153.783707,5.830700,124.775902,4.984700,0,632320,196608,6438780928
6,73,2182,369.761600,0.080300,151.827194,5.327000,207.120697,5.037400,0,632320,196608,6438780928
6,74,1714,281.835900,0.061000,150.485794,5.170000,120.673798,5.009900,0,632320,196608,6438780928
6,75,1265,276.374100,0.114900,153.450195,5.965500,111.357002,5.015800,0,632320,196608,6438780928
6,76,912,271.903400,0.068800,154.267502,7.251500,104.826202,5.043600,0,632320,196608,6438780928
6,77,476,284.066900,0.091600,155.996506,5.998500,116.558899,5.020400,0,632320,196608,6438780928
6,78,2647,251.728100,0.067500,154.387497,6.001000,85.918297,4.966900,0,632320,196608,6438780928
6,79,279,272.320300,0.062000,151.547104,4.614300,110.799400,4.943500,0,632320,196608,6438780928
6,80,897,273.225900,0.052400,153.000397,4.495600,110.351799,4.967200,0,632320,196608,6438780928
6,81,11,320.624600,0.069700,154.015701,5.042400,156.139206,4.988200,0,632320,196608,6438780928
6,82,323,250.942600,0.075900,153.374207,4.981100,87.037598,5.082300,0,632320,196608,6438780928
6,83,421,279.279000,0.084700,152.413696,4.823600,116.603996,4.958600,0,632320,196608,6438780928
6,84,279,290.600500,0.067400,157.345200,5.725200,121.969498,5.088300,0,632320,196608,6438780928
6,85,6500,292.450000,0.085100,155.302094,5.750900,125.908600,4.966900,0,632320,196608,6438780928
6,86,374,283.841400,0.122900,154.812302,5.118800,118.292999,5.023400,0,632320,196608,6438780928
6,87,2480,301.332200,0.128800,154.666702,5.580900,135.501404,5.020100,0,632320,196608,6438780928
6,88,11,326.865800,0.075400,158.082199,5.843800,157.453903,5.026900,0,632320,196608,6438780928
6,89,432,298.524200,0.084500,156.018600,6.118200,130.883606,4.989500,0,632320,196608,6438780928
6,90,1265,251.309500,0.105300,157.520905,6.708500,81.572701,4.994800,0,632320,196608,6438780928
6,91,4057,296.720200,0.074300,159.603699,6.090900,125.526398,5.015700,0,632320,196608,6438780928
6,92,279,273.048200,0.089700,153.599899,5.153300,108.788300,4.993400,0,632320,196608,6438780928
6,93,3245,319.987200,0.077900,151.933807,4.327200,158.229202,4.986200,0,632320,196608,6438780928
6,94,5926,264.745900,0.071500,151.287094,4.617700,103.418602,4.963400,0,632320,196608,6438780928
6,95,1483,254.012200,0.094100,150.635605,4.594000,93.325302,4.985200,0,632320,196608,6438780928
6,96,1509,281.135600,0.149700,155.786102,5.056300,114.766502,4.996000,0,632320,196608,6438780928
6,97,13,388.867100,0.079800,156.475601,5.566800,221.435806,4.953100,0,632320,196608,6438780928
6,98,576,285.656900,0.121400,154.249405,4.935300,120.887802,5.083400,0,632320,196608,6438780928
6,99,536,273.939500,0.077800,155.326004,4.983500,108.095001,5.023800,0,632320,196608,6438780928
6,100,1265,258.650700,0.068700,154.450195,4.811800,93.953697,4.997400,0,632320,196608,6438780928
6,101,387,241.139400,0.072600,154.156097,4.789300,76.571602,5.051800,0,632320,196608,6438780928
6,102,6941,284.535300,0.083200,153.953201,5.360500,119.733704,4.980100,0,632320,196608,6438780928
6,103,44550,405.377200,0.113500,156.523804,6.121600,237.179001,5.013200,0,632320,196608,6438780928
6,104,5459,303.769300,0.078100,157.293793,5.600100,135.404404,5.012400,0,632320,196608,6438780928
6,105,1777,280.927500,0.076300,155.962601,5.322200,113.999496,5.058500,0,632320,196608,6438780928
7,0,65354,444.661100,3.959600,138.811707,5.609800,290.830688,5.043900,0,632320,196608,6438780928
7,1,448,345.799500,0.112200,137.577805,5.333400,197.341400,5.001500,0,632320,196608,6438780928
7,2,1172,248.739200,0.145100,137.302307,5.679000,100.136497,5.021200,0,632320,196608,6438780928
7,3,264,261.602300,0.128400,135.512100,4.996500,115.574799,4.990300,0,632320,196608,6438780928
7,4,3175,234.219400,0.058900,132.591599,4.164100,92.020103,5.013500,0,632320,196608,6438780928
7,5,13027,263.698500,0.071800,133.400604,3.928800,120.957603,4.991700,0,632320,196608,6438780928
7,6,50494,245.681700,0.057600,134.076599,4.447300,101.754303,4.948900,0,632320,196608,6438780928
7,7,2038,220.952000,0.054700,135.022293,4.711900,75.653099,5.068800,0,632320,196608,6438780928
7,8,2504,229.339100,0.090800,133.340195,4.447500,86.059402,5.022400,0,632320,196608,6438780928
7,9,8482,245.791700,0.072400,135.725006,5.409900,99.209602,5.000500,0,632320,196608,6438780928
7,10,264,232.235900,0.055900,136.030807,5.644100,84.991302,5.011800,0,632320,196608,6438780928
7,11,729,202.434300,0.076100,136.806000,5.484100,54.666100,5.011400,0,632320,196608,6438780928
7,12,429,233.148200,0.070600,135.779800,4.934500,86.958900,4.990600,0,632320,196608,6438780928
7,13,26674,226.923300,0.072000,135.921997,5.481600,80.051697,5.009200,0,632320,196608,6438780928
7,14,7868,315.595300,0.069100,136.260193,5.854100,167.968399,5.004500,0,632320,196608,6438780928
7,15,2711,276.038700,0.104200,137.652603,5.598900,127.227898,5.005900,0,632320,196608,6438780928
7,16,389,281.004000,0.075200,141.938004,5.519400,127.989304,5.022900,0,632320,196608,6438780928
7,17,264,261.179200,0.091500,143.074402,6.676200,105.788300,5.122800,0,632320,196608,6438780928
7,18,10615,266.468200,0.074300,138.078506,4.800000,118.140800,4.997700,0,632320,196608,6438780928
7,19,1140,223.965200,0.059200,136.534500,4.339500,77.584297,5.048900,0,632320,196608,6438780928
7,20,13,360.711400,0.124800,137.203995,4.811100,212.996307,4.968400,0,632320,196608,6438780928
7,21,3155,276.980500,0.075300,137.449905,4.640400,129.382202,5.015300,0,632320,196608,6438780928
7,22,537,228.877300,0.104300,137.939896,5.171200,80.283096,4.966000,0,632320,196608,6438780928
7,23,2924,237.520300,0.055000,138.804901,5.596200,87.609497,5.031000,0,632320,196608,6438780928
7,24,894,250.708600,0.139700,141.131500,6.065900,97.984200,5.005800,0,632320,196608,6438780928
7,25,1467,270.166100,0.081600,140.173096,5.397700,119.117203,5.022100,0,632320,196608,6438780928
7,26,1573,255.661300,0.075000,138.071793,4.959600,107.143600,4.992600,0,632320,196608,6438780928
7,27,476,282.149400,0.079000,138.555893,5.019500,133.091797,4.996600,0,632320,196608,6438780928
7,28,1283,217.482300,0.102600,141.925797,6.325300,63.667099,5.024800,0,632320,196608,6438780928
7,29,279,247.154600,0.085600,141.206299,5.934500,94.452904,5.047100,0,632320,196608,6438780928
7,30,2038,285.026900,0.137600,140.559296,5.956700,132.816803,5.110800,0,632320,196608,6438780928
7,31,2504,253.096100,0.084300,142.542099,5.505200,99.481102,5.028100,0,632320,196608,6438780928
7,32,13,354.710600,0.080100,145.473007,5.336100,198.500000,4.962200,0,632320,196608,6438780928
7,33,3155,312.453000,0.052900,144.596298,4.417700,157.938400,5.011900,0,632320,196608,6438780928
7,34,537,242.699100,0.067700,143.520996,4.681800,89.113098,4.956100,0,632320,196608,6438780928
7,35,2924,249.794600,0.066500,143.708405,4.898700,95.787102,4.971300,0,632320,196608,6438780928
7,36,6042,284.273200,0.064400,143.271805,4.562500,130.899796,5.045000,0,632320,196608,6438780928
7,37,4766,279.344100,0.075500,145.311600,5.187600,123.297203,5.023100,0,632320,196608,6438780928
7,38,279,256.732800,0.107600,145.735703,5.645100,99.832298,4.980600,0,632320,196608,6438780928
7,39,2038,270.478800,0.052000,146.283707,5.516300,113.187401,5.022400,0,632320,196608,6438780928
7,40,13,354.674300,0.047600,145.491302,5.275300,198.199005,5.057700,0,632320,196608,6438780928
7,41,576,288.925000,0.080300,145.896500,5.837100,131.562500,5.071400,0,632320,196608,6438780928
7,42,729,236.632300,0.115500,147.152802,6.347700,77.574402,4.987800,0,632320,196608,6438780928
7,43,1265,244.432500,0.094900,145.093796,5.602800,88.079002,5.048800,0,632320,196608,6438780928
7,44,1896,280.857100,0.074100,147.769104,6.323500,121.269402,4.994400,0,632320,196608,6438780928
7,45,1378,297.027200,0.098800,145.390305,5.235700,141.005600,4.944200,0,632320,196608,6438780928
7,46,5977,238.867000,0.052900,141.925003,4.375800,87.186203,4.979900,0,632320,196608,6438780928
7,47,25,301.802400,0.067700,142.751999,4.652000,148.928894,5.006400,0,632320,196608,6438780928
7,48,264,273.443700,0.069900,144.916199,4.637700,118.434502,4.984600,0,632320,196608,6438780928
7,49,10615,286.976200,0.069400,146.291000,4.296500,130.935898,5.021800,0,632320,196608,6438780928
7,50,1140,257.140400,0.070600,146.456207,5.561800,99.657898,5.021000,0,632320,196608,6438780928
7,51,323,285.789100,0.077300,149.092804,5.672900,125.554199,5.000500,0,632320,196608,6438780928
7,52,264,259.424900,0.070600,148.883804,5.807900,99.258400,4.998300,0,632320,196608,6438780928
7,53,2169,264.562100,0.090800,147.486099,5.476400,106.119400,4.969400,0,632320,196608,6438780928
7,54,897,262.487800,0.063800,147.561401,5.086200,104.289398,5.049000,0,632320,196608,6438780928
7,55,13,367.204300,0.112200,150.286804,5.927100,205.414505,5.003600,0,632320,196608,6438780928
7,56,576,322.180300,0.066700,149.601105,5.529900,161.542892,5.023800,0,632320,196608,6438780928
7,57,729,274.038500,0.076800,150.674103,5.429500,112.410202,5.004700,0,632320,196608,6438780928
7,58,1265,237.247400,0.113000,146.929993,4.808000,80.025497,4.980500,0,632320,196608,6438780928
7,59,470,262.363400,0.085400,144.204895,4.134600,108.528198,5.018000,0,632320,196608,6438780928
7,60,279,356.896000,0.072000,145.629807,4.485300,201.348404,5.009400,0,632320,196608,6438780928
7,61,1922,278.871700,0.061000,146.267105,4.411900,122.787598,4.971400,0,632320,196608,6438780928
7,62,315,258.514100,0.067500,144.048004,3.916900,105.153397,4.939000,0,632320,196608,6438780928
7,63,279,275.545400,0.045200,145.810303,4.070400,120.305603,4.961800,0,632320,196608,6438780928
7,64,2169,308.133700,0.072000,153.932297,4.996500,143.543106,5.074900,0,632320,196608,6438780928
7,65,304,314.782900,0.077900,151.370102,5.357600,152.577103,5.012600,0,632320,196608,6438780928
7,66,279,309.533600,0.072100,150.273804,4.716300,149.081802,4.989100,0,632320,196608,6438780928
7,67,1140,298.260800,0.070400,154.335907,5.587100,132.851105,5.024800,0,632320,196608,6438780928
7,68,11,344.655600,0.069800,152.430801,5.911400,180.776794,5.045500,0,632320,196608,6438780928
7,69,476,283.131100,0.086000,156.495697,5.809200,115.223602,5.045600,0,632320,196608,6438780928
7,70,481,364.216100,0.075500,152.161301,5.059900,201.534698,4.988800,0,632320,196608,6438780928
7,71,16,300.513700,0.106500,147.865402,4.020600,143.129501,5.029200,0,632320,196608,6438780928
7,72,421,312.457200,0.069500,150.860199,4.182300,152.014603,4.978200,0,632320,196608,6438780928
7,73,537,297.972000,0.046500,150.920593,4.031800,137.599396,5.019900,0,632320,196608,6438780928
7,74,1730,276.657000,0.052900,149.108994,4.070400,118.101196,4.949300,0,632320,196608,6438780928
7,75,382,401.416000,0.068900,153.177094,5.250000,237.528198,4.997900,0,632320,196608,6438780928
7,76,73594,327.089300,0.082100,154.166306,5.212300,162.281403,4.967500,0,632320,196608,6438780928
7,77,12669,371.916900,0.055700,155.017197,5.267800,206.150604,5.001900,0,632320,196608,6438780928
7,78,198,282.220300,0.063500,153.133896,5.144300,118.403702,5.043000,0,632320,196608,6438780928
7,79,750,277.926500,0.101900,153.901505,5.150900,113.404999,4.965200,0,632320,196608,6438780928
7,80,7868,392.831400,0.065500,158.457993,5.709300,223.164001,5.041900,0,632320,196608,6438780928
7,81,10716,287.035800,0.084600,154.800507,5.104300,121.736198,4.938900,0,632320,196608,6438780928
7,82,44386,277.519800,0.046800,151.704498,4.447500,115.961601,4.950100,0,632320,196608,6438780928
7,83,2019,270.956200,0.065200,153.268997,4.227200,107.987801,4.978700,0,632320,196608,6438780928
7,84,11,339.727000,0.063400,152.725098,3.967400,177.595703,4.981400,0,632320,196608,6438780928
7,85,2169,292.590900,0.082300,152.167099,4.220800,130.664505,4.999600,0,632320,196608,6438780928
7,86,982,374.054600,0.131500,156.262894,5.625900,206.595001,5.036400,0,632320,196608,6438780928
7,87,262,313.968300,0.059800,154.375107,4.581700,149.508499,5.026500,0,632320,196608,6438780928
7,88,2115,365.548700,0.073200,153.973297,4.689700,201.217194,5.086600,0,632320,196608,6438780928
7,89,284,344.183400,0.086100,156.063599,5.301600,177.323502,4.989900,0,632320,196608,6438780928
7,90,220,427.811800,0.065800,159.298096,6.642400,256.320892,5.065400,0,632320,196608,6438780928
7,91,15,449.763400,0.080500,158.802399,6.558200,278.657410,5.141800,0,632320,196608,6438780928
7,92,198,408.311000,0.084500,151.248596,4.006600,247.591705,4.971000,0,632320,196608,6438780928
7,93,262,368.956400,0.064000,152.113693,4.153900,207.277695,4.966100,0,632320,196608,6438780928
7,94,1290,380.632600,0.047800,153.753006,4.192500,217.170395,5.013500,0,632320,196608,6438780928
7,95,284,411.696800,0.082400,153.731293,3.965600,248.584900,4.980200,0,632320,196608,6438780928
7,96,2422,358.623800,0.049300,153.431702,3.892600,195.671600,5.012500,0,632320,196608,6438780928
7,97,44386,384.461900,0.074900,153.681900,3.882700,221.487900,4.979900,0,632320,196608,6438780928
7,98,2019,405.810400,0.093200,153.696396,4.380300,242.261200,4.972100,0,632320,196608,6438780928
7,99,8,419.633700,0.073300,157.780807,5.233600,251.151306,5.012900,0,632320,196608,6438780928
7,100,481,489.796700,0.099100,155.339706,5.172900,323.770111,4.981300,0,632320,196608,6438780928
7,101,220,442.262800,0.065100,156.703201,5.294200,274.765808,5.032500,0,632320,196608,6438780928
7,102,16,470.233200,0.072000,158.723999,6.045900,299.951996,5.027900,0,632320,196608,6438780928
7,103,198,388.598900,0.076200,156.621399,5.723900,220.834595,4.971100,0,632320,196608,6438780928
7,104,262,342.863700,0.073100,152.067902,3.882000,181.428299,5.001500,0,632320,196608,6438780928
8,0,65354,397.757100,3.898800,134.143494,3.778800,250.581604,4.971300,0,632320,196608,6438780928
8,1,448,329.324200,0.055700,133.381393,4.043100,186.515701,4.956400,0,632320,196608,6438780928
8,2,1172,249.657900,0.062100,133.795502,4.222600,106.201797,4.995200,0,632320,196608,6438780928
8,3,264,264.831300,0.055400,135.893494,4.748300,118.675003,5.026700,0,632320,196608,6438780928
8,4,3175,251.401600,0.104100,137.950195,5.316400,102.628601,5.011700,0,632320,196608,6438780928
8,5,13027,278.176900,0.062500,133.503204,4.842800,134.286499,5.032900,0,632320,196608,6438780928
8,6,50494,258.166400,0.109100,136.051498,4.981600,111.611900,4.989200,0,632320,196608,6438780928
8,7,2038,230.731700,0.061400,137.740204,5.565200,81.850998,5.043800,0,632320,196608,6438780928
8,8,2504,240.286100,0.079600,136.677002,5.099800,92.947800,5.075800,0,632320,196608,6438780928
8,9,8482,256.791000,0.080500,137.425095,5.520800,108.279404,5.054000,0,632320,196608,6438780928
8,10,264,248.475000,0.083600,140.651794,6.745000,95.531700,5.052700,0,632320,196608,6438780928
8,11,729,201.483200,0.134100,135.444199,5.271900,55.330700,4.932300,0,632320,196608,6438780928
8,12,429,223.908900,0.048900,131.737595,3.809300,82.978600,4.961800,0,632320,196608,6438780928
8,13,5169,238.236800,0.069400,133.689896,4.091800,95.028801,4.969500,0,632320,196608,6438780928
8,14,10880,307.553100,0.059200,132.452393,3.768200,165.936401,4.964800,0,632320,196608,6438780928
8,15,3378,262.849500,0.059000,135.604294,4.225600,117.501099,5.021500,0,632320,196608,6438780928
8,16,389,263.385800,0.082600,139.916397,4.384800,113.583199,5.044200,0,632320,196608,6438780928
8,17,264,252.880600,0.093500,140.894302,5.558800,100.920097,5.010500,0,632320,196608,6438780928
8,18,1140,235.102600,0.073200,139.870499,5.079200,84.598396,5.003800,0,632320,196608,6438780928
8,19,315,215.500900,0.064300,137.769196,4.235500,68.104301,4.948400,0,632320,196608,6438780928
8,20,25780,228.929800,0.054800,138.513794,4.419600,80.590202,4.951500,0,632320,196608,6438780928
8,21,13,364.121800,0.052100,135.239502,3.868900,219.544998,5.027600,0,632320,196608,6438780928
8,22,3155,282.921400,0.073000,141.917496,5.644800,129.881393,4.998800,0,632320,196608,6438780928
8,23,537,237.408700,0.101100,141.678207,6.204200,84.062798,4.957300,0,632320,196608,6438780928
8,24,2924,249.422800,0.047300,143.916397,6.483400,93.488800,5.049000,0,632320,196608,6438780928
8,25,894,233.573100,0.111800,136.369904,4.731800,87.053299,4.964500,0,632320,196608,6438780928
8,26,1467,255.100700,0.046700,135.736694,3.847700,110.094101,4.993200,0,632320,196608,6438780928
8,27,1573,247.340500,0.070300,137.512497,4.600100,99.762497,5.032000,0,632320,196608,6438780928
8,28,476,264.904700,0.054700,137.483002,4.332000,117.710899,4.932600,0,632320,196608,6438780928
8,29,1283,207.226900,0.055100,137.089798,4.237100,60.443901,5.007100,0,632320,196608,6438780928
8,30,279,243.401500,0.071300,139.179092,4.343700,94.385597,5.001200,0,632320,196608,6438780928
8,31,2038,277.377400,0.093200,140.175293,5.322200,126.298203,5.027700,0,632320,196608,6438780928
8,32,2504,250.177900,0.082600,145.581604,5.429100,93.681900,5.002100,0,632320,196608,6438780928
8,33,13,344.479800,0.076200,143.742004,4.343800,190.861496,5.079900,0,632320,196608,6438780928
8,34,3155,337.316000,0.069500,146.064407,5.168900,180.584595,4.999300,0,632320,196608,6438780928
8,35,537,247.686700,0.052400,145.721695,5.897900,90.544502,5.017100,0,632320,196608,6438780928
8,36,2924,255.181400,0.082500,146.496994,5.588500,97.569397,5.003100,0,632320,196608,6438780928
8,37,6042,292.444000,0.076300,148.693893,5.648300,132.464401,5.066100,0,632320,196608,6438780928
8,38,4766,282.606500,0.094500,143.774704,5.329400,128.012695,4.988200,0,632320,196608,6438780928
8,39,279,251.204900,0.210800,142.412506,4.120000,99.101997,4.968500,0,632320,196608,6438780928
8,40,2038,246.454500,0.067200,142.731201,4.079000,94.238602,4.983800,0,632320,196608,6438780928
8,41,13,339.810900,0.074700,143.549500,4.024900,186.786499,4.981300,0,632320,196608,6438780928
8,42,3155,314.208600,0.065100,143.473404,4.177400,161.041702,5.021900,0,632320,196608,6438780928
8,43,537,271.802100,0.078500,147.743500,5.358200,113.239502,4.981100,0,632320,196608,6438780928
8,44,990,269.353300,0.072300,146.846207,5.928900,110.918800,5.084300,0,632320,196608,6438780928
8,45,894,239.915400,0.111900,145.762497,5.188700,83.473198,4.998300,0,632320,196608,6438780928
8,46,5798,308.655800,0.069300,146.642899,5.264700,151.184097,5.025200,0,632320,196608,6438780928
8,47,3419,253.518100,0.079700,144.096802,5.422900,98.491203,5.016300,0,632320,196608,6438780928
8,48,5746,261.644500,0.076300,149.723694,5.568800,100.903099,4.985400,0,632320,196608,6438780928
8,49,3650,299.670700,0.076700,148.690094,5.473300,139.960297,5.081200,0,632320,196608,6438780928
8,50,369,249.344900,0.136700,150.985107,6.100900,86.686203,5.042700,0,632320,196608,6438780928
8,51,279,226.336100,0.073400,144.154099,4.540200,72.266502,4.949300,0,632320,196608,6438780928
8,52,6174,321.819900,0.060900,144.587708,4.242300,167.590302,4.991500,0,632320,196608,6438780928
8,53,5871,323.388800,0.081300,145.909698,4.277500,167.760605,4.972800,0,632320,196608,6438780928
8,54,369,281.953500,0.061900,146.975601,4.518900,125.077797,4.938600,0,632320,196608,6438780928
8,55,279,238.144000,0.063000,147.005295,4.684700,81.012100,4.989600,0,632320,196608,6438780928
8,56,12111,276.988200,0.069400,148.627808,5.134900,117.724503,5.057000,0,632320,196608,6438780928
8,57,13,371.342600,0.071300,148.367096,5.114900,212.397903,5.015800,0,632320,196608,6438780928
8,58,576,273.792600,0.044300,143.620804,3.876900,120.822899,5.001100,0,632320,196608,6438780928
8,59,729,244.180400,0.060600,146.988403,4.479600,87.159798,5.041300,0,632320,196608,6438780928
8,60,1265,255.005400,0.080400,149.554398,5.469500,94.477203,5.004200,0,632320,196608,6438780928
8,61,387,247.175100,0.056100,150.633499,5.532300,85.594803,4.991200,0,632320,196608,6438780928
8,62,6941,278.432300,0.073300,149.839096,5.327600,117.636299,4.993700,0,632320,196608,6438780928
8,63,1565,323.831100,0.081800,152.306595,6.465700,159.554901,5.010200,0,632320,196608,6438780928
8,64,19052,335.317800,0.076900,148.894104,4.125400,176.877899,4.965800,0,632320,196608,6438780928
8,65,18435,255.495900,0.062300,148.864502,4.350900,96.906097,4.952400,0,632320,196608,6438780928
8,66,28587,345.606700,0.058000,151.472305,4.382200,184.338394,5.001500,0,632320,196608,6438780928
8,67,576,290.416900,0.056800,148.788803,4.141400,132.048706,4.991800,0,632320,196608,6438780928
8,68,729,258.262800,0.052400,151.693100,4.763000,96.390198,5.001100,0,632320,196608,6438780928
8,69,1265,251.753300,0.052200,155.508606,6.333400,84.446503,4.967700,0,632320,196608,6438780928
8,70,1896,293.448700,0.073300,152.085999,5.156500,130.745407,4.998300,0,632320,196608,6438780928
8,71,264,300.627200,0.074900,150.879303,4.926100,139.369095,4.993300,0,632320,196608,6438780928
8,72,3175,265.860000,0.067100,152.770004,5.608000,102.020401,4.957200,0,632320,196608,6438780928
8,73,5733,258.912000,0.061500,155.218597,5.752000,92.478401,4.976200,0,632320,196608,6438780928
8,74,11,329.151100,0.076100,153.945908,5.797500,163.923004,5.012400,0,632320,196608,6438780928
8,75,1565,361.815000,0.087500,154.577301,5.833900,195.683105,5.060600,0,632320,196608,6438780928
8,76,1118,356.859500,0.101400,149.230499,4.813400,197.340195,4.951300,0,632320,196608,6438780928
8,77,7808,306.330800,0.073200,149.879593,5.106900,145.808807,5.081000,0,632320,196608,6438780928
8,78,892,294.916800,0.079600,151.702103,4.579400,133.132904,5.009500,0,632320,196608,6438780928
8,79,374,265.682200,0.069600,150.632294,4.844100,104.828499,4.947800,0,632320,196608,6438780928
8,80,264,260.476500,0.048900,154.992798,4.986900,94.963600,4.999500,0,632320,196608,6438780928
8,81,1140,286.856300,0.076900,156.809204,5.980700,118.566704,5.026400,0,632320,196608,6438780928
8,82,315,276.611000,0.073400,157.531906,5.662300,107.916000,5.020700,0,632320,196608,6438780928
8,83,25780,259.445800,0.071000,155.380905,5.387300,93.200996,5.000100,0,632320,196608,6438780928
8,84,13,399.047500,0.070700,157.932602,5.979700,229.617996,5.029300,0,632320,196608,6438780928
8,85,576,325.087200,0.072200,157.123901,5.981500,156.470703,5.020100,0,632320,196608,6438780928
8,86,729,279.550400,0.076600,157.059692,5.795800,111.040802,5.130300,0,632320,196608,6438780928
8,87,1265,258.025100,0.079500,157.859604,6.653400,87.972099,5.020100,0,632320,196608,6438780928
8,88,470,278.802300,0.081200,151.640900,4.206600,117.548203,4.946700,0,632320,196608,6438780928
8,89,264,288.868400,0.045900,152.440201,4.168900,126.828003,5.015100,0,632320,196608,6438780928
8,90,501,264.334700,0.104400,153.405304,4.765100,100.690399,4.972300,0,632320,196608,6438780928
8,91,1140,256.027500,0.070400,151.337601,4.443500,94.765404,5.037600,0,632320,196608,6438780928
8,92,429,284.486300,0.063300,152.830994,4.099100,122.128998,4.985200,0,632320,196608,6438780928
8,93,374,261.405500,0.061600,150.832199,4.113500,101.100700,4.958800,0,632320,196608,6438780928
8,94,264,249.574600,0.057700,159.414703,5.605200,79.010696,5.047200,0,632320,196608,6438780928
8,95,10615,311.919700,0.085300,159.859604,6.549000,139.940002,5.038800,0,632320,196608,6438780928
8,96,2319,312.954800,0.082700,153.501404,4.358800,149.615097,5.014500,0,632320,196608,6438780928
8,97,315,297.659900,0.058500,155.074493,4.965600,132.153793,5.014100,0,632320,196608,6438780928
8,98,279,336.962800,0.066300,154.480804,4.792100,172.292694,4.974200,0,632320,196608,6438780928
8,99,1946,291.852700,0.066400,153.901993,4.138600,128.377106,4.972900,0,632320,196608,6438780928
8,100,1140,293.905800,0.042400,155.993301,5.102300,127.318001,5.034600,0,632320,196608,6438780928
8,101,13,392.002500,0.056100,157.716995,5.711700,223.132095,4.986200,0,632320,196608,6438780928
8,102,576,307.174200,0.080500,155.207596,5.399700,141.076294,5.008600,0,632320,196608,6438780928
8,103,729,269.981100,0.068600,156.509003,5.152900,102.732903,5.016100,0,632320,196608,6438780928
8,104,1265,258.319400,0.080800,156.879593,5.783000,90.112801,5.000200,0,632320,196608,6438780928
8,105,537,246.788700,0.078600,157.189102,5.903600,78.210098,4.986900,0,632320,196608,6438780928
9,0,65354,456.334400,4.047300,138.332596,6.303300,302.085205,5.047100,0,632320,196608,6438780928
9,1,448,327.895200,0.094300,134.134201,4.521000,183.809494,4.951500,0,632320,196608,6438780928
9,2,1172,238.381900,0.085700,133.362305,4.465800,95.018303,5.076700,0,632320,196608,6438780928
9,3,264,258.328300,0.070000,134.070694,4.553200,114.185501,4.980700,0,632320,196608,6438780928
9,4,3175,236.494300,0.070000,132.992203,4.111900,93.967903,4.960900,0,632320,196608,6438780928
9,5,13027,269.351300,0.056200,134.237701,4.650000,125.030502,4.952400,0,632320,196608,6438780928
9,6,50494,252.294900,0.057900,135.257095,4.983000,106.602097,5.027900,0,632320,196608,6438780928
9,7,2038,244.458200,0.075900,137.388000,5.427500,96.205902,4.983600,0,632320,196608,6438780928
9,8,2504,241.381600,0.064200,136.921005,5.538500,93.453201,5.011200,0,632320,196608,6438780928
9,9,8482,246.809100,0.081000,134.967102,4.843600,101.424896,4.985700,0,632320,196608,6438780928
9,10,264,232.796100,0.073300,134.583405,4.947300,87.610298,5.046200,0,632320,196608,6438780928
9,11,729,204.221100,0.129300,136.983002,6.085300,55.585098,5.001700,0,632320,196608,6438780928
9,12,429,236.327100,0.079400,136.929001,6.273400,87.524399,5.070700,0,632320,196608,6438780928
9,13,5169,241.932000,0.079200,136.503799,5.544300,94.294601,5.037800,0,632320,196608,6438780928
9,14,23611,372.168400,0.132200,139.795197,6.145900,220.485001,5.203000,0,632320,196608,6438780928
9,15,3378,260.821500,0.077900,135.875702,4.987400,114.503799,4.997300,0,632320,196608,6438780928
9,16,389,262.533200,0.068700,135.440308,4.504200,117.092300,5.004900,0,632320,196608,6438780928
9,17,264,247.252200,0.117800,137.434097,4.920200,99.404404,4.973000,0,632320,196608,6438780928
9,18,1140,233.322500,0.063800,139.635406,5.536100,82.685204,5.024100,0,632320,196608,6438780928
9,19,13,361.012100,0.076500,136.677902,4.275400,214.598907,5.011900,0,632320,196608,6438780928
9,20,3155,273.104300,0.068800,136.666397,4.813500,126.095100,4.993600,0,632320,196608,6438780928
9,21,537,230.555700,0.063700,138.621994,5.278900,81.014801,5.058000,0,632320,196608,6438780928
9,22,2924,241.010400,0.085200,141.077103,6.207700,88.039803,5.099900,0,632320,196608,6438780928
9,23,894,242.788700,0.092900,139.065201,5.276700,92.989197,4.958200,0,632320,196608,6438780928
9,24,1467,253.721400,0.060300,135.253494,3.680600,109.390999,4.966000,0,632320,196608,6438780928
9,25,1573,258.331600,0.073700,138.707001,5.326300,108.850502,4.989900,0,632320,196608,6438780928
9,26,476,275.247300,0.126400,140.379593,5.662400,123.634598,5.019600,0,632320,196608,6438780928
9,27,1283,226.676100,0.093900,140.995804,6.094100,73.963203,5.072500,0,632320,196608,6438780928
9,28,279,275.759900,0.100900,141.177505,6.463900,122.523399,5.003700,0,632320,196608,6438780928
9,29,2038,267.921200,0.200500,138.923203,4.598300,118.885101,4.951000,0,632320,196608,6438780928
9,30,2504,231.582000,0.062300,136.054794,4.665300,85.407600,4.978600,0,632320,196608,6438780928
9,31,13,341.471500,0.075100,135.217697,4.739500,196.050003,5.007400,0,632320,196608,6438780928
9,32,3155,299.458100,0.071300,142.883896,4.808800,146.345398,4.987000,0,632320,196608,6438780928
9,33,537,260.340000,0.089400,143.094696,4.694700,107.103104,4.962400,0,632320,196608,6438780928
9,34,2924,248.720400,0.070400,143.765594,5.141100,94.292503,5.010300,0,632320,196608,6438780928
9,35,6042,282.348600,0.078700,144.908493,5.269800,126.714500,4.967700,0,632320,196608,6438780928
9,36,4766,287.761900,0.054500,146.576904,5.291500,130.380203,4.987400,0,632320,196608,6438780928
9,37,279,276.788600,0.071800,143.593399,5.265600,122.495697,4.975200,0,632320,196608,6438780928
9,38,2038,257.807700,0.069000,145.496597,5.416100,101.217102,5.128300,0,632320,196608,6438780928
9,39,13,371.050300,0.089800,145.101501,5.238900,215.157593,5.033600,0,632320,196608,6438780928
9,40,576,274.466800,0.075000,144.628403,5.303000,119.026199,5.035100,0,632320,196608,6438780928
9,41,729,242.878700,0.080600,147.031006,6.207800,84.117897,5.045300,0,632320,196608,6438780928
9,42,1265,259.144300,0.094800,145.527496,5.477900,102.737602,4.953300,0,632320,196608,6438780928
9,43,387,227.226200,0.057400,141.415497,4.377500,76.012703,4.996700,0,632320,196608,6438780928
9,44,6941,256.515100,0.056700,142.971695,4.205400,103.937698,4.969900,0,632320,196608,6438780928
9,45,1565,297.472000,0.079400,141.405396,4.365400,146.303101,4.954500,0,632320,196608,6438780928
9,46,77489,345.978600,0.068600,142.282898,4.498600,193.761200,4.998400,0,632320,196608,6438780928
9,47,18435,279.719800,0.051100,145.357193,5.256400,123.654404,5.025800,0,632320,196608,6438780928
9,48,63,290.294500,0.069900,148.931595,5.632300,130.224396,5.034300,0,632320,196608,6438780928
9,49,323,316.146300,0.067900,147.978302,5.417200,157.222305,5.028600,0,632320,196608,6438780928
9,50,1896,271.903800,0.124200,145.710907,4.388500,116.320396,4.974900,0,632320,196608,6438780928
9,51,264,298.330200,0.078800,147.503006,5.145700,140.200302,4.980800,0,632320,196608,6438780928
9,52,3175,266.440900,0.077800,148.057999,5.621300,107.247002,5.035300,0,632320,196608,6438780928
9,53,5733,256.417400,0.076700,148.784195,6.011600,96.091499,5.068100,0,632320,196608,6438780928
9,54,1565,330.214500,0.091500,149.540802,5.819300,169.264297,5.047000,0,632320,196608,6438780928
9,55,1118,318.288700,0.084500,144.479004,4.831700,163.505493,4.998000,0,632320,196608,6438780928
9,56,28587,335.639300,0.062400,145.205093,4.461300,180.568497,4.965100,0,632320,196608,6438780928
9,57,576,283.457200,0.077600,145.723297,4.526400,127.811203,4.965100,0,632320,196608,6438780928
9,58,729,264.429300,0.052300,144.190308,4.595700,110.244102,4.987500,0,632320,196608,6438780928
9,59,1265,239.002900,0.054400,146.388596,5.317700,81.884499,4.960300,0,632320,196608,6438780928
9,60,470,283.297000,0.076800,151.559799,5.327400,120.716698,5.107400,0,632320,196608,6438780928
9,61,279,270.521600,0.261800,148.901001,5.196300,110.556396,5.083500,0,632320,196608,6438780928
9,62,10615,319.925700,0.122800,150.881393,5.885600,157.646698,4.989700,0,632320,196608,6438780928
9,63,1140,271.988500,0.075900,147.753494,5.286900,113.437202,5.016100,0,632320,196608,6438780928
9,64,382,409.459900,0.072800,152.983994,5.683400,245.231903,5.016400,0,632320,196608,6438780928
9,65,73594,327.644600,0.087300,155.969803,5.694000,160.523102,4.981000,0,632320,196608,6438780928
9,66,12669,335.358600,0.071200,154.685699,6.101400,169.023804,5.064000,0,632320,196608,6438780928
9,67,198,274.913200,0.089600,153.579102,5.440600,110.376900,5.036200,0,632320,196608,6438780928
9,68,750,273.879700,0.081200,148.192993,4.097900,116.157898,4.958400,0,632320,196608,6438780928
9,69,23611,383.573500,0.051800,149.754593,4.312700,224.117905,4.971600,0,632320,196608,6438780928
9,70,18435,304.854500,0.068900,150.023407,4.399800,145.043198,4.974300,0,632320,196608,6438780928
9,71,10939,318.732200,0.066000,151.067596,4.386200,157.861694,4.980800,0,632320,196608,6438780928
9,72,982,380.384000,0.078500,154.173996,5.374000,215.321594,4.991000,0,632320,196608,6438780928
9,73,262,309.819200,0.057000,151.363403,4.796200,148.252701,4.974000,0,632320,196608,6438780928
9,74,308,399.469500,0.076500,151.644608,4.973600,237.384796,5.000000,0,632320,196608,6438780928
9,75,284,385.164000,0.081000,154.428894,5.752100,219.449600,5.017800,0,632320,196608,6438780928
9,76,2422,405.603200,0.071000,153.108093,5.433200,241.575806,4.984300,0,632320,196608,6438780928
9,77,10939,395.554300,0.083100,153.782806,5.522000,230.808807,4.984100,0,632320,196608,6438780928
9,78,340,369.688000,0.050400,147.259094,3.661500,213.364304,4.982500,0,632320,196608,6438780928
9,79,262,319.176900,0.080000,150.128006,4.487200,159.171799,4.958500,0,632320,196608,6438780928
9,80,369,292.868100,0.087400,152.083893,4.137800,131.115005,5.021000,0,632320,196608,6438780928
9,81,600,403.585000,0.070900,152.142395,4.384200,241.384094,5.075600,0,632320,196608,6438780928
9,82,304,421.690900,0.088600,155.182602,5.555600,255.409897,5.000700,0,632320,196608,6438780928
9,83,2088,356.301800,0.080100,153.373093,4.707300,192.727798,5.004900,0,632320,196608,6438780928
9,84,1445,371.346900,0.073400,156.528000,5.834100,203.491898,5.012900,0,632320,196608,6438780928
9,85,982,386.017400,0.088400,157.100494,6.085200,217.355606,4.983000,0,632320,196608,6438780928
9,86,286,362.201500,0.073200,160.218597,7.491900,188.913605,5.052000,0,632320,196608,6438780928
9,87,369,326.830000,0.083000,152.753296,4.680300,164.005096,4.923200,0,632320,196608,6438780928
9,88,502,362.852600,0.044000,153.229004,4.234400,199.795700,5.039300,0,632320,196608,6438780928
9,89,304,392.392400,0.103300,152.625000,4.274800,230.031494,4.989800,0,632320,196608,6438780928
9,90,2088,387.843700,0.048300,154.242203,4.804000,223.293900,5.059200,0,632320,196608,6438780928
9,91,7,386.557200,0.079900,152.090805,4.761900,224.223801,5.049500,0,632320,196608,6438780928
9,92,15,379.517900,0.064000,152.943802,4.228600,216.926697,4.968500,0,632320,196608,6438780928
9,93,11,351.497500,0.051800,151.622406,3.948100,190.507599,5.010200,0,632320,196608,6438780928
9,94,308,377.016000,0.048500,152.397400,4.358000,214.743301,5.071000,0,632320,196608,6438780928
9,95,17600,390.595600,0.072600,156.638702,5.462400,223.066605,4.947300,0,632320,196608,6438780928
9,96,12,369.620400,0.074600,157.135193,4.831100,202.133698,5.007800,0,632320,196608,6438780928
9,97,16,380.735200,0.080200,155.926300,5.395700,213.792206,5.104300,0,632320,196608,6438780928
9,98,982,395.936200,0.085100,157.076706,5.405700,227.940399,5.022500,0,632320,196608,6438780928
9,99,310,355.497600,0.063900,158.417496,5.942800,185.680206,5.003300,0,632320,196608,6438780928
9,100,421,349.867600,0.057000,156.207001,5.292100,183.022797,4.931500,0,632320,196608,6438780928
9,101,2890,345.268500,0.046900,151.975098,4.080500,183.704407,5.050300,0,632320,196608,6438780928
9,102,3809,340.711400,0.157700,154.473206,4.439500,176.273697,4.960400,0,632320,196608,6438780928
9,103,60,348.084000,0.083800,152.968796,3.928100,185.746796,4.973700,0,632320,196608,6438780928
10,0,65354,439.731100,4.053900,135.183304,4.354400,290.719910,5.017300,0,632320,196608,6438780928
10,1,448,345.280000,0.076000,133.969299,4.677100,201.169495,4.955400,0,632320,196608,6438780928
10,2,1172,252.089500,0.068500,134.748901,4.747000,106.882103,5.101600,0,632320,196608,6438780928
10,3,264,272.494100,0.142600,136.324997,5.148400,125.313499,5.063400,0,632320,196608,6438780928
10,4,3175,253.756100,0.083700,137.555893,5.319700,105.257401,5.030900,0,632320,196608,6438780928
10,5,13027,302.028600,0.088000,137.211105,5.272500,153.999496,5.005000,0,632320,196608,6438780928
10,6,50494,267.035900,0.096400,138.801895,5.799500,116.772202,5.050900,0,632320,196608,6438780928
10,7,2038,225.282400,0.081500,134.841202,4.599700,80.443100,4.938500,0,632320,196608,6438780928
10,8,2504,225.355700,0.064400,131.683395,3.775100,84.494598,4.945200,0,632320,196608,6438780928
10,9,8482,239.194200,0.042100,133.883896,4.209700,95.737297,4.949900,0,632320,196608,6438780928
10,10,264,232.684900,0.082900,134.365494,4.397800,88.278503,5.013900,0,632320,196608,6438780928
10,11,729,195.963500,0.138400,133.276001,4.427300,52.764400,4.983900,0,632320,196608,6438780928
10,12,429,255.919700,0.133300,134.773895,4.933200,110.695396,5.016800,0,632320,196608,6438780928
10,13,20853,227.067800,0.067500,133.745499,4.427700,83.430298,4.993500,0,632320,196608,6438780928
10,14,264,231.083100,0.065200,133.416000,4.196000,88.032204,5.007000,0,632320,196608,6438780928
10,15,1140,219.792300,0.081200,133.596695,4.147900,76.524002,5.031300,0,632320,196608,6438780928
10,16,1667,218.796400,0.073800,137.015594,4.273400,72.058403,5.008300,0,632320,196608,6438780928
10,17,3974,319.462000,0.066600,137.947800,4.143600,171.933899,4.979800,0,632320,196608,6438780928
10,18,6860,252.240100,0.062900,140.935394,5.018800,100.690399,5.055300,0,632320,196608,6438780928
10,19,13,389.072000,0.079900,137.015106,4.575000,241.934906,5.065200,0,632320,196608,6438780928
10,20,3155,291.563600,0.074400,137.674103,4.688100,143.559692,5.097700,0,632320,196608,6438780928
10,21,537,246.445700,0.097500,140.176697,5.264000,95.490097,5.034300,0,632320,196608,6438780928
10,22,2924,238.018000,0.057500,140.508698,5.349600,86.669998,4.996600,0,632320,196608,6438780928
10,23,894,256.041900,0.099500,142.122406,5.788600,102.614197,4.995300,0,632320,196608,6438780928
10,24,1467,275.242500,0.079200,142.567505,6.092800,121.051804,5.045600,0,632320,196608,6438780928
10,25,1573,263.290300,0.084300,139.702499,5.337100,112.828903,4.988900,0,632320,196608,6438780928
10,26,476,266.631600,0.057600,134.963699,3.937700,122.295601,4.990100,0,632320,196608,6438780928
10,27,1283,214.619700,0.064700,137.686600,4.457200,66.907501,5.018600,0,632320,196608,6438780928
10,28,279,230.730600,0.056100,136.916794,3.962200,84.416901,4.977400,0,632320,196608,6438780928
10,29,2038,247.738900,0.084900,137.439606,3.942900,100.861603,5.029900,0,632320,196608,6438780928
10,30,2504,246.692000,0.073200,139.331406,5.260400,96.618401,5.014700,0,632320,196608,6438780928
10,31,13,368.284000,0.088400,139.263199,4.982800,218.523499,5.039100,0,632320,196608,6438780928
10,32,3155,337.779300,0.069100,149.061493,5.791300,177.448502,4.994500,0,632320,196608,6438780928
10,33,537,277.454800,0.082700,147.290298,6.306600,118.334702,5.014600,0,632320,196608,6438780928
10,34,2924,248.452600,0.082700,143.645203,5.407500,93.812401,5.034400,0,632320,196608,6438780928
10,35,6042,279.170400,0.079500,146.546097,5.668500,121.318802,5.092500,0,632320,196608,6438780928
10,36,4766,289.079100,0.084800,147.651794,5.984800,129.860992,5.010200,0,632320,196608,6438780928
10,37,279,275.160800,0.077900,147.401398,5.739100,116.426003,4.991400,0,632320,196608,6438780928
10,38,2038,262.447400,0.102700,146.710007,6.492800,103.725098,4.992900,0,632320,196608,6438780928
10,39,13,367.353500,0.058500,142.484604,4.762700,214.721405,4.948100,0,632320,196608,6438780928
10,40,576,272.351600,0.062700,141.849396,4.684900,120.311897,5.023900,0,632320,196608,6438780928
10,41,729,232.447500,0.076800,144.549698,5.331500,77.051903,5.020400,0,632320,196608,6438780928
10,42,1969,263.193400,0.075800,141.848206,4.804200,111.113701,4.980400,0,632320,196608,6438780928
10,43,387,231.025700,0.068800,143.531601,5.054600,77.025803,4.965700,0,632320,196608,6438780928
10,44,6941,267.339000,0.069700,145.327103,5.502600,111.020897,5.030400,0,632320,196608,6438780928
10,45,1565,310.974500,0.075400,146.557297,5.841100,153.064194,5.014100,0,632320,196608,6438780928
10,46,446,362.111800,0.075100,144.639496,5.683100,206.326401,4.992000,0,632320,196608,6438780928
10,47,5788,331.615000,0.077000,144.964798,5.250100,175.854996,5.032200,0,632320,196608,6438780928
10,48,371,290.543300,0.074900,150.260300,6.106000,128.590500,5.033000,0,632320,196608,6438780928
10,49,63,293.995600,0.079000,148.466003,5.494700,134.510101,5.053200,0,632320,196608,6438780928
10,50,323,327.197900,0.080300,149.031403,6.026200,166.571899,5.026500,0,632320,196608,6438780928
10,51,1896,283.123800,0.085300,147.726196,5.150200,124.793198,4.991400,0,632320,196608,6438780928
10,52,264,272.718900,0.072200,142.959106,4.237900,120.112602,4.966400,0,632320,196608,6438780928
10,53,3175,264.570200,0.072000,144.739700,4.397200,109.852898,4.992000,0,632320,196608,6438780928
10,54,5733,243.664100,0.107800,144.766205,4.297200,89.129898,4.967700,0,632320,196608,6438780928
10,55,1565,306.168700,0.068700,143.754105,3.977600,153.009598,4.984000,0,632320,196608,6438780928
10,56,1118,317.425200,0.057000,146.237793,4.828000,160.611298,5.037900,0,632320,196608,6438780928
10,57,28587,366.533800,0.082600,148.576996,5.515600,206.875107,5.013100,0,632320,196608,6438780928
10,58,576,302.640400,0.131300,148.672897,5.403800,142.902298,5.129900,0,632320,196608,6438780928
10,59,729,274.928100,0.072600,146.586395,5.360000,117.425797,4.991400,0,632320,196608,6438780928
10,60,1969,265.708300,0.094800,147.833801,5.246300,107.143600,4.987300,0,632320,196608,6438780928
10,61,537,239.337900,0.081900,150.612000,5.807300,77.466499,4.978100,0,632320,196608,6438780928
10,62,5602,287.332700,0.045200,149.321106,5.858000,126.680000,5.008700,0,632320,196608,6438780928
10,63,279,262.151500,0.087000,149.584595,6.343400,100.689003,5.017300,0,632320,196608,6438780928
10,64,1946,271.559800,0.084000,153.057907,5.458200,107.560402,5.033200,0,632320,196608,6438780928
10,65,1140,245.439300,0.071400,147.525803,4.155600,88.312103,4.997600,0,632320,196608,6438780928
10,66,13,348.590400,0.050200,150.385101,4.612800,188.166595,4.955900,0,632320,196608,6438780928
10,67,576,301.426800,0.083300,149.829407,4.351400,141.720200,5.046000,0,632320,196608,6438780928
10,68,729,270.157000,0.064600,150.324707,4.834400,109.596802,4.978000,0,632320,196608,6438780928
10,69,1969,264.209400,0.058200,150.874207,5.646800,102.276703,4.973500,0,632320,196608,6438780928
10,70,470,275.356200,0.074800,152.792892,5.598300,111.425797,5.082600,0,632320,196608,6438780928
10,71,264,273.214200,0.075400,153.722900,5.835200,108.173302,5.012000,0,632320,196608,6438780928
10,72,501,254.269400,0.067300,150.908600,4.723200,93.179001,5.005200,0,632320,196608,6438780928
10,73,1140,262.788500,0.080400,154.156998,5.461100,97.610199,5.025700,0,632320,196608,6438780928
10,74,429,270.998800,0.163100,152.775696,5.856500,106.750504,5.062900,0,632320,196608,6438780928
10,75,374,273.282500,0.080000,152.891800,5.811700,109.169601,4.954200,0,632320,196608,6438780928
10,76,10615,304.177900,0.054100,153.686493,6.016700,138.986893,5.040500,0,632320,196608,6438780928
10,77,13,381.479000,0.074000,152.456802,5.375000,218.264694,4.958000,0,632320,196608,6438780928
10,78,576,300.716600,0.057700,150.123093,4.525100,140.598495,4.994600,0,632320,196608,6438780928
10,79,729,279.436900,0.078400,149.649994,4.657600,119.601501,5.018200,0,632320,196608,6438780928
10,80,1969,270.417600,0.075300,154.671005,5.536100,104.757004,4.981500,0,632320,196608,6438780928
10,81,537,246.341800,0.079600,152.336197,5.218700,83.284897,5.029500,0,632320,196608,6438780928
10,82,990,266.947000,0.097900,152.173096,5.093300,104.198898,5.019600,0,632320,196608,6438780928
10,83,894,240.969900,0.075600,151.937195,4.484400,79.119904,4.972600,0,632320,196608,6438780928
10,84,5798,327.486500,0.041700,156.629196,5.094400,160.351700,4.986000,0,632320,196608,6438780928
10,85,3419,259.680500,0.073500,151.704803,4.898600,97.532700,5.040600,0,632320,196608,6438780928
10,86,28273,291.424800,0.152800,157.004105,6.268700,122.564796,5.038100,0,632320,196608,6438780928
10,87,5746,277.442300,0.089400,158.328094,6.886100,106.666000,5.069400,0,632320,196608,6438780928
10,88,13,396.208600,0.097300,156.619797,5.733300,228.369705,4.979000,0,632320,196608,6438780928
10,89,576,319.337100,0.096500,153.311798,5.170000,155.229202,5.008100,0,632320,196608,6438780928
10,90,729,291.634900,0.081100,154.018799,5.055500,127.114197,4.940500,0,632320,196608,6438780928
10,91,1969,281.031100,0.068600,153.660706,5.512500,116.338699,5.023900,0,632320,196608,6438780928
10,92,387,268.766800,0.081500,158.347000,6.520000,98.434799,4.981600,0,632320,196608,6438780928
10,93,5326,268.477300,0.056900,150.337708,4.307500,108.334099,5.007700,0,632320,196608,6438780928
10,94,304,278.787700,0.078100,151.822906,4.571700,116.958199,4.983700,0,632320,196608,6438780928
10,95,13027,311.105000,0.068500,153.439102,5.241800,146.964798,5.014300,0,632320,196608,6438780928
10,96,220,342.596000,0.061100,156.709106,5.254200,175.193893,5.009700,0,632320,196608,6438780928
10,97,18,265.290200,0.072700,153.983597,4.710400,101.197197,4.958700,0,632320,196608,6438780928
10,98,382,430.358400,0.049700,154.495300,4.679000,265.653595,5.078500,0,632320,196608,6438780928
10,99,73594,322.163000,0.073100,154.180893,5.099300,157.470093,4.972400,0,632320,196608,6438780928
10,100,12669,356.951400,0.072900,156.189102,5.366500,189.955399,4.997700,0,632320,196608,6438780928
10,101,198,442.487400,0.141800,159.579407,5.880000,271.413086,5.075400,0,632320,196608,6438780928
10,102,750,281.891100,0.081300,153.364899,4.728100,118.273804,5.021600,0,632320,196608,6438780928
10,103,3974,389.361400,0.125000,155.521606,5.521600,222.818497,4.987200,0,632320,196608,6438780928
11,0,65354,464.481500,3.582900,138.888596,5.592400,310.980499,5.037600,0,632320,196608,6438780928
11,1,448,360.621500,0.081700,137.859497,6.567200,210.608795,5.085400,0,632320,196608,6438780928
11,2,1172,239.609900,0.069800,132.169998,4.120800,97.848999,5.021100,0,632320,196608,6438780928
11,3,264,256.884000,0.039300,133.647293,4.145700,113.535500,5.075700,0,632320,196608,6438780928
11,4,3175,242.083200,0.099500,134.220200,4.164500,98.223503,4.956200,0,632320,196608,6438780928
11,5,13027,268.902400,0.075900,134.096893,4.313100,125.066002,4.985400,0,632320,196608,6438780928
11,6,50494,259.955700,0.069700,136.354507,5.183800,112.955299,4.990500,0,632320,196608,6438780928
11,7,2038,214.845600,0.072100,132.934799,4.227600,72.209099,5.011400,0,632320,196608,6438780928
11,8,2504,222.516600,0.071200,131.477798,4.196300,81.377998,5.037400,0,632320,196608,6438780928
11,9,8482,236.669500,0.073500,134.803604,4.152100,92.296600,4.970400,0,632320,196608,6438780928
11,10,264,232.295400,0.059600,134.802505,4.319700,87.680298,4.978000,0,632320,196608,6438780928
11,11,729,195.056800,0.079700,134.600296,4.277700,50.681599,5.029400,0,632320,196608,6438780928
11,12,429,239.519600,0.068600,135.138794,4.410700,94.482201,5.035800,0,632320,196608,6438780928
11,13,17431,333.846300,0.073800,138.268997,4.789900,185.358597,4.976500,0,632320,196608,6438780928
11,14,288,239.099300,0.071300,136.775299,5.624800,91.293900,4.958000,0,632320,196608,6438780928
11,15,264,247.834100,0.062800,134.750305,4.773800,102.873802,4.974200,0,632320,196608,6438780928
11,16,85499,311.288600,0.061400,141.004303,5.266300,159.538406,5.036900,0,632320,196608,6438780928
11,17,10592,250.320300,0.081600,140.404907,5.615200,98.760300,5.035600,0,632320,196608,6438780928
11,18,1140,252.549000,0.087900,141.143707,5.886400,99.921898,5.082300,0,632320,196608,6438780928
11,19,13,421.539500,0.080600,141.612595,5.765000,268.619598,5.005500,0,632320,196608,6438780928
11,20,3155,298.653800,0.091400,135.567596,3.797300,153.818497,4.998000,0,632320,196608,6438780928
11,21,537,223.853400,0.068400,134.759506,3.826000,79.844398,4.980100,0,632320,196608,6438780928
11,22,2924,234.413500,0.054600,138.426895,4.298000,86.250000,4.984300,0,632320,196608,6438780928
11,23,894,238.489600,0.055000,138.576202,4.995900,89.464104,5.015800,0,632320,196608,6438780928
11,24,1467,263.837100,0.074800,139.089493,4.671500,114.644302,4.989300,0,632320,196608,6438780928
11,25,1573,248.483100,0.076500,136.899094,4.312600,101.804497,5.001500,0,632320,196608,6438780928
11,26,476,271.096800,0.052200,136.452194,4.092000,125.112900,5.014200,0,632320,196608,6438780928
11,27,1283,216.061400,0.055600,137.970001,4.742200,67.982201,4.936300,0,632320,196608,6438780928
11,28,279,228.268700,0.069300,137.161194,4.556900,81.073700,5.048800,0,632320,196608,6438780928
11,29,2038,265.809500,0.075200,138.500198,4.886200,116.914398,4.994700,0,632320,196608,6438780928
11,30,2504,256.106600,0.070500,142.583405,5.524500,102.403099,5.044400,0,632320,196608,6438780928
11,31,13,365.128400,0.079500,140.159393,5.243200,214.287598,4.961500,0,632320,196608,6438780928
11,32,3155,320.357400,0.065900,144.741196,4.919200,165.072205,5.122100,0,632320,196608,6438780928
11,33,537,274.511500,0.106000,145.975403,5.763000,117.206200,5.044500,0,632320,196608,6438780928
11,34,2924,255.575600,0.076400,147.976700,6.532800,95.480003,5.035700,0,632320,196608,6438780928
11,35,6042,275.866200,0.104600,145.592804,5.452900,119.195297,5.084400,0,632320,196608,6438780928
11,36,4766,306.147300,0.097700,147.505905,6.201300,146.947601,5.014200,0,632320,196608,6438780928
11,37,279,246.232900,0.077800,139.773605,3.825000,97.274002,4.935900,0,632320,196608,6438780928
11,38,2038,254.994900,0.046200,143.111099,3.980700,102.397598,5.098300,0,632320,196608,6438780928
11,39,13,366.663500,0.068700,142.209396,3.949000,215.084305,4.995200,0,632320,196608,6438780928
11,40,576,271.397200,0.062400,144.502106,4.434700,116.977303,5.018100,0,632320,196608,6438780928
11,41,729,249.477400,0.068200,143.180298,4.318800,96.542503,5.019200,0,632320,196608,6438780928
11,42,1265,247.266200,0.095700,141.676697,3.868700,96.254303,5.000300,0,632320,196608,6438780928
11,43,387,227.044800,0.070500,143.617493,4.724700,73.296700,4.961500,0,632320,196608,6438780928
11,44,6941,258.134200,0.056400,143.183701,4.216600,105.296799,4.966700,0,632320,196608,6438780928
11,45,9931,320.926700,0.051500,142.836502,4.165800,168.530396,4.980900,0,632320,196608,6438780928
11,46,76145,279.790300,0.060600,143.079300,3.981100,127.221397,5.068100,0,632320,196608,6438780928
11,47,2019,248.946900,0.073300,147.459305,5.542100,90.350800,5.014100,0,632320,196608,6438780928
11,48,323,339.267500,0.072200,151.033203,5.218000,177.617599,4.956200,0,632320,196608,6438780928
11,49,1896,273.127900,0.077100,146.082703,5.215800,116.147903,4.986200,0,632320,196608,6438780928
11,50,264,279.430200,0.076800,149.190994,5.880300,118.832497,5.011200,0,632320,196608,6438780928
11,51,3175,278.044000,0.086100,149.342697,6.122800,116.991203,5.041000,0,632320,196608,6438780928
11,52,5733,251.412200,0.085400,148.392105,5.712800,91.472504,5.159100,0,632320,196608,6438780928
11,53,1968,319.135700,0.090300,149.190094,5.648700,158.679001,5.029100,0,632320,196608,6438780928
11,54,892,311.203600,0.097500,144.848801,4.511000,156.355896,5.042700,0,632320,196608,6438780928
11,55,374,261.050500,0.066800,143.138901,3.685700,108.808601,4.978200,0,632320,196608,6438780928
11,56,279,260.009800,0.048800,146.331207,4.380600,103.935501,4.947700,0,632320,196608,6438780928
11,57,1968,272.134100,0.066900,146.630600,3.678100,116.286797,5.068800,0,632320,196608,6438780928
11,58,315,258.663100,0.069800,145.860703,4.084100,103.299698,4.978100,0,632320,196608,6438780928
11,59,279,276.832800,0.050800,143.906601,3.453600,124.002998,4.998300,0,632320,196608,6438780928
11,60,10592,309.696900,0.069600,148.665100,4.814900,150.703094,5.042100,0,632320,196608,6438780928
11,61,1140,263.514900,0.075800,149.759705,5.292300,102.949997,4.988300,0,632320,196608,6438780928
11,62,13,364.775900,0.077900,148.905807,5.189600,205.284698,4.942700,0,632320,196608,6438780928
11,63,576,292.639200,0.059900,150.140396,5.603000,131.413895,4.991100,0,632320,196608,6438780928
11,64,729,275.215500,0.079400,152.690994,5.345400,111.685699,5.019400,0,632320,196608,6438780928
11,65,1265,258.564500,0.071800,152.062607,5.257300,95.752403,4.995700,0,632320,196608,6438780928
11,66,470,284.483400,0.068300,156.443207,5.907300,116.647003,4.989900,0,632320,196608,6438780928
11,67,279,277.147900,0.089600,151.151596,4.792700,115.784103,4.990100,0,632320,196608,6438780928
11,68,501,258.934400,0.065900,149.018204,4.086200,100.414497,4.981500,0,632320,196608,6438780928
11,69,1968,279.676400,0.070000,150.083603,3.689700,120.457603,4.990300,0,632320,196608,6438780928
11,70,315,303.783500,0.062400,151.444397,4.068400,142.816605,4.979400,0,632320,196608,6438780928
11,71,279,294.588600,0.073100,150.050705,4.086700,135.057907,4.936500,0,632320,196608,6438780928
11,72,27437,327.235000,0.061000,150.990799,5.216900,165.570206,4.973300,0,632320,196608,6438780928
11,73,10592,310.795500,0.069500,152.662094,5.238700,147.433899,4.997000,0,632320,196608,6438780928
11,74,1140,286.692600,0.069200,153.459198,5.251700,122.480202,5.035800,0,632320,196608,6438780928
11,75,13,383.977900,0.077900,153.232895,5.402400,219.772705,5.027700,0,632320,196608,6438780928
11,76,576,306.146400,0.066700,151.705307,5.448600,143.494400,5.027500,0,632320,196608,6438780928
11,77,10592,336.521400,0.072800,154.480499,5.979500,170.490402,5.052100,0,632320,196608,6438780928
11,78,1140,260.736300,0.074800,153.818893,6.409300,95.073601,4.986200,0,632320,196608,6438780928
11,79,7798,245.501000,0.060800,148.438904,4.331700,87.336800,4.981000,0,632320,196608,6438780928
11,80,525,275.101500,0.057300,151.887894,4.437100,113.358398,5.003600,0,632320,196608,6438780928
11,81,4512,247.531300,0.073500,152.813202,4.754500,84.397903,5.013800,0,632320,196608,6438780928
11,82,438,246.766100,0.089200,153.130402,4.877600,83.256203,5.040500,0,632320,196608,6438780928
11,83,11017,260.852500,0.071300,152.677002,4.505700,98.238800,4.989900,0,632320,196608,6438780928
11,84,1447,373.848300,0.058800,153.680496,5.358400,209.275696,5.026300,0,632320,196608,6438780928
11,85,1040,334.708800,0.099900,156.471603,5.854000,166.801605,5.024700,0,632320,196608,6438780928
11,86,6018,320.680300,0.089400,154.287292,5.268000,155.622498,5.001800,0,632320,196608,6438780928
11,87,510,286.498100,0.076800,154.684906,5.796700,120.422600,5.030700,0,632320,196608,6438780928
11,88,262,315.373800,0.086300,157.907700,6.401100,145.515793,5.057500,0,632320,196608,6438780928
11,89,707,338.819200,0.080900,156.035904,5.894200,171.357605,4.991800,0,632320,196608,6438780928
11,90,1304,424.150400,0.083300,157.434692,6.512900,254.700806,5.019200,0,632320,196608,6438780928
11,91,2327,311.835400,0.076400,152.072403,4.092200,150.194000,5.011700,0,632320,196608,6438780928
11,92,3804,354.432100,0.068500,151.405701,3.845600,193.771393,4.977300,0,632320,196608,6438780928
11,93,721,417.851400,0.077300,154.043106,4.780900,253.498306,5.057700,0,632320,196608,6438780928
11,94,11,298.987900,0.096100,150.590195,4.342200,138.591202,4.952500,0,632320,196608,6438780928
11,95,897,281.925200,0.055500,150.939896,4.147900,121.401001,5.017300,0,632320,196608,6438780928
11,96,982,351.073100,0.076300,153.807007,5.054700,186.806503,4.958000,0,632320,196608,6438780928
11,97,286,312.006900,0.052300,154.901794,4.565600,147.131500,4.968700,0,632320,196608,6438780928
11,98,656,328.744200,0.071000,155.528503,5.144200,162.560898,4.997900,0,632320,196608,6438780928
11,99,2824,340.925000,0.077400,157.996796,5.817500,171.632706,4.985900,0,632320,196608,6438780928
11,100,284,391.558500,0.095000,158.457397,5.523600,222.087097,5.012400,0,632320,196608,6438780928
11,101,897,362.457000,0.075200,154.827698,5.193300,196.933807,5.033000,0,632320,196608,6438780928
11,102,198,365.033800,0.078700,158.480392,6.014300,194.968597,5.045100,0,632320,196608,6438780928
11,103,286,353.388600,0.074300,156.577194,5.713400,185.568207,4.997400,0,632320,196608,6438780928
12,0,65354,432.817300,4.152300,137.596695,5.376400,280.341614,4.961200,0,632320,196608,6438780928
12,1,448,325.294200,0.049000,132.287506,4.379200,183.145096,5.056800,0,632320,196608,6438780928
12,2,1172,251.307400,0.062000,133.693695,4.262500,107.817902,5.022400,0,632320,196608,6438780928
12,3,264,272.938300,0.069700,134.685104,4.982900,127.875198,4.972500,0,632320,196608,6438780928
12,4,3175,238.222700,0.059900,132.785507,4.294200,95.738800,4.964300,0,632320,196608,6438780928
12,5,13027,284.169000,0.075000,134.220001,4.407100,140.052399,4.999100,0,632320,196608,6438780928
12,6,50494,255.255100,0.058900,136.945999,5.457800,107.373199,5.012100,0,632320,196608,6438780928
12,7,2038,226.281200,0.077100,137.915695,5.315000,77.605598,4.971400,0,632320,196608,6438780928
12,8,2504,236.435600,0.100000,136.918304,5.417400,88.566399,5.046200,0,632320,196608,6438780928
12,9,8482,246.714100,0.071200,136.336594,4.762100,100.113800,5.010600,0,632320,196608,6438780928
12,10,264,239.415100,0.245600,135.683701,5.316400,92.757896,5.009700,0,632320,196608,6438780928
12,11,729,202.429600,0.074400,136.834595,5.753000,54.332100,5.010000,0,632320,196608,6438780928
12,12,429,249.775300,0.082000,136.358795,5.140900,102.758598,5.018900,0,632320,196608,6438780928
12,13,12341,235.334700,0.056500,137.620605,5.603500,86.618896,5.030100,0,632320,196608,6438780928
12,14,3425,243.138400,0.078900,137.573700,5.911500,94.035797,5.043400,0,632320,196608,6438780928
12,15,264,243.422200,0.091800,134.850906,5.077000,98.085297,4.951300,0,632320,196608,6438780928
12,16,914,227.438800,0.082900,136.358795,4.243500,81.384804,4.997200,0,632320,196608,6438780928
12,17,374,237.930000,0.052000,138.329193,4.744000,89.454399,4.985700,0,632320,196608,6438780928
12,18,264,212.093600,0.045900,135.653900,4.187600,66.850601,4.977600,0,632320,196608,6438780928
12,19,73097,298.104800,0.120700,136.785294,4.045900,151.754395,5.005000,0,632320,196608,6438780928
12,20,13,357.622200,0.069700,137.226501,4.250800,210.641693,4.988400,0,632320,196608,6438780928
12,21,3155,291.791500,0.075600,139.192795,5.213200,141.835999,5.013700,0,632320,196608,6438780928
12,22,537,240.700800,0.082500,139.687302,5.773800,89.690598,5.007500,0,632320,196608,6438780928
12,23,2924,234.083800,0.136900,138.722107,4.997400,84.893799,4.958800,0,632320,196608,6438780928
12,24,894,253.240600,0.055700,137.112000,4.406600,106.300301,4.977600,0,632320,196608,6438780928
12,25,1467,261.372700,0.096400,140.578003,5.172900,110.114899,5.009500,0,632320,196608,6438780928
12,26,1573,257.447900,0.062700,139.342606,5.726800,106.795502,5.044500,0,632320,196608,6438780928
12,27,476,286.218700,0.101600,138.355194,5.238100,137.108597,5.000000,0,632320,196608,6438780928
12,28,1283,224.377600,0.079000,142.130600,6.520200,70.112297,5.058700,0,632320,196608,6438780928
12,29,279,243.303600,0.100300,142.211899,6.090400,89.354797,5.108000,0,632320,196608,6438780928
12,30,2038,256.748500,0.091700,139.590698,5.080600,106.486504,5.125000,0,632320,196608,6438780928
12,31,2504,248.430000,0.061100,137.524094,4.251300,101.255997,4.977200,0,632320,196608,6438780928
12,32,13,349.927200,0.054800,142.792099,4.187500,197.407593,4.998000,0,632320,196608,6438780928
12,33,3155,308.596500,0.066500,142.483398,3.752900,156.946106,4.987200,0,632320,196608,6438780928
12,34,537,251.611200,0.061900,141.507004,3.649900,101.000504,4.984000,0,632320,196608,6438780928
12,35,2924,244.953100,0.114100,145.214600,4.782400,89.432899,5.006200,0,632320,196608,6438780928
12,36,6042,272.840700,0.072300,144.987900,5.274700,117.070198,5.003500,0,632320,196608,6438780928
12,37,4766,283.133800,0.093100,145.657394,5.188900,126.840202,4.983600,0,632320,196608,6438780928
12,38,279,269.961200,0.046700,145.640396,5.039200,113.804901,5.024900,0,632320,196608,6438780928
12,39,2038,260.762500,0.069800,146.068802,5.253300,103.968399,5.000000,0,632320,196608,6438780928
12,40,13,385.239300,0.099000,144.406494,5.383800,229.940399,5.002900,0,632320,196608,6438780928
12,41,576,278.261000,0.077900,149.179703,5.351000,118.231499,5.000300,0,632320,196608,6438780928
12,42,729,236.909100,0.061200,146.288498,5.756000,79.425598,5.006800,0,632320,196608,6438780928
12,43,1265,276.349500,0.054300,141.168503,4.266900,125.562698,4.934400,0,632320,196608,6438780928
12,44,387,235.439200,0.057200,145.474396,4.719600,79.858299,4.959000,0,632320,196608,6438780928
12,45,6941,251.283400,0.048600,144.076202,4.162400,97.585403,4.942800,0,632320,196608,6438780928
12,46,374,317.528000,0.065300,143.871002,4.457000,163.767502,4.994300,0,632320,196608,6438780928
12,47,73310,351.887900,0.091100,143.844498,4.828100,197.679504,5.004600,0,632320,196608,6438780928
12,48,36058,251.332900,0.115300,147.769699,5.514100,92.547600,5.000600,0,632320,196608,6438780928
12,49,323,345.125200,0.051600,149.236496,4.998400,185.466293,4.997900,0,632320,196608,6438780928
12,50,1896,286.813500,0.067600,147.197006,4.730100,129.445999,4.977700,0,632320,196608,6438780928
12,51,264,287.877500,0.080300,150.028900,4.959700,127.180397,5.128300,0,632320,196608,6438780928
12,52,3175,289.084000,0.076200,148.788101,5.464500,129.342697,5.008800,0,632320,196608,6438780928
12,53,914,282.657300,0.061200,149.802307,5.655400,121.738098,4.994000,0,632320,196608,6438780928
12,54,5693,258.146100,0.105100,150.436996,6.279200,96.024399,4.935000,0,632320,196608,6438780928
12,55,13,361.035100,0.090200,146.702393,4.131200,204.742706,5.002600,0,632320,196608,6438780928
12,56,576,288.625100,0.068100,146.042892,5.192000,131.977600,4.976300,0,632320,196608,6438780928
12,57,729,275.616300,0.073100,145.819595,4.143400,120.181999,5.023300,0,632320,196608,6438780928
12,58,1265,245.585900,0.071100,146.465195,4.459200,89.295898,4.939500,0,632320,196608,6438780928
12,59,470,277.111100,0.070400,150.712997,5.492700,115.476700,4.984900,0,632320,196608,6438780928
12,60,264,263.067500,0.048400,144.998398,4.402100,108.244400,5.004800,0,632320,196608,6438780928
12,61,2710,289.525400,0.122800,148.566101,5.021300,130.392502,4.991100,0,632320,196608,6438780928
12,62,897,246.254800,0.092800,145.292999,4.988100,90.483803,5.011400,0,632320,196608,6438780928
12,63,13,390.761900,0.064800,150.019897,5.399300,229.855896,4.998100,0,632320,196608,6438780928
12,64,576,319.203000,0.079100,154.121002,5.186200,154.387695,5.000900,0,632320,196608,6438780928
12,65,729,301.673300,0.134300,157.914993,6.044000,132.156998,5.004400,0,632320,196608,6438780928
12,66,1265,265.599000,0.054900,156.831894,6.829000,96.295700,5.118700,0,632320,196608,6438780928
12,67,387,235.078300,0.099200,148.515106,4.102000,77.032898,4.964500,0,632320,196608,6438780928
12,68,5326,255.122600,0.068200,149.357895,3.688200,96.615196,5.014400,0,632320,196608,6438780928
12,69,304,271.175200,0.067000,150.236099,4.391100,111.095200,5.014700,0,632320,196608,6438780928
12,70,13027,292.838400,0.047400,151.461304,4.105300,131.792007,4.992600,0,632320,196608,6438780928
12,71,220,307.432300,0.079800,149.182205,3.760800,148.990997,4.989800,0,632320,196608,6438780928
12,72,18,271.773500,0.074600,154.026993,5.121100,107.090401,5.021100,0,632320,196608,6438780928
12,73,13,392.379200,0.080600,154.067703,5.561200,227.186493,5.007800,0,632320,196608,6438780928
12,74,576,291.008600,0.061900,148.517502,4.110800,132.960297,4.949100,0,632320,196608,6438780928
12,75,729,296.311900,0.054400,154.582108,4.973200,131.283707,4.995900,0,632320,196608,6438780928
12,76,1265,268.225200,0.057400,154.522003,5.126800,103.144501,4.969700,0,632320,196608,6438780928
12,77,537,246.591800,0.077500,153.981995,5.315200,81.797401,4.991200,0,632320,196608,6438780928
12,78,990,269.640600,0.060900,155.152100,5.955700,103.036903,5.024100,0,632320,196608,6438780928
12,79,894,252.739400,0.111400,155.538406,6.312800,85.285400,5.078900,0,632320,196608,6438780928
12,80,5798,297.868200,0.096000,149.693497,3.546300,139.118805,5.015200,0,632320,196608,6438780928
12,81,3419,264.985100,0.083400,154.645096,4.251400,100.625504,5.019600,0,632320,196608,6438780928
12,82,5746,275.972400,0.060500,153.524399,4.582800,112.439903,5.008100,0,632320,196608,6438780928
12,83,369,285.282400,0.063700,153.200104,4.421300,122.271400,4.962700,0,632320,196608,6438780928
12,84,75183,266.641800,0.059200,153.346207,4.400700,103.459503,4.973600,0,632320,196608,6438780928
12,85,279,285.861900,0.082300,154.908600,5.317300,120.083000,5.018600,0,632320,196608,6438780928
12,86,914,257.175700,0.081400,155.142197,5.201800,91.286102,5.059000,0,632320,196608,6438780928
12,87,13,376.666000,0.065400,154.327805,4.886300,211.991592,5.001300,0,632320,196608,6438780928
12,88,576,334.386400,0.075100,157.324402,5.867100,165.671707,5.019900,0,632320,196608,6438780928
12,89,729,302.068800,0.082100,157.198196,5.090400,134.078293,5.111900,0,632320,196608,6438780928
12,90,1265,293.200500,0.098400,158.518402,6.759500,122.411102,4.984100,0,632320,196608,6438780928
12,91,537,254.188800,0.091400,159.857101,6.524900,82.260803,5.009000,0,632320,196608,6438780928
12,92,990,260.148900,0.070100,150.142395,4.389700,100.186699,4.990000,0,632320,196608,6438780928
12,93,894,246.564900,0.048200,153.018799,4.295000,83.793297,5.040700,0,632320,196608,6438780928
12,94,29753,272.062200,0.041700,152.649994,4.061100,110.021301,4.928000,0,632320,196608,6438780928
12,95,13,348.789000,0.047800,152.576904,4.368400,186.454895,4.962100,0,632320,196608,6438780928
12,96,576,304.427900,0.135400,155.632797,4.102600,139.125595,5.020900,0,632320,196608,6438780928
12,97,729,311.872200,0.096500,154.702103,4.555000,147.166000,5.001000,0,632320,196608,6438780928
12,98,1265,271.166900,0.059800,155.233994,4.220200,106.243797,5.023100,0,632320,196608,6438780928
12,99,537,244.603500,0.070200,156.745407,4.140500,78.268402,4.947200,0,632320,196608,6438780928
12,100,990,256.042200,0.046100,154.548203,4.889700,91.097198,5.056700,0,632320,196608,6438780928
12,101,894,240.541300,0.058100,154.048706,4.168500,76.933601,4.976100,0,632320,196608,6438780928
12,102,50262,293.184900,0.044500,155.858902,4.658100,127.103699,5.099400,0,632320,196608,6438780928
12,103,13,407.976000,0.076100,157.242401,4.918500,240.308899,5.014100,0,632320,196608,6438780928
12,104,576,315.391900,0.077700,153.941101,4.409600,151.627701,4.955900,0,632320,196608,6438780928
13,0,65354,462.600900,3.999300,138.635498,5.382000,309.070496,5.044800,0,632320,196608,6438780928
13,1,448,355.864700,0.094100,137.409897,5.536000,207.369995,5.053200,0,632320,196608,6438780928
13,2,1172,262.902000,0.054000,140.394806,5.858500,111.185799,4.969800,0,632320,196608,6438780928
13,3,264,271.187900,0.053200,138.378906,5.805100,121.608498,4.957400,0,632320,196608,6438780928
13,4,3175,234.291100,0.080000,131.935593,4.166000,92.698700,5.046100,0,632320,196608,6438780928
13,5,13027,264.009700,0.053600,133.711105,4.193300,120.723297,4.980100,0,632320,196608,6438780928
13,6,50494,244.895900,0.081900,134.037003,3.923100,101.467499,5.043300,0,632320,196608,6438780928
13,7,2038,217.412700,0.049900,135.047501,4.473100,72.365303,4.987900,0,632320,196608,6438780928
13,8,2504,226.705800,0.047000,133.891006,4.433800,82.945396,5.036500,0,632320,196608,6438780928
13,9,8482,241.205600,0.054600,136.547699,4.103900,95.183998,4.963800,0,632320,196608,6438780928
13,10,264,247.647600,0.042400,136.365494,5.076100,100.537804,5.041700,0,632320,196608,6438780928
13,11,729,204.874900,0.079300,137.562698,5.399900,56.387001,5.069400,0,632320,196608,6438780928
13,12,429,246.353900,0.123700,135.513504,5.020600,100.350899,4.954300,0,632320,196608,6438780928
13,13,57203,257.561100,0.067500,138.456802,4.982300,108.579903,5.064700,0,632320,196608,6438780928
13,14,279,256.221300,0.081200,136.070908,5.341500,109.301003,4.983400,0,632320,196608,6438780928
13,15,55129,337.674600,0.115500,137.301804,5.010100,189.762695,5.036300,0,632320,196608,6438780928
13,16,79683,335.275900,0.071300,140.029205,5.454300,184.276596,5.037300,0,632320,196608,6438780928
13,17,1372,258.338800,0.076200,141.614594,5.955400,105.206596,5.077000,0,632320,196608,6438780928
13,18,5367,282.915000,0.103300,135.650497,4.429900,137.382095,4.985000,0,632320,196608,6438780928
13,19,7887,223.986700,0.075000,136.777298,4.687300,77.117699,4.967500,0,632320,196608,6438780928
13,20,13,371.340300,0.046400,138.876099,4.188200,222.865997,4.994600,0,632320,196608,6438780928
13,21,3155,279.908200,0.057900,136.560104,4.113900,133.752304,5.012900,0,632320,196608,6438780928
13,22,537,232.117900,0.066700,138.523697,5.197400,82.823700,5.022500,0,632320,196608,6438780928
13,23,2924,245.638200,0.076100,138.990295,4.957400,96.176903,4.997100,0,632320,196608,6438780928
13,24,894,260.621300,0.078000,144.354904,5.999000,104.776802,4.977300,0,632320,196608,6438780928
13,25,1467,271.872800,0.074400,138.291107,5.100200,123.009804,5.019300,0,632320,196608,6438780928
13,26,1573,259.189400,0.078800,139.009995,5.246700,109.421799,5.042100,0,632320,196608,6438780928
13,27,476,281.373400,0.075000,136.520203,4.140400,135.271896,5.001000,0,632320,196608,6438780928
13,28,1283,224.615400,0.053500,141.388901,5.676200,72.130798,4.974000,0,632320,196608,6438780928
13,29,279,250.198300,0.089900,140.114304,5.993000,98.564400,5.008900,0,632320,196608,6438780928
13,30,2038,267.851400,0.096100,141.208801,5.379400,115.715401,5.017900,0,632320,196608,6438780928
13,31,2504,240.906600,0.074400,136.839005,4.799000,93.820099,5.019500,0,632320,196608,6438780928
13,32,13,338.847200,0.066000,141.600296,4.105400,187.693298,4.970000,0,632320,196608,6438780928
13,33,3155,317.240500,0.061400,143.194305,4.355700,164.255600,4.994700,0,632320,196608,6438780928
13,34,537,273.967700,0.090000,144.558899,5.226600,118.669701,5.017200,0,632320,196608,6438780928
13,35,2924,249.390500,0.090200,143.743103,5.141600,95.089798,4.961100,0,632320,196608,6438780928
13,36,6042,262.130500,0.069300,142.362793,4.247900,110.064400,5.014700,0,632320,196608,6438780928
13,37,4766,275.484200,0.052000,144.741394,4.570000,120.808701,4.951500,0,632320,196608,6438780928
13,38,279,252.780500,0.057600,143.128296,4.309500,99.927299,4.996000,0,632320,196608,6438780928
13,39,2038,250.328600,0.072700,142.145599,4.443400,98.271400,4.991800,0,632320,196608,6438780928
13,40,13,372.122400,0.074000,145.664001,5.200700,215.636307,5.057300,0,632320,196608,6438780928
13,41,576,275.088500,0.075700,148.196304,5.648000,115.703400,5.034500,0,632320,196608,6438780928
13,42,729,239.830200,0.094100,144.693497,5.375400,84.187897,5.002400,0,632320,196608,6438780928
13,43,1969,287.285100,0.071800,144.397797,5.551900,131.822006,5.004100,0,632320,196608,6438780928
13,44,387,243.504400,0.134600,148.768005,6.758900,82.387802,5.010100,0,632320,196608,6438780928
13,45,6941,274.356300,0.125000,149.195801,6.002100,113.598701,5.008800,0,632320,196608,6438780928
13,46,1565,308.686900,0.059300,146.314102,5.561200,151.255005,5.038100,0,632320,196608,6438780928
13,47,75326,377.857200,0.123600,147.445801,5.480600,219.445602,4.990600,0,632320,196608,6438780928
13,48,39345,254.854000,0.074800,143.759903,4.421300,101.223297,4.950100,0,632320,196608,6438780928
13,49,63,265.040000,0.067700,143.903900,3.972600,111.763496,4.980100,0,632320,196608,6438780928
13,50,323,330.469200,0.046100,143.957199,4.364200,176.679199,5.000800,0,632320,196608,6438780928
13,51,1896,270.693200,0.052900,145.445694,4.271900,115.521202,5.019600,0,632320,196608,6438780928
13,52,264,300.586900,0.069400,145.592407,5.254900,144.215302,5.063700,0,632320,196608,6438780928
13,53,3175,276.659800,0.077900,149.663406,5.864800,115.653000,5.003200,0,632320,196608,6438780928
13,54,5693,260.831600,0.078500,148.563095,6.072900,100.693001,4.995100,0,632320,196608,6438780928
13,55,1565,334.214500,0.071600,148.614105,5.987600,174.133194,4.999200,0,632320,196608,6438780928
13,56,77,366.263100,0.071300,149.611893,6.010800,204.914093,5.010400,0,632320,196608,6438780928
13,57,28587,376.233100,0.141100,149.218597,5.655800,215.759506,5.036700,0,632320,196608,6438780928
13,58,576,313.756400,0.076800,152.914703,6.331100,149.003296,5.020000,0,632320,196608,6438780928
13,59,729,293.287200,0.076800,151.802002,6.233900,129.765900,5.036700,0,632320,196608,6438780928
13,60,1969,249.546300,0.059300,144.953003,4.999000,94.202003,4.984200,0,632320,196608,6438780928
13,61,537,224.289100,0.062200,146.169800,4.333700,68.307800,4.995100,0,632320,196608,6438780928
13,62,990,254.041300,0.070900,146.817993,4.592800,97.169800,5.015800,0,632320,196608,6438780928
13,63,50262,275.675200,0.070900,144.546997,3.715500,122.003899,4.972700,0,632320,196608,6438780928
13,64,13,355.828200,0.052300,149.647507,4.357900,196.466202,4.950900,0,632320,196608,6438780928
13,65,576,302.220400,0.087100,151.718201,4.889700,140.185593,4.963800,0,632320,196608,6438780928
13,66,729,313.182600,0.075100,151.381393,6.165500,150.125900,4.991800,0,632320,196608,6438780928
13,67,1969,278.795000,0.141300,153.189804,5.946500,114.048599,5.073500,0,632320,196608,6438780928
13,68,537,234.383700,0.138500,151.510803,5.987400,71.377899,4.996600,0,632320,196608,6438780928
13,69,990,268.368100,0.103900,152.946701,5.799800,103.713997,5.412900,0,632320,196608,6438780928
13,70,894,248.958100,0.068400,154.023300,6.412200,82.944801,5.093200,0,632320,196608,6438780928
13,71,9250,280.788100,0.079400,152.749603,6.651000,115.873100,5.048000,0,632320,196608,6438780928
13,72,20186,291.145800,0.098000,155.012299,6.157100,124.320396,5.096000,0,632320,196608,6438780928
13,73,13,388.596400,0.116200,151.091293,5.370300,226.682297,4.945400,0,632320,196608,6438780928
13,74,576,294.104900,0.092200,151.294601,4.746600,132.601807,4.967400,0,632320,196608,6438780928
13,75,729,286.098700,0.060500,150.117004,4.544800,125.956100,5.018700,0,632320,196608,6438780928
13,76,1969,271.498700,0.066100,149.613205,4.512000,111.966400,4.972500,0,632320,196608,6438780928
13,77,537,240.425800,0.075100,150.240799,4.684400,80.040001,4.958800,0,632320,196608,6438780928
13,78,990,249.159000,0.091100,149.573807,4.336300,89.737198,4.973000,0,632320,196608,6438780928
13,79,894,234.734700,0.149700,151.434601,4.497000,73.256203,5.026200,0,632320,196608,6438780928
13,80,19057,321.948300,0.069000,153.376694,4.351200,158.815903,4.973400,0,632320,196608,6438780928
13,81,1459,253.008000,0.066000,154.322495,4.501000,88.746201,4.966200,0,632320,196608,6438780928
13,82,7525,282.259100,0.054900,154.491302,4.680200,117.568901,5.052000,0,632320,196608,6438780928
13,83,13,391.241600,0.080600,158.299805,6.366900,221.144104,4.969500,0,632320,196608,6438780928
13,84,576,316.191500,0.118800,151.853607,4.519900,154.309601,5.005700,0,632320,196608,6438780928
13,85,729,309.678100,0.075400,153.837997,4.840500,145.323196,5.006400,0,632320,196608,6438780928
13,86,1969,291.767300,0.087300,158.497604,6.032900,121.735397,4.965800,0,632320,196608,6438780928
13,87,537,258.968600,0.127700,155.753403,6.006200,91.717201,4.969400,0,632320,196608,6438780928
13,88,990,279.574500,0.061700,161.215500,7.242200,105.680099,4.994000,0,632320,196608,6438780928
13,89,894,252.354600,0.080700,153.522095,4.450300,88.906097,4.978800,0,632320,196608,6438780928
13,90,19057,317.561500,0.072600,151.963699,3.698700,156.416702,5.010200,0,632320,196608,6438780928
13,91,1459,243.779200,0.073600,150.859894,4.020200,83.389297,4.980700,0,632320,196608,6438780928
13,92,5109,266.361100,0.079100,154.201202,4.314500,102.337097,5.033500,0,632320,196608,6438780928
13,93,13,399.650200,0.052900,156.178406,5.390600,232.554001,5.041400,0,632320,196608,6438780928
13,94,576,336.648400,0.080600,157.439301,5.834400,167.900604,4.986200,0,632320,196608,6438780928
13,95,729,329.554400,0.062000,155.981903,5.404400,162.719894,4.968300,0,632320,196608,6438780928
13,96,1969,291.455200,0.062100,156.622101,5.041200,124.359901,4.980600,0,632320,196608,6438780928
13,97,537,260.025800,0.075200,158.203003,6.328200,89.965698,5.063400,0,632320,196608,6438780928
13,98,990,262.668800,0.081900,155.914902,4.664200,96.541000,5.067600,0,632320,196608,6438780928
13,99,894,273.747200,0.132100,158.972198,6.167500,103.083702,4.975400,0,632320,196608,6438780928
13,100,19057,324.966800,0.129600,152.181198,4.284300,163.039307,4.945500,0,632320,196608,6438780928
13,101,1459,248.258400,0.064600,155.195602,4.516100,83.112099,5.012600,0,632320,196608,6438780928
13,102,7332,268.765600,0.045500,154.795502,4.461000,104.139702,4.952700,0,632320,196608,6438780928
13,103,13,389.186900,0.058300,155.455002,4.999800,223.237396,4.981100,0,632320,196608,6438780928
13,104,576,339.649900,0.071700,153.067902,4.061700,177.084702,4.996200,0,632320,196608,6438780928
14,0,65354,408.166000,3.978300,133.445999,4.598100,260.749603,5.019600,0,632320,196608,6438780928
14,1,448,323.323300,0.066200,135.471802,4.172900,178.279602,4.968000,0,632320,196608,6438780928
14,2,1172,247.837900,0.052200,137.172195,5.013800,99.943398,4.973800,0,632320,196608,6438780928
14,3,264,271.415000,0.078700,137.660294,5.581500,122.683800,5.006000,0,632320,196608,6438780928
14,4,3175,253.217300,0.121100,138.980103,5.833600,102.888199,5.009800,0,632320,196608,6438780928
14,5,13027,279.326500,0.061900,135.492706,4.879000,133.522003,4.958100,0,632320,196608,6438780928
14,6,50494,250.744500,0.071800,134.302902,4.995100,105.977402,4.981700,0,632320,196608,6438780928
14,7,2038,230.477100,0.056500,138.432907,5.979300,80.459503,5.088600,0,632320,196608,6438780928
14,8,2504,241.622800,0.112800,137.489502,5.784200,92.779602,5.037100,0,632320,196608,6438780928
14,9,8482,263.836100,0.119400,139.961105,6.667200,111.489899,5.041100,0,632320,196608,6438780928
14,10,264,240.270200,0.114900,136.607193,5.870800,92.286400,4.965400,0,632320,196608,6438780928
14,11,5611,223.210200,0.108300,132.252304,3.841800,81.625298,4.994700,0,632320,196608,6438780928
14,12,536,205.783400,0.058800,135.459503,4.807800,60.098400,4.968400,0,632320,196608,6438780928
14,13,11537,235.729800,0.051100,133.864594,4.017400,92.349503,5.029500,0,632320,196608,6438780928
14,14,1667,223.581700,0.059100,135.302795,4.410800,78.434402,4.987100,0,632320,196608,6438780928
14,15,264,245.768500,0.069200,137.831207,5.405900,97.115700,4.959700,0,632320,196608,6438780928
14,16,1140,211.538700,0.048500,137.426300,4.087900,64.584503,4.977300,0,632320,196608,6438780928
14,17,13,351.036300,0.047800,137.310898,4.225500,204.102295,4.993600,0,632320,196608,6438780928
14,18,3155,277.819400,0.075200,137.258606,4.097300,131.009201,5.026900,0,632320,196608,6438780928
14,19,537,241.836500,0.068000,137.240295,4.458400,94.698799,5.015000,0,632320,196608,6438780928
14,20,2924,252.291700,0.063000,141.624802,5.887700,99.327698,4.959300,0,632320,196608,6438780928
14,21,894,252.887500,0.053800,139.641602,5.928900,101.838799,5.008100,0,632320,196608,6438780928
14,22,1467,278.236500,0.065900,142.496704,5.787100,124.517502,4.956100,0,632320,196608,6438780928
14,23,1573,257.888500,0.071600,137.595093,4.977300,109.903702,4.960600,0,632320,196608,6438780928
14,24,476,298.512400,0.071200,140.741104,5.252200,146.729797,5.292600,0,632320,196608,6438780928
14,25,1283,222.922700,0.091900,142.164597,6.253600,68.919502,5.023600,0,632320,196608,6438780928
14,26,279,260.680300,0.126100,142.374207,6.208900,106.514397,5.047300,0,632320,196608,6438780928
14,27,2038,275.447400,0.081500,143.623795,6.331400,119.761597,5.120800,0,632320,196608,6438780928
14,28,2504,245.248600,0.115800,137.140305,6.020600,96.656303,4.954100,0,632320,196608,6438780928
14,29,13,338.553300,0.055500,136.403107,3.792400,192.968994,4.982600,0,632320,196608,6438780928
14,30,3155,290.513300,0.054500,137.218201,3.963200,143.964706,4.966700,0,632320,196608,6438780928
14,31,537,253.671500,0.054600,136.291199,3.550800,108.435799,4.946700,0,632320,196608,6438780928
14,32,2924,245.123200,0.048000,141.854507,4.187300,93.738602,4.930700,0,632320,196608,6438780928
14,33,6042,258.526400,0.042600,143.511902,4.264500,105.259003,4.991000,0,632320,196608,6438780928
14,34,4766,281.775400,0.086100,146.334793,5.107500,124.847000,4.998900,0,632320,196608,6438780928
14,35,279,263.912600,0.077900,146.450195,5.268600,106.685600,5.003300,0,632320,196608,6438780928
14,36,2038,250.680300,0.083200,141.695999,4.673100,98.882301,4.964000,0,632320,196608,6438780928
14,37,13,375.257400,0.061900,145.560394,4.905500,219.139603,5.092300,0,632320,196608,6438780928
14,38,576,281.375600,0.077800,147.371307,5.856100,122.530800,5.026000,0,632320,196608,6438780928
14,39,5611,328.037000,0.078700,148.239105,5.668800,168.603897,5.043100,0,632320,196608,6438780928
14,40,536,259.362800,0.137700,149.089706,6.565500,98.150002,4.993400,0,632320,196608,6438780928
14,41,1969,257.055500,0.049900,141.161194,3.934900,106.552803,4.912700,0,632320,196608,6438780928
14,42,614,242.066900,0.173800,143.464203,4.096100,88.990196,4.963600,0,632320,196608,6438780928
14,43,279,264.477900,0.067100,143.585098,3.874100,111.530098,4.993300,0,632320,196608,6438780928
14,44,2701,246.773900,0.070200,142.706604,3.996000,94.628601,4.984200,0,632320,196608,6438780928
14,45,5413,234.924300,0.073100,144.847595,4.224000,80.384399,5.002800,0,632320,196608,6438780928
14,46,25,340.883900,0.067300,146.947800,4.908200,183.453995,5.062400,0,632320,196608,6438780928
14,47,1304,377.696700,0.076600,154.958496,6.662500,210.434494,5.040700,0,632320,196608,6438780928
14,48,2327,298.930500,0.070000,146.427704,4.278600,142.498505,4.986300,0,632320,196608,6438780928
14,49,10445,287.468100,0.111900,147.183502,4.708000,130.044601,4.992400,0,632320,196608,6438780928
14,50,4484,281.268200,0.061700,148.031601,5.167700,122.689400,4.949400,0,632320,196608,6438780928
14,51,11,257.517700,0.055300,147.284698,4.693100,100.133202,4.975300,0,632320,196608,6438780928
14,52,2420,250.833900,0.051700,149.762802,6.217000,89.269203,5.065300,0,632320,196608,6438780928
14,53,11,259.999300,0.119500,149.805893,6.521600,98.085999,5.029200,0,632320,196608,6438780928
14,54,32592,230.303500,0.070700,143.907394,4.225300,76.670502,5.047400,0,632320,196608,6438780928
14,55,11,216.215700,0.045300,144.768906,4.328600,61.691101,4.961300,0,632320,196608,6438780928
14,56,374,279.727900,0.065500,145.135406,4.251800,124.932602,4.972900,0,632320,196608,6438780928
14,57,15124,288.363000,0.064800,145.036804,4.294900,133.641205,4.966800,0,632320,196608,6438780928
14,58,11,297.519400,0.088900,144.970398,4.804600,142.318298,4.967400,0,632320,196608,6438780928
14,59,1379,251.904200,0.075900,150.084793,5.298100,91.050102,4.977200,0,632320,196608,6438780928
14,60,13,351.023000,0.078100,151.542801,5.384400,188.584595,5.025200,0,632320,196608,6438780928
14,61,576,284.256300,0.072200,148.436005,5.448500,124.919899,4.984000,0,632320,196608,6438780928
14,62,5611,314.749300,0.064000,147.133499,4.653200,157.530304,4.976500,0,632320,196608,6438780928
14,63,1265,289.929400,0.085300,150.000198,5.181300,129.179306,5.058300,0,632320,196608,6438780928
14,64,387,252.843100,0.072500,154.978500,6.068600,86.325600,5.002600,0,632320,196608,6438780928
14,65,11537,274.115600,0.084100,154.371597,5.831300,108.400703,4.995900,0,632320,196608,6438780928
14,66,1667,270.392200,0.066800,154.709396,6.210800,104.009003,5.008200,0,632320,196608,6438780928
14,67,264,268.273100,0.086000,149.257004,4.613500,108.946297,4.956300,0,632320,196608,6438780928
14,68,1140,254.412900,0.040600,148.067902,3.982300,96.810204,5.108500,0,632320,196608,6438780928
14,69,11,348.029400,0.066200,149.797104,4.368400,188.431900,4.968900,0,632320,196608,6438780928
14,70,323,258.584600,0.052200,149.457901,4.786500,98.962303,4.950000,0,632320,196608,6438780928
14,71,279,297.028600,0.120100,150.413406,4.443300,136.566605,5.022400,0,632320,196608,6438780928
14,72,1140,274.924600,0.066500,152.331497,5.386800,111.713898,5.022800,0,632320,196608,6438780928
14,73,1265,289.465400,0.070400,154.283707,5.627500,124.085701,5.001900,0,632320,196608,6438780928
14,74,387,242.992000,0.090200,152.857605,5.630900,78.988197,5.043600,0,632320,196608,6438780928
14,75,264,237.473100,0.076800,152.576096,5.086500,74.406097,4.946500,0,632320,196608,6438780928
14,76,869,284.247900,0.084600,153.870407,5.364100,119.484497,5.065500,0,632320,196608,6438780928
14,77,3890,251.748600,0.094500,153.925797,5.864600,86.196297,5.064500,0,632320,196608,6438780928
14,78,13,379.084400,0.105100,154.700302,5.906600,212.903107,5.029700,0,632320,196608,6438780928
14,79,576,301.542300,0.078400,152.702698,6.134900,137.231705,4.983100,0,632320,196608,6438780928
14,80,5611,291.481100,0.057700,152.077301,4.306300,129.641403,4.997600,0,632320,196608,6438780928
14,81,1265,272.250100,0.068000,151.997696,4.158400,110.592003,5.050600,0,632320,196608,6438780928
14,82,614,253.741600,0.067000,152.346603,4.598800,91.128403,5.034700,0,632320,196608,6438780928
14,83,264,238.491500,0.081300,151.731094,4.197700,77.066002,5.024500,0,632320,196608,6438780928
14,84,7192,295.294400,0.045900,152.837097,4.743300,132.035507,5.096800,0,632320,196608,6438780928
14,85,8654,275.380400,0.073100,154.692398,5.057100,110.177399,5.000500,0,632320,196608,6438780928
14,86,11,351.919000,0.084200,158.153305,5.233300,183.064896,4.995900,0,632320,196608,6438780928
14,87,323,265.024100,0.075700,152.348495,5.046700,102.112297,5.032900,0,632320,196608,6438780928
14,88,979,290.555000,0.058500,153.464493,4.726500,126.882301,5.054900,0,632320,196608,6438780928
14,89,279,280.794600,0.068000,157.184097,5.287700,112.881401,4.969300,0,632320,196608,6438780928
14,90,5611,311.421900,0.045300,156.560104,5.550800,143.701004,5.080800,0,632320,196608,6438780928
14,91,374,295.407100,0.100000,158.504105,5.824900,125.366600,5.070500,0,632320,196608,6438780928
14,92,2480,296.023200,0.125500,157.396103,6.004100,127.077103,5.034500,0,632320,196608,6438780928
14,93,11,297.036700,0.067600,151.233505,3.954200,136.477905,4.952500,0,632320,196608,6438780928
14,94,17461,270.627200,0.062500,152.123703,4.267800,108.738800,5.034800,0,632320,196608,6438780928
14,95,1265,259.859800,0.054200,152.014603,4.368800,98.043701,4.996400,0,632320,196608,6438780928
14,96,4828,225.739800,0.068600,155.838303,5.088100,59.305801,5.052800,0,632320,196608,6438780928
14,97,458,298.232400,0.078300,155.233002,5.250600,132.103104,5.044700,0,632320,196608,6438780928
14,98,4683,260.509800,0.082600,159.284897,5.658500,90.066803,5.012600,0,632320,196608,6438780928
14,99,13,384.899000,0.074600,156.160599,5.512000,217.726700,4.988000,0,632320,196608,6438780928
14,100,576,283.608800,0.078600,156.503494,5.250900,116.393898,4.996900,0,632320,196608,6438780928
14,101,4683,281.054200,0.089700,156.734406,5.686700,113.087097,5.037500,0,632320,196608,6438780928
15,0,65354,444.161700,3.916800,137.490402,5.470700,291.887909,5.023200,0,632320,196608,6438780928
15,1,448,324.439700,0.073000,133.542603,4.268000,181.158401,5.002400,0,632320,196608,6438780928
15,2,1172,245.246400,0.077100,133.837006,4.520000,101.416199,5.019300,0,632320,196608,6438780928
15,3,264,258.087300,0.056700,133.985794,4.097900,114.551598,5.011400,0,632320,196608,6438780928
15,4,3175,247.682900,0.106400,134.949493,4.389100,102.864304,5.003600,0,632320,196608,6438780928
15,5,13027,278.263400,0.074500,134.506699,5.062200,133.110306,5.036700,0,632320,196608,6438780928
15,6,50494,256.733800,0.079400,134.156097,4.745900,112.376602,5.021200,0,632320,196608,6438780928
15,7,2038,215.544400,0.043700,132.240402,3.989300,73.929604,4.984900,0,632320,196608,6438780928
15,8,2504,230.571900,0.057800,133.650101,3.913400,87.519302,5.006400,0,632320,196608,6438780928
15,9,8482,242.869000,0.075000,135.071304,5.234700,97.025002,5.073600,0,632320,196608,6438780928
15,10,264,230.348000,0.067400,134.498306,4.169000,86.234703,4.988600,0,632320,196608,6438780928
15,11,729,194.951500,0.075000,133.264496,4.177600,52.028099,5.060000,0,632320,196608,6438780928
15,12,429,235.679100,0.056300,135.494400,4.532500,90.243896,4.969700,0,632320,196608,6438780928
15,13,26674,231.191200,0.079100,135.876694,4.574800,85.260597,4.998700,0,632320,196608,6438780928
15,14,57221,347.011600,0.052700,137.925201,5.232200,198.276306,5.109600,0,632320,196608,6438780928
15,15,1156,261.826200,0.111400,135.569702,4.838900,115.861198,5.056300,0,632320,196608,6438780928
15,16,2711,235.048600,0.072600,139.772903,5.387900,84.457802,4.973200,0,632320,196608,6438780928
15,17,389,307.114600,0.095000,140.587799,5.066100,155.921494,5.046300,0,632320,196608,6438780928
15,18,264,259.169300,0.080600,142.164093,5.673700,105.835503,4.998700,0,632320,196608,6438780928
15,19,4771,256.939900,0.085800,140.350601,5.799100,105.228203,5.078200,0,632320,196608,6438780928
15,20,2661,241.124700,0.071100,140.688797,5.773900,89.122902,4.992900,0,632320,196608,6438780928
15,21,438,210.049400,0.090000,134.814194,3.905900,65.919601,4.956200,0,632320,196608,6438780928
15,22,458,225.559900,0.037100,136.388504,4.006100,79.742699,5.006200,0,632320,196608,6438780928
15,23,73849,280.064700,0.074500,137.784805,4.141700,132.768402,4.941400,0,632320,196608,6438780928
15,24,1140,234.844000,0.047200,138.020401,4.041600,87.357101,5.007900,0,632320,196608,6438780928
15,25,13,357.682400,0.078700,140.358704,4.026000,207.910095,4.945800,0,632320,196608,6438780928
15,26,3155,279.110900,0.050900,141.038193,4.565200,127.888000,5.091400,0,632320,196608,6438780928
15,27,537,243.949600,0.085500,140.979095,5.145100,92.279503,5.009300,0,632320,196608,6438780928
15,28,2924,227.295100,0.061400,137.651306,4.342400,79.896004,4.938300,0,632320,196608,6438780928
15,29,894,245.460900,0.071500,139.058701,4.860600,96.109398,4.980100,0,632320,196608,6438780928
15,30,1467,269.547300,0.069200,139.295807,4.510600,120.281601,4.980500,0,632320,196608,6438780928
15,31,1573,254.712400,0.081000,138.153000,4.973000,105.939102,4.991800,0,632320,196608,6438780928
15,32,476,298.811900,0.082000,146.016907,4.933200,142.327896,5.011100,0,632320,196608,6438780928
15,33,1283,227.624600,0.075900,147.362396,5.609800,68.950897,5.059500,0,632320,196608,6438780928
15,34,279,237.946900,0.110300,145.343994,5.307000,81.815201,4.953200,0,632320,196608,6438780928
15,35,2038,250.628400,0.046800,140.958603,3.882100,100.401299,4.969100,0,632320,196608,6438780928
15,36,2504,240.381700,0.041300,142.994797,4.122000,87.767998,4.959800,0,632320,196608,6438780928
15,37,13,349.745900,0.058800,144.007797,3.789100,196.541901,4.987600,0,632320,196608,6438780928
15,38,3155,303.182800,0.070600,142.633606,3.900300,151.153503,4.986800,0,632320,196608,6438780928
15,39,537,257.376600,0.123900,145.638901,4.631800,101.544502,5.066000,0,632320,196608,6438780928
15,40,2924,237.451100,0.070900,141.852402,4.313500,85.906097,4.949100,0,632320,196608,6438780928
15,41,6042,281.403900,0.066100,146.105103,5.221400,124.563797,5.016800,0,632320,196608,6438780928
15,42,4766,281.008700,0.079900,144.671600,4.668000,126.234596,4.991000,0,632320,196608,6438780928
15,43,279,276.431500,0.058900,145.674606,5.225800,120.080200,4.999800,0,632320,196608,6438780928
15,44,2038,262.224700,0.076700,146.619904,5.210000,104.940399,4.983800,0,632320,196608,6438780928
15,45,13,383.144700,0.080500,146.878693,5.035900,225.503098,5.100500,0,632320,196608,6438780928
15,46,576,285.113800,0.100300,147.309998,5.893700,126.426697,4.985600,0,632320,196608,6438780928
15,47,729,224.574000,0.054000,140.742798,4.273600,74.214699,4.939400,0,632320,196608,6438780928
15,48,1265,245.302900,0.048400,144.453201,3.726500,91.710098,5.014200,0,632320,196608,6438780928
15,49,1896,256.393000,0.060800,146.290207,4.258300,100.450897,4.957000,0,632320,196608,6438780928
15,50,1378,280.885300,0.041200,145.974792,4.081300,125.408401,4.981400,0,632320,196608,6438780928
15,51,5977,245.737100,0.064200,146.400894,4.061400,89.850700,4.978700,0,632320,196608,6438780928
15,52,25,321.892900,0.089600,146.287598,4.491600,165.581894,5.006000,0,632320,196608,6438780928
15,53,279,289.987900,0.090700,148.542206,5.083900,130.913803,4.965100,0,632320,196608,6438780928
15,54,4771,281.247500,0.049000,147.433899,4.851400,123.526001,4.977300,0,632320,196608,6438780928
15,55,323,268.889100,0.050300,147.093704,4.721400,111.616302,4.998500,0,632320,196608,6438780928
15,56,279,241.080200,0.076500,149.417099,5.577900,80.581100,4.992600,0,632320,196608,6438780928
15,57,1191,296.777400,0.086500,150.500900,5.379300,135.408707,4.999500,0,632320,196608,6438780928
15,58,2436,274.473100,0.076100,151.773697,5.673200,111.416702,5.018300,0,632320,196608,6438780928
15,59,13,377.067300,0.078100,149.958099,5.505000,216.168396,4.982800,0,632320,196608,6438780928
15,60,576,296.978600,0.047700,145.782806,4.031600,141.764008,4.970200,0,632320,196608,6438780928
15,61,729,261.517500,0.056200,145.647507,3.792600,106.585701,5.003000,0,632320,196608,6438780928
15,62,1265,247.150300,0.089500,146.976303,4.267400,90.495399,4.967100,0,632320,196608,6438780928
15,63,470,245.256000,0.075700,145.644608,4.272700,89.860497,4.972900,0,632320,196608,6438780928
15,64,279,254.347500,0.069700,150.669006,4.700000,93.419899,5.091800,0,632320,196608,6438780928
15,65,1973,319.376600,0.068500,154.037796,5.196500,154.636993,5.050600,0,632320,196608,6438780928
15,66,315,278.514700,0.078000,152.540100,5.215600,115.264099,5.029600,0,632320,196608,6438780928
15,67,11994,288.183900,0.075800,151.413300,4.719300,126.376701,5.085400,0,632320,196608,6438780928
15,68,7798,275.064900,0.084100,153.043198,4.802700,111.695999,4.988700,0,632320,196608,6438780928
15,69,382,406.688700,0.056500,155.138504,5.385400,240.669693,5.035700,0,632320,196608,6438780928
15,70,73594,366.278000,0.071900,155.907806,5.946500,198.914795,5.046600,0,632320,196608,6438780928
15,71,12669,339.269700,0.067200,151.298706,5.010600,177.524307,4.997900,0,632320,196608,6438780928
15,72,198,262.801100,0.059900,150.093994,4.000600,103.260498,5.000600,0,632320,196608,6438780928
15,73,750,262.598100,0.078700,150.488495,4.152700,102.478302,5.005300,0,632320,196608,6438780928
15,74,66564,354.055000,0.071900,151.913193,4.264200,192.469803,4.955500,0,632320,196608,6438780928
15,75,24312,298.322700,0.045200,149.309692,3.767000,139.792801,5.045400,0,632320,196608,6438780928
15,76,11,307.081200,0.059200,150.058502,4.247100,147.362106,4.991400,0,632320,196608,6438780928
15,77,1191,276.170000,0.064400,156.198898,5.663400,108.687202,5.067100,0,632320,196608,6438780928
15,78,982,357.207500,0.074600,156.448700,5.762500,189.507401,4.998300,0,632320,196608,6438780928
15,79,262,293.257000,0.077100,152.802002,4.746200,130.186401,4.987700,0,632320,196608,6438780928
15,80,11994,352.138800,0.075600,155.385696,5.761100,185.477997,4.987800,0,632320,196608,6438780928
15,81,284,301.838500,0.094900,154.694107,5.082100,136.566803,5.001100,0,632320,196608,6438780928
15,82,4167,335.728600,0.075300,159.531693,6.113200,164.415207,5.094900,0,632320,196608,6438780928
15,83,262,303.113900,0.106900,154.569397,4.829900,138.075806,5.119100,0,632320,196608,6438780928
15,84,7177,317.279500,0.063200,151.024994,3.692100,157.170197,4.959900,0,632320,196608,6438780928
15,85,284,273.963000,0.045300,150.459900,4.003500,114.108002,4.974700,0,632320,196608,6438780928
15,86,508,296.954000,0.066600,150.880707,4.022800,136.616501,5.011300,0,632320,196608,6438780928
15,87,2468,328.871400,0.066500,154.834595,4.640100,163.753601,4.996300,0,632320,196608,6438780928
15,88,921,324.021700,0.094500,157.125305,5.327900,155.987106,5.029300,0,632320,196608,6438780928
15,89,262,332.527000,0.070800,155.340607,4.517800,167.215607,5.017800,0,632320,196608,6438780928
15,90,1393,301.111600,0.064400,153.935196,4.996000,136.742905,4.980100,0,632320,196608,6438780928
15,91,7177,363.447700,0.050900,156.693405,5.269000,196.009796,5.032000,0,632320,196608,6438780928
15,92,510,346.284500,0.056200,156.210205,5.219100,179.243195,5.084400,0,632320,196608,6438780928
15,93,286,328.018600,0.086900,158.303696,6.088500,158.020706,5.026500,0,632320,196608,6438780928
15,94,2436,341.399600,0.154700,150.437805,4.043900,181.418106,4.959700,0,632320,196608,6438780928
15,95,284,364.502800,0.057100,152.217194,4.131500,202.733093,5.003300,0,632320,196608,6438780928
15,96,7177,367.476100,0.067100,154.401993,3.995600,203.705002,4.948200,0,632320,196608,6438780928
15,97,8288,291.140900,0.068500,154.759796,3.994800,126.975700,4.969100,0,632320,196608,6438780928
15,98,7,380.591300,0.072800,157.175797,5.387400,212.546295,4.991500,0,632320,196608,6438780928
15,99,15,396.833600,0.083000,158.809799,5.279000,227.233704,4.996900,0,632320,196608,6438780928
15,100,340,370.773600,0.075600,157.591995,5.912900,201.595398,5.025600,0,632320,196608,6438780928
15,101,286,328.950100,0.088800,157.973206,6.465700,159.029694,4.988500,0,632320,196608,6438780928
15,102,421,311.470000,0.067900,159.852493,6.214400,139.882004,5.023700,0,632320,196608,6438780928
15,103,2436,366.928800,0.100400,160.206894,6.321700,194.788498,5.053300,0,632320,196608,6438780928
15,104,537,346.644200,0.085800,156.219299,5.163300,179.788406,4.995300,0,632320,196608,6438780928
15,105,304,320.511000,0.070100,150.561493,4.022000,160.540497,4.951600,0,632320,196608,6438780928
15,106,11994,318.203700,0.070100,151.964600,4.033700,156.819397,4.972300,0,632320,196608,6438780928
15,107,510,327.802800,0.069800,153.964996,4.530800,163.821503,5.005300,0,632320,196608,6438780928
15,108,310,314.326800,0.098100,154.830002,4.728200,149.060593,5.002500,0,632320,196608,6438780928
15,109,11994,338.465700,0.076100,152.567902,4.112900,176.316498,4.984600,0,632320,196608,6438780928
16,0,65354,407.498600,3.961200,134.623703,4.554900,258.967010,4.976400,0,632320,196608,6438780928
16,1,448,332.164700,0.076100,133.387802,4.147000,189.208496,4.965000,0,632320,196608,6438780928
16,2,1172,272.419700,0.074000,135.801697,5.111500,126.062698,4.966200,0,632320,196608,6438780928
16,3,264,267.406800,0.069200,136.091995,5.125500,120.730103,5.011300,0,632320,196608,6438780928
16,4,3175,247.810500,0.069800,137.517395,5.528700,99.269302,4.999400,0,632320,196608,6438780928
16,5,13027,280.662100,0.079300,135.617401,5.117900,134.350098,5.026100,0,632320,196608,6438780928
16,6,50494,259.529100,0.140500,136.790894,5.071600,112.115097,4.991700,0,632320,196608,6438780928
16,7,2038,228.619100,0.100700,136.698303,5.717300,80.733002,4.983400,0,632320,196608,6438780928
16,8,2504,243.648600,0.087300,138.160095,6.100400,93.928902,4.983400,0,632320,196608,6438780928
16,9,8482,248.392600,0.104600,137.522202,5.770700,99.547401,5.047700,0,632320,196608,6438780928
16,10,264,243.437000,0.079700,138.992706,6.041100,92.896103,4.998400,0,632320,196608,6438780928
16,11,4285,235.791200,0.075700,135.249496,5.313700,89.810600,4.992300,0,632320,196608,6438780928
16,12,444,313.796500,0.062600,133.209595,4.318100,170.874802,4.951100,0,632320,196608,6438780928
16,13,36003,292.567300,0.048900,132.785294,4.218100,150.091095,4.966900,0,632320,196608,6438780928
16,14,6500,226.553100,0.077400,133.820206,3.908800,83.338203,5.013400,0,632320,196608,6438780928
16,15,536,217.485200,0.082300,132.996506,4.533800,74.400101,5.036200,0,632320,196608,6438780928
16,16,448,272.160700,0.080100,138.397903,5.033800,123.200104,4.991000,0,632320,196608,6438780928
16,17,633,277.248700,0.072700,139.563095,5.556500,126.514900,5.077400,0,632320,196608,6438780928
16,18,323,280.104500,0.104200,140.748505,5.571700,128.262299,4.999800,0,632320,196608,6438780928
16,19,2182,245.813500,0.075400,137.131897,4.668400,98.560699,4.980900,0,632320,196608,6438780928
16,20,5413,242.562100,0.059500,138.845093,5.305800,92.832603,5.061200,0,632320,196608,6438780928
16,21,13,376.915200,0.074600,142.148804,5.393100,223.812302,5.100800,0,632320,196608,6438780928
16,22,3155,277.241300,0.101500,140.209305,5.756800,125.782700,4.993100,0,632320,196608,6438780928
16,23,537,253.248200,0.080300,141.554596,5.950700,100.207397,5.028400,0,632320,196608,6438780928
16,24,2924,242.955100,0.054600,140.066406,5.359600,91.935898,5.070700,0,632320,196608,6438780928
16,25,894,237.291700,0.094500,135.911194,4.089000,91.819099,4.986900,0,632320,196608,6438780928
16,26,1467,265.567700,0.060600,138.451401,4.688300,116.988899,4.999100,0,632320,196608,6438780928
16,27,1573,248.494800,0.073700,139.301498,4.704600,98.930496,5.021500,0,632320,196608,6438780928
16,28,476,274.909300,0.076900,137.621307,4.355900,127.313698,4.998400,0,632320,196608,6438780928
16,29,1283,217.684100,0.087800,137.748901,4.411200,70.035797,4.996700,0,632320,196608,6438780928
16,30,279,250.158300,0.069000,139.077194,5.005900,100.666100,4.966800,0,632320,196608,6438780928
16,31,2038,269.621200,0.071100,140.946503,5.819900,117.406403,4.987600,0,632320,196608,6438780928
16,32,2504,254.627400,0.071600,144.402695,5.738600,98.923302,5.019500,0,632320,196608,6438780928
16,33,13,356.022500,0.079700,142.002304,4.460700,204.174698,4.958100,0,632320,196608,6438780928
16,34,3155,308.308400,0.041100,144.304092,4.972900,153.585602,4.996100,0,632320,196608,6438780928
16,35,537,284.426700,0.099300,146.157700,5.178100,127.528702,5.024400,0,632320,196608,6438780928
16,36,2924,267.237800,0.195300,147.036606,6.203000,108.258003,5.098100,0,632320,196608,6438780928
16,37,6042,289.263500,0.080200,146.077698,5.782000,131.877808,5.020300,0,632320,196608,6438780928
16,38,4766,265.654900,0.079700,140.794403,4.073300,115.222504,5.090100,0,632320,196608,6438780928
16,39,279,261.721700,0.079000,142.189407,3.923800,110.197098,4.959300,0,632320,196608,6438780928
16,40,2038,246.299500,0.064900,142.533096,4.098600,94.167900,5.022800,0,632320,196608,6438780928
16,41,13,358.466900,0.080600,142.894897,3.827400,206.255905,5.016900,0,632320,196608,6438780928
16,42,576,262.509800,0.068700,144.265106,4.464700,108.293999,5.033000,0,632320,196608,6438780928
16,43,444,340.115700,0.074900,146.393707,5.231200,183.028503,4.977800,0,632320,196608,6438780928
16,44,36003,326.702400,0.062900,145.405502,5.598800,170.256897,5.009200,0,632320,196608,6438780928
16,45,6500,248.700700,0.073000,144.902206,4.818500,93.547997,4.976700,0,632320,196608,6438780928
16,46,1265,278.578000,0.068200,144.909805,4.955600,123.302803,4.964800,0,632320,196608,6438780928
16,47,614,251.914800,0.089400,145.483002,5.444400,95.489502,5.028700,0,632320,196608,6438780928
16,48,264,261.226900,0.062100,150.464294,5.811600,99.445702,5.039200,0,632320,196608,6438780928
16,49,7192,303.308400,0.119300,152.470398,5.637200,139.483505,5.085700,0,632320,196608,6438780928
16,50,1379,258.496300,0.131500,149.399307,5.412700,98.163696,5.004800,0,632320,196608,6438780928
16,51,315,259.115900,0.067100,142.692596,3.691600,107.268700,5.002100,0,632320,196608,6438780928
16,52,220,296.498800,0.049500,145.897995,3.695200,141.498199,4.988700,0,632320,196608,6438780928
16,53,16,261.837800,0.048100,146.396500,3.917100,106.046799,5.052100,0,632320,196608,6438780928
16,54,15,290.012100,0.073800,145.198593,3.905100,135.412994,4.996100,0,632320,196608,6438780928
16,55,15,226.143100,0.085200,145.969101,4.368600,70.302399,5.022800,0,632320,196608,6438780928
16,56,11,337.648600,0.055200,150.218506,4.776500,177.240402,4.954300,0,632320,196608,6438780928
16,57,323,254.498900,0.077900,150.036301,4.686300,94.274696,5.001500,0,632320,196608,6438780928
16,58,279,270.133800,0.075600,147.191803,4.649700,112.806801,5.005100,0,632320,196608,6438780928
16,59,633,340.882400,0.083300,146.663101,4.652400,184.072205,5.015700,0,632320,196608,6438780928
16,60,1714,265.833300,0.071500,148.884293,5.274700,106.079697,5.069400,0,632320,196608,6438780928
16,61,1265,253.560800,0.080500,148.737305,4.900700,94.470200,4.991200,0,632320,196608,6438780928
16,62,470,264.240500,0.090400,152.784897,5.907600,99.961800,5.007500,0,632320,196608,6438780928
16,63,481,334.872100,0.130500,146.714600,4.599600,178.121597,4.957800,0,632320,196608,6438780928
16,64,16,303.905700,0.048300,149.174698,4.197700,145.110001,5.013600,0,632320,196608,6438780928
16,65,421,278.222600,0.044700,150.024902,3.960500,118.787003,5.021200,0,632320,196608,6438780928
16,66,279,291.481700,0.070100,149.360703,3.743100,132.966705,4.970400,0,632320,196608,6438780928
16,67,1376,278.837900,0.075500,152.082596,4.622400,116.623001,5.066600,0,632320,196608,6438780928
16,68,374,281.248600,0.067000,152.480606,5.185300,118.051598,5.066200,0,632320,196608,6438780928
16,69,537,243.325300,0.076300,151.258499,4.889900,81.764503,4.963100,0,632320,196608,6438780928
16,70,3042,255.928300,0.056300,149.047104,4.192700,97.244904,5.028900,0,632320,196608,6438780928
16,71,13,363.032900,0.071200,150.533005,4.433500,202.608002,5.005800,0,632320,196608,6438780928
16,72,576,303.222100,0.072900,153.423904,5.145300,139.098602,4.992600,0,632320,196608,6438780928
16,73,2182,369.359500,0.085300,154.731903,5.573100,203.522598,5.063100,0,632320,196608,6438780928
16,74,1714,303.717100,0.076800,154.945908,5.765500,137.518097,5.002900,0,632320,196608,6438780928
16,75,1265,268.122600,0.083600,151.394501,5.011700,106.340797,4.916700,0,632320,196608,6438780928
16,76,912,255.069700,0.041800,148.987900,3.630600,97.087303,4.952800,0,632320,196608,6438780928
16,77,476,259.944600,0.078500,150.542206,4.134400,99.834602,4.974900,0,632320,196608,6438780928
16,78,2647,239.912300,0.060600,150.992004,4.474000,78.979797,4.985300,0,632320,196608,6438780928
16,79,279,267.373500,0.158800,149.316193,3.744000,108.696503,5.066400,0,632320,196608,6438780928
16,80,897,263.342200,0.059500,153.719696,4.325100,99.820999,5.033400,0,632320,196608,6438780928
16,81,11,322.508600,0.070600,156.590805,5.252600,154.982498,5.070100,0,632320,196608,6438780928
16,82,323,283.088600,0.123600,151.975403,4.627300,120.972198,5.015200,0,632320,196608,6438780928
16,83,421,287.391000,0.045200,153.729294,4.779000,123.417900,4.978600,0,632320,196608,6438780928
16,84,279,306.710000,0.069400,156.341904,5.399900,139.482895,4.978200,0,632320,196608,6438780928
16,85,6500,285.917800,0.080200,156.491592,5.052800,118.861702,5.030600,0,632320,196608,6438780928
16,86,374,295.982800,0.068500,156.820496,5.769500,127.790497,5.079000,0,632320,196608,6438780928
16,87,2480,304.680700,0.091900,157.124496,5.625300,136.490494,4.984500,0,632320,196608,6438780928
16,88,11,300.310200,0.067700,151.344299,3.914900,139.690308,4.938800,0,632320,196608,6438780928
16,89,432,285.738100,0.072200,152.904404,4.029000,123.369102,5.012700,0,632320,196608,6438780928
16,90,1265,241.029400,0.066000,152.679703,4.234300,78.687698,4.992300,0,632320,196608,6438780928
16,91,4057,282.000200,0.044000,152.546097,4.009600,120.113998,4.940700,0,632320,196608,6438780928
16,92,279,267.439200,0.050100,152.135498,3.946900,105.901604,5.003400,0,632320,196608,6438780928
16,93,3245,336.840100,0.073900,158.740097,5.554600,166.977905,5.093100,0,632320,196608,6438780928
16,94,5926,271.992000,0.073200,154.772400,4.988700,106.733902,5.052300,0,632320,196608,6438780928
16,95,1483,248.657600,0.055100,151.275604,4.448100,87.491898,5.009300,0,632320,196608,6438780928
16,96,1509,271.698000,0.040700,157.486603,4.646700,104.147202,5.005200,0,632320,196608,6438780928
16,97,13,397.519700,0.073900,157.723404,5.401100,228.921494,4.978000,0,632320,196608,6438780928
16,98,576,319.199100,0.061700,160.792694,7.155200,145.638504,5.066300,0,632320,196608,6438780928
16,99,536,295.505800,0.121200,158.916199,6.321900,124.712196,5.011200,0,632320,196608,6438780928
16,100,1265,259.377200,0.046400,151.150604,4.089800,98.651604,5.016900,0,632320,196608,6438780928
16,101,387,237.423800,0.082500,153.875397,4.045500,74.029503,5.012800,0,632320,196608,6438780928
16,102,6941,278.496300,0.066800,154.700394,4.259600,114.132401,4.981300,0,632320,196608,6438780928
16,103,44550,391.038200,0.049200,155.842804,3.997700,225.806503,4.972100,0,632320,196608,6438780928
16,104,5459,283.814400,0.050900,151.768707,3.975500,122.659302,5.002100,0,632320,196608,6438780928
16,105,1777,262.357600,0.069500,151.137299,4.021600,101.757698,5.015100,0,632320,196608,6438780928
17,0,65354,402.912200,3.908500,133.564697,3.682000,256.283203,5.115500,0,632320,196608,6438780928
17,1,448,317.639800,0.090600,135.537201,4.288300,172.403397,4.951600,0,632320,196608,6438780928
17,2,1172,240.976900,0.053200,134.760696,4.280900,96.499702,5.013200,0,632320,196608,6438780928
17,3,264,261.915500,0.050400,137.127304,4.384900,114.940804,5.013200,0,632320,196608,6438780928
17,4,3175,253.960900,0.067100,135.933105,4.693500,107.894302,4.971800,0,632320,196608,6438780928
17,5,13027,280.489500,0.065300,135.720596,4.499100,134.821701,4.974300,0,632320,196608,6438780928
17,6,50494,256.655000,0.082000,136.193695,4.850300,110.083801,5.021900,0,632320,196608,6438780928
17,7,2038,223.952100,0.053200,135.679306,4.658000,78.131203,5.029300,0,632320,196608,6438780928
17,8,2504,235.663400,0.071000,135.921097,5.115900,89.055000,5.089600,0,632320,196608,6438780928
17,9,8482,253.776400,0.076700,138.548996,5.161000,104.502899,5.043100,0,632320,196608,6438780928
17,10,264,248.498500,0.064500,138.550598,6.199600,98.137497,5.051600,0,632320,196608,6438780928
17,11,729,197.684000,0.082500,134.598495,4.883200,52.738701,5.017000,0,632320,196608,6438780928
17,12,429,227.279800,0.067100,130.625305,3.651800,87.607803,4.955000,0,632320,196608,6438780928
17,13,26674,230.375500,0.054700,135.464401,4.616100,84.880096,4.967200,0,632320,196608,6438780928
17,14,7868,292.803700,0.067100,134.709305,3.962700,148.642395,5.001900,0,632320,196608,6438780928
17,15,2711,250.440100,0.064700,133.269104,3.840700,107.823402,5.054500,0,632320,196608,6438780928
17,16,389,262.387200,0.081700,136.594299,4.313700,116.020203,4.997200,0,632320,196608,6438780928
17,17,264,244.378400,0.073000,139.792007,4.846600,94.194099,5.080400,0,632320,196608,6438780928
17,18,10615,257.585500,0.078400,139.421005,5.007900,107.615303,4.995200,0,632320,196608,6438780928
17,19,1140,223.343700,0.087200,137.353897,4.391400,76.084198,5.026100,0,632320,196608,6438780928
17,20,13,375.901000,0.070900,138.170303,4.296600,227.870697,5.095100,0,632320,196608,6438780928
17,21,3155,283.500600,0.077400,140.435501,4.924600,132.676498,5.007300,0,632320,196608,6438780928
17,22,537,245.548200,0.081700,139.636597,4.916500,95.498802,4.989100,0,632320,196608,6438780928
17,23,2924,238.499100,0.073600,141.059799,4.946500,86.906799,5.034100,0,632320,196608,6438780928
17,24,894,254.856200,0.086100,141.643097,5.595500,102.122200,5.011100,0,632320,196608,6438780928
17,25,1467,255.923700,0.079200,136.691101,4.449100,109.338097,5.022200,0,632320,196608,6438780928
17,26,1573,246.274100,0.040400,136.202896,3.926700,100.690102,5.028100,0,632320,196608,6438780928
17,27,476,277.813700,0.091600,137.380295,4.507900,130.474594,4.981100,0,632320,196608,6438780928
17,28,1283,210.653400,0.229200,137.414993,4.519700,63.078098,5.026300,0,632320,196608,6438780928
17,29,279,232.776800,0.072800,138.713501,4.744100,83.893303,4.967800,0,632320,196608,6438780928
17,30,2038,256.887000,0.123700,137.821304,4.477200,108.972504,5.107900,0,632320,196608,6438780928
17,31,2504,251.473300,0.082100,139.112900,5.219900,101.640602,5.037900,0,632320,196608,6438780928
17,32,13,370.042300,0.088900,145.406693,5.333600,213.740601,5.022000,0,632320,196608,6438780928
17,33,3155,324.257900,0.073600,143.495193,4.780100,170.419907,5.094300,0,632320,196608,6438780928
17,34,537,265.912300,0.052800,144.537903,5.536400,110.403900,4.975000,0,632320,196608,6438780928
17,35,2924,248.549600,0.055500,145.856003,5.445700,91.678703,5.080600,0,632320,196608,6438780928
17,36,6042,272.756000,0.142500,145.070206,5.197000,116.893898,5.012500,0,632320,196608,6438780928
17,37,4766,272.475400,0.090600,141.227493,4.252800,121.497002,5.024400,0,632320,196608,6438780928
17,38,279,261.693700,0.062600,147.253906,5.762000,103.231499,4.954700,0,632320,196608,6438780928
17,39,2038,245.212300,0.087500,139.998505,3.661900,96.126297,4.978900,0,632320,196608,6438780928
17,40,13,351.865700,0.061000,143.914902,4.498000,198.008499,4.984900,0,632320,196608,6438780928
17,41,576,266.270600,0.077800,143.050797,4.463900,113.358498,4.955600,0,632320,196608,6438780928
17,42,729,226.236900,0.064100,141.604004,4.606700,74.568703,5.028700,0,632320,196608,6438780928
17,43,1265,245.682200,0.074700,143.115494,4.238100,92.898399,4.965700,0,632320,196608,6438780928
17,44,1896,261.283300,0.078600,145.607193,5.379400,104.806198,5.016300,0,632320,196608,6438780928
17,45,1378,305.683000,0.088700,147.333298,5.588500,147.278595,4.969500,0,632320,196608,6438780928
17,46,5977,247.619400,0.109600,144.022293,5.255100,92.768997,5.090800,0,632320,196608,6438780928
17,47,25,319.239700,0.075700,143.965195,4.864400,164.877106,5.053500,0,632320,196608,6438780928
17,48,264,292.354400,0.083300,148.155701,5.569800,133.121796,5.032500,0,632320,196608,6438780928
17,49,10615,295.097900,0.084300,148.712494,5.509600,135.399307,4.979500,0,632320,196608,6438780928
17,50,1140,258.814000,0.097100,149.763702,6.006200,97.517502,4.975300,0,632320,196608,6438780928
17,51,323,268.341000,0.078100,147.577194,5.195400,110.116997,4.962700,0,632320,196608,6438780928
17,52,264,239.783800,0.068600,144.206100,4.376600,85.709099,5.056500,0,632320,196608,6438780928
17,53,2169,231.607300,0.043000,144.243195,4.321900,77.578598,5.000100,0,632320,196608,6438780928
17,54,897,242.966500,0.080100,144.834106,4.716900,87.934303,5.005500,0,632320,196608,6438780928
17,55,13,364.445700,0.065600,146.890106,4.416300,207.675400,5.023200,0,632320,196608,6438780928
17,56,576,297.060500,0.053400,146.116394,4.388300,141.136795,4.986100,0,632320,196608,6438780928
17,57,729,266.106100,0.076700,148.643799,5.326400,106.704399,4.973300,0,632320,196608,6438780928
17,58,1265,250.132100,0.088600,148.349396,5.436600,90.731499,5.001200,0,632320,196608,6438780928
17,59,470,257.783600,0.092200,148.403000,5.878300,98.009102,4.992900,0,632320,196608,6438780928
17,60,279,267.070900,0.096400,147.066696,4.531900,109.889999,5.080500,0,632320,196608,6438780928
17,61,1922,280.747700,0.081300,148.545303,5.364100,121.222000,5.046600,0,632320,196608,6438780928
17,62,315,276.077400,0.074500,149.526199,5.275500,115.788002,5.000700,0,632320,196608,6438780928
17,63,279,286.255100,0.071000,151.564102,5.630600,123.549400,5.042800,0,632320,196608,6438780928
17,64,2169,282.161900,0.076500,153.316895,5.438900,117.892403,5.021900,0,632320,196608,6438780928
17,65,304,254.644500,0.074100,148.303406,4.085500,96.776299,5.045300,0,632320,196608,6438780928
17,66,279,255.791200,0.069900,148.407700,4.105300,97.807198,4.996300,0,632320,196608,6438780928
17,67,1140,254.476800,0.079900,150.711807,4.578300,93.733299,5.004700,0,632320,196608,6438780928
17,68,11,335.898000,0.070900,150.303207,4.966800,175.103699,5.061700,0,632320,196608,6438780928
17,69,476,273.984500,0.055900,150.327499,4.967300,113.240898,4.977300,0,632320,196608,6438780928
17,70,481,322.298100,0.073500,149.197205,4.170900,163.528000,4.964800,0,632320,196608,6438780928
17,71,16,302.196300,0.053200,148.870193,4.350600,143.447693,5.026100,0,632320,196608,6438780928
17,72,421,292.202900,0.079100,148.060394,3.983800,134.731293,4.987400,0,632320,196608,6438780928
17,73,537,288.783900,0.047800,151.122604,5.108300,127.143600,4.960100,0,632320,196608,6438780928
17,74,1730,280.607600,0.080000,148.888306,4.259800,122.011497,4.978300,0,632320,196608,6438780928
17,75,382,409.742700,0.043000,152.827805,5.145300,246.293198,5.036300,0,632320,196608,6438780928
17,76,73594,314.285100,0.079500,153.104202,4.671400,150.959198,5.063900,0,632320,196608,6438780928
17,77,12669,321.773000,0.138200,152.467804,5.438600,158.141403,5.037100,0,632320,196608,6438780928
17,78,198,292.942000,0.103200,152.146500,5.146600,130.138901,5.024300,0,632320,196608,6438780928
17,79,750,272.659000,0.072900,153.634293,5.541800,107.980797,5.013400,0,632320,196608,6438780928
17,80,7868,384.925300,0.066900,155.940994,5.790700,217.756393,4.957000,0,632320,196608,6438780928
17,81,10716,270.099300,0.073000,150.063004,4.014500,110.610703,4.985700,0,632320,196608,6438780928
17,82,44386,256.927200,0.056800,150.074799,3.857100,97.586800,4.956000,0,632320,196608,6438780928
17,83,2019,267.563000,0.080500,151.411697,4.083900,106.639702,4.964900,0,632320,196608,6438780928
17,84,11,336.311900,0.067000,150.071701,3.876400,176.992294,4.954800,0,632320,196608,6438780928
17,85,2169,309.449600,0.061300,158.853806,13.339500,131.740997,4.990000,0,632320,196608,6438780928
17,86,982,376.048700,0.056300,154.991501,4.965500,210.649094,4.984900,0,632320,196608,6438780928
17,87,262,299.827800,0.073300,151.950806,4.525900,137.927597,4.982100,0,632320,196608,6438780928
17,88,2115,354.430000,0.068800,154.606903,5.072500,189.286606,5.004600,0,632320,196608,6438780928
17,89,284,361.485000,0.075800,157.081802,5.611700,193.246796,5.024500,0,632320,196608,6438780928
17,90,220,417.733600,0.075300,156.826599,5.282900,250.086197,4.984300,0,632320,196608,6438780928
17,91,15,408.362000,0.160300,153.762100,4.631200,244.485504,4.952500,0,632320,196608,6438780928
17,92,198,375.846700,0.047900,151.131393,4.154900,215.113998,5.000800,0,632320,196608,6438780928
17,93,262,351.023700,0.049200,152.113693,4.035600,189.444107,5.006300,0,632320,196608,6438780928
17,94,1290,368.959200,0.075200,151.776794,4.023400,207.701706,5.016700,0,632320,196608,6438780928
17,95,284,394.195500,0.059700,155.395905,5.012000,228.317001,4.984700,0,632320,196608,6438780928
17,96,2422,359.287600,0.158900,156.650803,4.822700,192.223907,4.996700,0,632320,196608,6438780928
17,97,44386,372.631500,0.094300,155.105194,4.351500,207.608093,5.067200,0,632320,196608,6438780928
17,98,2019,412.242800,0.084000,160.520096,5.929400,240.110596,5.057800,0,632320,196608,6438780928
17,99,8,380.553000,0.127800,157.314102,4.849100,212.691193,5.105600,0,632320,196608,6438780928
17,100,481,368.191700,0.087100,157.175201,4.830800,200.724701,5.027400,0,632320,196608,6438780928
17,101,220,387.840500,0.048500,152.530807,3.804600,226.102997,4.980700,0,632320,196608,6438780928
17,102,16,399.633500,0.049200,154.422302,3.960400,235.773804,5.005000,0,632320,196608,6438780928
17,103,198,354.189000,0.089800,149.718506,3.861700,195.156006,4.963800,0,632320,196608,6438780928
17,104,262,332.198100,0.061200,155.059204,4.269900,167.389801,5.010700,0,632320,196608,6438780928
18,0,65354,429.936900,4.001900,136.561096,4.460200,279.468292,4.999900,0,632320,196608,6438780928
18,1,448,333.581600,0.080200,133.809204,4.254600,190.058105,4.988800,0,632320,196608,6438780928
18,2,1172,247.926100,0.069900,136.205505,4.549100,101.384697,5.094900,0,632320,196608,6438780928
18,3,264,269.668700,0.079700,136.198105,5.078900,122.662498,5.158000,0,632320,196608,6438780928
18,4,3175,251.735400,0.128400,137.500702,5.035700,103.659798,5.005800,0,632320,196608,6438780928
18,5,13027,285.085400,0.076900,137.727798,5.157500,136.762207,4.962800,0,632320,196608,6438780928
18,6,50494,266.753000,0.059800,139.075500,5.914400,116.252800,5.014900,0,632320,196608,6438780928
18,7,2038,217.356700,0.072600,133.197601,4.216700,74.532303,4.977600,0,632320,196608,6438780928
18,8,2504,227.811200,0.079700,133.124893,3.881800,85.307602,5.024500,0,632320,196608,6438780928
18,9,8482,237.827500,0.065100,134.690002,4.342400,93.260498,5.112900,0,632320,196608,6438780928
18,10,264,228.446400,0.098100,133.552597,4.679700,84.783096,4.984800,0,632320,196608,6438780928
18,11,729,194.698800,0.048700,133.684998,4.117700,51.277901,5.035600,0,632320,196608,6438780928
18,12,429,233.454300,0.075800,134.309296,4.297900,89.362900,4.999000,0,632320,196608,6438780928
18,13,5169,239.166500,0.079500,136.279099,5.096000,92.281998,5.050900,0,632320,196608,6438780928
18,14,10880,322.322600,0.079600,136.452698,5.246700,175.090805,5.034600,0,632320,196608,6438780928
18,15,3378,251.516400,0.070500,134.839203,4.355400,106.855003,5.019300,0,632320,196608,6438780928
18,16,389,267.130300,0.060800,139.344894,4.775500,117.429298,5.082500,0,632320,196608,6438780928
18,17,264,252.288900,0.105100,138.852097,4.897700,103.020103,5.002800,0,632320,196608,6438780928
18,18,1140,229.831700,0.078400,140.846893,5.017500,78.501801,4.987800,0,632320,196608,6438780928
18,19,315,218.408200,0.048300,140.007797,5.305900,67.565598,5.048100,0,632320,196608,6438780928
18,20,25780,249.364200,0.083600,145.235992,6.893700,91.561897,5.136900,0,632320,196608,6438780928
18,21,13,345.561400,0.129000,136.193497,3.896100,200.030807,4.971400,0,632320,196608,6438780928
18,22,3155,273.752700,0.040100,137.253494,3.835400,127.276802,4.964600,0,632320,196608,6438780928
18,23,537,234.761300,0.068800,136.743195,4.034600,88.588600,4.955400,0,632320,196608,6438780928
18,24,2924,226.560100,0.057100,137.679398,4.328700,79.194000,4.935700,0,632320,196608,6438780928
18,25,894,236.479200,0.051500,138.152695,4.683300,88.120201,5.004300,0,632320,196608,6438780928
18,26,1467,266.005700,0.077400,137.528107,4.534000,118.441299,5.036800,0,632320,196608,6438780928
18,27,1573,258.300700,0.064200,140.131195,5.396000,107.259697,5.071600,0,632320,196608,6438780928
18,28,476,278.683500,0.061700,139.188599,4.864500,129.222702,4.971900,0,632320,196608,6438780928
18,29,1283,212.232100,0.058700,137.143494,4.678600,64.967102,4.999200,0,632320,196608,6438780928
18,30,279,236.120500,0.072100,140.624496,4.745600,85.300797,4.993800,0,632320,196608,6438780928
18,31,2038,276.385600,0.058200,139.945908,5.387600,125.551804,5.005200,0,632320,196608,6438780928
18,32,2504,250.171000,0.072300,146.081100,5.419800,93.058296,5.053100,0,632320,196608,6438780928
18,33,13,377.806500,0.090200,147.884201,5.493200,218.874603,5.059000,0,632320,196608,6438780928
18,34,3155,314.494900,0.074900,142.980804,4.595200,161.535599,4.942900,0,632320,196608,6438780928
18,35,537,250.003200,0.061800,141.661102,3.948400,98.762802,5.084800,0,632320,196608,6438780928
18,36,2924,245.074300,0.077100,142.686096,4.502500,92.440598,5.022100,0,632320,196608,6438780928
18,37,6042,262.310300,0.036800,142.297501,3.959800,110.621803,5.026500,0,632320,196608,6438780928
18,38,4766,274.032700,0.060900,143.148193,4.046900,121.467201,4.955800,0,632320,196608,6438780928
18,39,279,251.562200,0.083100,144.196503,4.212200,97.697899,4.994300,0,632320,196608,6438780928
18,40,2038,250.212700,0.075800,145.358398,4.199100,95.186096,4.992800,0,632320,196608,6438780928
18,41,13,377.538100,0.073000,146.602097,5.031100,220.477203,4.979300,0,632320,196608,6438780928
18,42,3155,309.673800,0.062600,143.733704,4.484600,156.052002,4.957900,0,632320,196608,6438780928
18,43,537,278.729600,0.064700,143.457001,4.739600,125.104103,4.968200,0,632320,196608,6438780928
18,44,990,252.562200,0.053300,146.194595,5.312500,95.596298,4.967000,0,632320,196608,6438780928
18,45,894,248.177000,0.074100,146.708298,5.588300,90.316704,5.029500,0,632320,196608,6438780928
18,46,5798,310.060300,0.135900,147.288498,6.005200,151.111496,5.054700,0,632320,196608,6438780928
18,47,3419,251.281500,0.106500,142.313797,4.583900,98.985397,4.924800,0,632320,196608,6438780928
18,48,5746,247.128300,0.039000,143.991898,4.164600,93.549797,4.979800,0,632320,196608,6438780928
18,49,3650,270.348000,0.076500,145.774902,4.140300,114.974800,5.008700,0,632320,196608,6438780928
18,50,369,233.413900,0.100800,145.493301,3.884600,78.623901,4.931100,0,632320,196608,6438780928
18,51,279,229.795700,0.049500,144.900894,4.079700,75.370102,4.983300,0,632320,196608,6438780928
18,52,6174,254.947300,0.064200,145.588196,4.221700,99.685402,5.011600,0,632320,196608,6438780928
18,53,5871,270.725200,0.065800,149.540405,4.909000,110.759598,5.037500,0,632320,196608,6438780928
18,54,369,228.790800,0.160900,153.144196,6.494500,63.506699,5.061900,0,632320,196608,6438780928
18,55,279,237.714800,0.091000,147.573196,4.754900,79.950302,4.971400,0,632320,196608,6438780928
18,56,12111,277.531000,0.081500,149.938995,4.977800,117.138603,4.994400,0,632320,196608,6438780928
18,57,13,376.937800,0.061100,149.453003,5.338900,216.638107,5.035700,0,632320,196608,6438780928
18,58,576,300.260200,0.077600,147.743698,5.204500,141.806793,5.021400,0,632320,196608,6438780928
18,59,729,248.618200,0.083000,151.765594,6.458700,84.859802,5.048900,0,632320,196608,6438780928
18,60,1265,260.861900,0.068300,148.241302,4.884000,102.365196,4.927300,0,632320,196608,6438780928
18,61,387,250.952200,0.045900,143.984100,3.967700,97.633698,4.956000,0,632320,196608,6438780928
18,62,6941,266.383000,0.053600,147.131699,4.354200,109.400902,5.010600,0,632320,196608,6438780928
18,63,1565,297.685900,0.098900,150.640701,4.892300,136.637894,5.036200,0,632320,196608,6438780928
18,64,19052,336.818500,0.098000,150.061295,4.521000,176.725601,5.032500,0,632320,196608,6438780928
18,65,18435,262.810200,0.058000,151.996704,5.101800,100.189301,5.047200,0,632320,196608,6438780928
18,66,28587,374.210000,0.080700,154.390594,5.664700,208.675705,4.989000,0,632320,196608,6438780928
18,67,576,301.787300,0.079800,149.825607,4.886200,141.666504,4.955000,0,632320,196608,6438780928
18,68,729,266.784400,0.046700,151.171097,5.169800,104.949203,5.048800,0,632320,196608,6438780928
18,69,1265,259.659600,0.072000,152.255707,5.451800,96.426399,5.032600,0,632320,196608,6438780928
18,70,1896,289.972400,0.077400,153.604904,5.465900,125.377098,5.011600,0,632320,196608,6438780928
18,71,264,296.064600,0.068400,153.932999,5.968500,130.503906,5.085900,0,632320,196608,6438780928
18,72,3175,273.008200,0.130500,153.691193,5.552400,108.257500,4.981900,0,632320,196608,6438780928
18,73,5733,246.984700,0.074100,150.579895,5.097300,85.873398,5.007100,0,632320,196608,6438780928
18,74,11,325.200600,0.060000,150.219498,4.141600,165.283600,5.004900,0,632320,196608,6438780928
18,75,1565,321.258200,0.075800,151.319504,4.461700,160.047699,4.964600,0,632320,196608,6438780928
18,76,1118,342.259200,0.068500,148.949005,4.945000,182.934906,4.960900,0,632320,196608,6438780928
18,77,7808,312.855200,0.051900,150.744293,4.315500,152.245697,5.032800,0,632320,196608,6438780928
18,78,892,300.653100,0.075400,153.716995,5.481700,135.731903,5.063600,0,632320,196608,6438780928
18,79,374,256.438200,0.079300,154.390198,5.695300,90.859703,4.991600,0,632320,196608,6438780928
18,80,264,266.144200,0.066100,153.121506,4.810100,102.741699,5.014700,0,632320,196608,6438780928
18,81,1140,275.162700,0.267400,154.833206,5.326200,109.311203,5.001600,0,632320,196608,6438780928
18,82,315,266.269000,0.071300,154.671906,5.297600,100.811401,4.998200,0,632320,196608,6438780928
18,83,25780,260.388600,0.080000,154.916107,5.780300,94.227501,4.982800,0,632320,196608,6438780928
18,84,13,404.692800,0.071900,156.640503,6.338400,235.970398,5.047100,0,632320,196608,6438780928
18,85,576,314.256600,0.088600,153.175797,5.196000,150.449600,4.952000,0,632320,196608,6438780928
18,86,729,262.406600,0.051600,151.240494,4.176000,101.615501,4.953500,0,632320,196608,6438780928
18,87,1265,248.606100,0.060100,153.421204,4.671500,85.013199,5.054700,0,632320,196608,6438780928
18,88,470,267.321100,0.073200,152.729095,4.544500,104.577698,5.004200,0,632320,196608,6438780928
18,89,264,282.981800,0.054700,152.403595,4.674700,120.327797,5.019900,0,632320,196608,6438780928
18,90,501,248.129000,0.074400,152.173492,4.700100,85.797600,4.995600,0,632320,196608,6438780928
18,91,1140,276.649700,0.043000,156.761902,6.162700,108.303398,4.996300,0,632320,196608,6438780928
18,92,429,273.349700,0.073800,156.090302,6.335800,105.287102,4.964400,0,632320,196608,6438780928
18,93,374,254.289300,0.127100,152.972702,5.065900,90.671204,5.047500,0,632320,196608,6438780928
18,94,264,237.878400,0.078000,154.945206,5.476900,71.922203,4.995200,0,632320,196608,6438780928
18,95,10615,291.968600,0.081000,154.003296,5.903400,126.544601,4.995200,0,632320,196608,6438780928
18,96,2319,313.580500,0.095700,158.257294,5.884800,143.917099,5.011200,0,632320,196608,6438780928
18,97,315,307.216100,0.078000,158.940399,6.728900,135.965103,5.070700,0,632320,196608,6438780928
18,98,279,308.090300,0.079200,152.753998,4.320600,145.476807,5.049100,0,632320,196608,6438780928
18,99,1946,272.627300,0.058200,152.288605,4.110100,110.773201,5.021000,0,632320,196608,6438780928
18,100,1140,272.766500,0.051300,153.303299,4.662600,109.407402,4.957400,0,632320,196608,6438780928
18,101,13,394.822300,0.070700,155.428497,4.767000,229.137299,5.048900,0,632320,196608,6438780928
18,102,576,312.842500,0.090700,153.248703,4.568400,149.493393,5.023500,0,632320,196608,6438780928
18,103,729,272.969800,0.079700,156.760605,5.720400,104.930901,5.007300,0,632320,196608,6438780928
18,104,1265,261.023300,0.067100,157.997803,5.947600,91.617599,4.991800,0,632320,196608,6438780928
18,105,537,237.749000,0.077200,154.715500,5.031800,72.487099,5.001400,0,632320,196608,6438780928
19,0,65354,432.168700,3.940900,136.751099,5.202300,280.826904,5.032800,0,632320,196608,6438780928
19,1,448,333.660700,0.079100,136.552704,4.947900,186.714401,5.000500,0,632320,196608,6438780928
19,2,1172,230.317100,0.049100,131.606293,3.740500,89.551003,4.967900,0,632320,196608,6438780928
19,3,264,259.458500,0.077300,133.493301,3.835700,116.705002,4.975800,0,632320,196608,6438780928
19,4,3175,237.572900,0.072500,132.562103,4.005900,95.552200,5.007100,0,632320,196608,6438780928
19,5,13027,280.977800,0.053400,134.109497,4.211900,137.252106,4.968900,0,632320,196608,6438780928
19,6,50494,248.158300,0.054000,133.592804,4.155700,104.864098,5.054700,0,632320,196608,6438780928
19,7,2038,226.761900,0.084100,135.447296,5.630300,80.202103,5.003400,0,632320,196608,6438780928
19,8,2504,240.024000,0.087500,136.378006,5.779500,92.378899,4.993600,0,632320,196608,6438780928
19,9,8482,249.753900,0.059500,136.896393,5.890100,101.522301,4.981100,0,632320,196608,6438780928
19,10,264,235.907800,0.077400,135.480606,5.514900,89.473396,4.982900,0,632320,196608,6438780928
19,11,729,198.846900,0.073500,135.302094,5.420400,52.493599,5.031300,0,632320,196608,6438780928
19,12,429,239.996900,0.107400,135.423203,5.231800,93.771400,5.050900,0,632320,196608,6438780928
19,13,5169,241.859900,0.060700,137.182999,5.336200,93.841202,5.031700,0,632320,196608,6438780928
19,14,23611,351.704700,0.075200,135.910797,5.422400,204.832397,5.031300,0,632320,196608,6438780928
19,15,3378,264.908100,0.077000,137.446899,5.812700,116.221001,4.957100,0,632320,196608,6438780928
19,16,389,264.568600,0.065800,139.513794,4.775000,114.869400,4.978800,0,632320,196608,6438780928
19,17,264,240.202400,0.048500,135.391403,3.956400,95.430199,5.004900,0,632320,196608,6438780928
19,18,1140,215.711200,0.065000,136.382599,4.299000,69.525597,5.004500,0,632320,196608,6438780928
19,19,13,384.859200,0.062700,138.186493,4.558300,236.558395,5.075000,0,632320,196608,6438780928
19,20,3155,269.449900,0.057000,136.837906,4.103500,123.081596,4.983300,0,632320,196608,6438780928
19,21,537,242.517900,0.049900,138.083496,4.806700,94.156197,5.048300,0,632320,196608,6438780928
19,22,2924,233.390400,0.070900,139.407303,5.134600,83.291801,5.021400,0,632320,196608,6438780928
19,23,894,250.931600,0.091400,140.801895,5.785800,98.809700,5.040500,0,632320,196608,6438780928
19,24,1467,269.616100,0.078500,138.018600,4.455900,121.632401,4.995100,0,632320,196608,6438780928
19,25,1573,265.913900,0.069800,137.906998,4.467100,118.116203,4.984400,0,632320,196608,6438780928
19,26,476,277.188500,0.072800,140.701904,4.933200,126.113297,4.979600,0,632320,196608,6438780928
19,27,1283,225.355900,0.077100,140.491699,5.411700,73.918098,5.012100,0,632320,196608,6438780928
19,28,279,247.646200,0.061400,142.350204,5.438600,94.360802,5.014700,0,632320,196608,6438780928
19,29,2038,292.587300,0.085500,142.735703,5.784700,138.461700,4.960500,0,632320,196608,6438780928
19,30,2504,233.026700,0.093800,137.001404,4.162800,86.441101,4.958600,0,632320,196608,6438780928
19,31,13,337.961900,0.069800,135.689606,3.708900,193.106293,5.015800,0,632320,196608,6438780928
19,32,3155,312.204000,0.065200,142.506805,4.414200,159.846405,5.015800,0,632320,196608,6438780928
19,33,537,242.703700,0.065700,141.546494,4.015400,91.778603,4.952900,0,632320,196608,6438780928
19,34,2924,248.896900,0.057700,143.334396,4.516200,95.634399,4.976200,0,632320,196608,6438780928
19,35,6042,276.551600,0.072700,144.439804,4.748200,121.847702,5.008900,0,632320,196608,6438780928
19,36,4766,296.825300,0.065000,143.679306,4.724200,142.884293,5.025500,0,632320,196608,6438780928
19,37,279,255.217900,0.133700,142.270096,4.650300,102.848000,4.965200,0,632320,196608,6438780928
19,38,2038,248.333800,0.066800,144.197998,4.959300,93.736504,5.013000,0,632320,196608,6438780928
19,39,13,369.619300,0.047200,147.712296,5.097000,211.378601,4.984200,0,632320,196608,6438780928
19,40,576,274.924000,0.060000,144.313095,5.047500,120.196602,4.939100,0,632320,196608,6438780928
19,41,729,234.865100,0.040700,143.720093,4.767400,80.911301,5.029600,0,632320,196608,6438780928
19,42,1265,264.269800,0.079700,148.013107,5.906500,104.873199,5.000800,0,632320,196608,6438780928
19,43,387,228.084100,0.078900,143.191406,4.479500,75.044701,4.938200,0,632320,196608,6438780928
19,44,6941,247.192700,0.061500,141.911697,3.684900,96.094704,5.017600,0,632320,196608,6438780928
19,45,1565,288.175400,0.069400,142.262695,4.008400,136.475403,4.997500,0,632320,196608,6438780928
19,46,77489,333.143700,0.072100,143.737305,3.984300,179.998093,4.979500,0,632320,196608,6438780928
19,47,18435,265.505000,0.064700,143.372299,4.304500,112.294403,5.070400,0,632320,196608,6438780928
19,48,63,265.273300,0.069200,146.117004,4.523800,109.098801,5.015000,0,632320,196608,6438780928
19,49,323,335.117900,0.063300,149.371307,5.441700,174.822693,5.020600,0,632320,196608,6438780928
19,50,1896,269.665500,0.055800,145.708099,4.268900,114.290497,4.973900,0,632320,196608,6438780928
19,51,264,285.874200,0.054000,144.662598,4.326900,131.477600,4.969300,0,632320,196608,6438780928
19,52,3175,270.958300,0.066400,146.613998,4.897800,113.959999,5.034700,0,632320,196608,6438780928
19,53,5733,256.113200,0.071500,149.275497,5.035400,96.361198,4.989000,0,632320,196608,6438780928
19,54,1565,355.979900,0.073200,151.914902,5.973100,192.446198,5.101800,0,632320,196608,6438780928
19,55,1118,320.626500,0.100900,145.131500,4.460400,165.576202,4.962400,0,632320,196608,6438780928
19,56,28587,333.569300,0.046200,144.518097,3.489800,180.187302,4.954600,0,632320,196608,6438780928
19,57,576,293.194000,0.045100,146.800903,3.889500,137.151093,4.946100,0,632320,196608,6438780928
19,58,729,266.158900,0.044800,145.421097,3.501300,111.846603,4.973900,0,632320,196608,6438780928
19,59,1265,241.865900,0.062300,147.298294,4.442100,84.736298,4.942000,0,632320,196608,6438780928
19,60,470,263.281100,0.041000,148.924805,5.280600,103.641502,5.009200,0,632320,196608,6438780928
19,61,279,268.709200,0.071000,153.285904,5.944800,103.922203,5.055100,0,632320,196608,6438780928
19,62,10615,297.276100,0.073700,146.625397,4.535900,140.717697,4.946700,0,632320,196608,6438780928
19,63,1140,270.857800,0.050100,150.011093,5.218500,110.109596,5.047400,0,632320,196608,6438780928
19,64,382,428.887500,0.079100,153.625000,5.364000,264.385803,5.011800,0,632320,196608,6438780928
19,65,73594,327.223000,0.055100,153.496506,5.394600,162.776901,5.058900,0,632320,196608,6438780928
19,66,12669,332.972000,0.075600,155.280197,5.979700,166.228806,5.045500,0,632320,196608,6438780928
19,67,198,259.305600,0.051800,147.202103,3.898400,102.786003,5.002000,0,632320,196608,6438780928
19,68,750,271.830200,0.067200,150.568405,4.221700,111.572304,5.014500,0,632320,196608,6438780928
19,69,23611,374.925300,0.067900,150.441101,4.113400,214.927994,4.974900,0,632320,196608,6438780928
19,70,18435,281.006400,0.113500,149.183594,4.075100,122.198799,5.020400,0,632320,196608,6438780928
19,71,10939,312.262900,0.073700,150.540298,4.397000,151.811493,5.049400,0,632320,196608,6438780928
19,72,982,377.961600,0.071900,152.514801,4.827300,215.064697,5.025700,0,632320,196608,6438780928
19,73,262,288.206400,0.081500,150.459000,4.331400,127.998001,4.962600,0,632320,196608,6438780928
19,74,308,362.622400,0.047600,151.485901,4.880500,200.843597,4.978500,0,632320,196608,6438780928
19,75,284,324.360100,0.071000,150.131897,4.214000,164.542206,5.045100,0,632320,196608,6438780928
19,76,2422,334.545100,0.070400,154.180405,5.075600,169.795105,5.019600,0,632320,196608,6438780928
19,77,10939,352.853500,0.073400,153.582108,5.136200,188.695297,4.968800,0,632320,196608,6438780928
19,78,340,370.463100,0.080600,149.110703,3.790000,212.009094,5.039500,0,632320,196608,6438780928
19,79,262,315.592000,0.091400,149.996307,3.684500,156.411407,5.022200,0,632320,196608,6438780928
19,80,369,289.652500,0.068200,152.248199,4.129900,127.864502,4.982400,0,632320,196608,6438780928
19,81,600,362.030600,0.075900,152.337906,4.507400,199.742004,4.973400,0,632320,196608,6438780928
19,82,304,378.862800,0.067200,155.237503,5.076200,213.018799,5.028900,0,632320,196608,6438780928
19,83,2088,342.728500,0.078400,153.303696,4.229700,179.738098,4.985800,0,632320,196608,6438780928
19,84,1445,344.411100,0.071900,155.302307,5.132900,178.508804,5.004000,0,632320,196608,6438780928
19,85,982,356.164800,0.080200,154.423492,5.358800,190.921600,4.975500,0,632320,196608,6438780928
19,86,286,334.690900,0.073600,157.045807,6.259300,165.775803,5.025300,0,632320,196608,6438780928
19,87,369,322.373400,0.182300,155.909302,5.569300,155.393600,4.944900,0,632320,196608,6438780928
19,88,502,328.920300,0.056200,151.355606,3.889400,168.244293,5.003300,0,632320,196608,6438780928
19,89,304,364.815800,0.066600,152.833801,4.289300,202.266800,4.996100,0,632320,196608,6438780928
19,90,2088,388.395300,0.059300,154.232193,4.648000,224.088394,5.002500,0,632320,196608,6438780928
19,91,7,358.631600,0.091800,150.708298,3.606700,198.759796,4.984600,0,632320,196608,6438780928
19,92,15,385.467500,0.067400,153.658005,3.961000,222.409195,5.011200,0,632320,196608,6438780928
19,93,11,322.033200,0.054500,150.854294,4.025900,161.727997,4.953900,0,632320,196608,6438780928
19,94,308,342.567900,0.050100,151.901993,4.185300,181.034607,4.988000,0,632320,196608,6438780928
19,95,17600,305.160000,0.051700,154.390396,4.881600,140.467300,4.978900,0,632320,196608,6438780928
19,96,12,325.045200,0.073600,156.329697,4.555600,158.724396,4.996000,0,632320,196608,6438780928
19,97,16,345.061000,0.069000,155.770401,4.666100,179.001297,5.038600,0,632320,196608,6438780928
19,98,982,387.236800,0.122900,158.050400,5.924400,217.694901,5.010300,0,632320,196608,6438780928
19,99,310,330.055600,0.099000,158.327393,5.897200,160.351303,4.987300,0,632320,196608,6438780928
19,100,421,329.518000,0.078100,156.988998,5.998100,161.039795,4.967500,0,632320,196608,6438780928
19,101,2890,337.985600,0.083500,151.645294,4.152200,176.732193,4.990500,0,632320,196608,6438780928
19,102,3809,328.656800,0.049000,153.836700,4.425700,164.903595,4.958800,0,632320,196608,6438780928
19,103,60,310.499500,0.070200,154.266403,4.965900,145.742996,5.034300,0,632320,196608,6438780928
